fecha,semana_iso,punto,producto,cantidad,precio_unitario,valor_cobrado,forma_pago,producto_receta,observaciones,fuente
2026-04-21,17,Viva Envigado,Bouquet Greenery,1,100000,100000,Transferencia,,,"hojas de punto de venta, cuenta poscdreamscanbloom (Drive)"
2026-04-21,17,Viva Envigado,Bouquet forever Dream pequeño,1,70000,70000,Datafono,,,"hojas de punto de venta, cuenta poscdreamscanbloom (Drive)"
2026-04-21,17,Viva Envigado,Bouquet forever Dream pequeño,1,70000,70000,Transferencia,,,"hojas de punto de venta, cuenta poscdreamscanbloom (Drive)"
2026-04-21,17,Viva Envigado,Bouquet forever Dream pequeño,1,70000,70000,Datafono,,,"hojas de punto de venta, cuenta poscdreamscanbloom (Drive)"
2026-04-21,17,Viva Envigado,Bouquet forever Dream pequeño,1,70000,70000,Datafono,,,"hojas de punto de venta, cuenta poscdreamscanbloom (Drive)"
2026-04-21,17,Viva Envigado,Cosecha Grande,1,125000,125000,Transferencia,Cosecha Grande,,"hojas de punto de venta, cuenta poscdreamscanbloom (Drive)"
2026-04-21,17,Viva Envigado,Dianthus coral,1,45000,40500,Efectivo,,,"hojas de punto de venta, cuenta poscdreamscanbloom (Drive)"
2026-04-21,17,Viva Envigado,Dianthus coral,1,45000,40500,Efectivo,,,"hojas de punto de venta, cuenta poscdreamscanbloom (Drive)"
2026-04-21,17,Viva Envigado,Green ball,1,40000,40000,Efectivo,Green ball (paquete),,"hojas de punto de venta, cuenta poscdreamscanbloom (Drive)"
2026-04-21,17,Viva Envigado,Green ball y mini green,1,40000,40000,Transferencia,,,"hojas de punto de venta, cuenta poscdreamscanbloom (Drive)"
2026-04-21,17,Viva Envigado,Green ball y mini green,1,40000,40000,Transferencia,,,"hojas de punto de venta, cuenta poscdreamscanbloom (Drive)"
2026-04-22,17,Viva Envigado,Bocas de dragon,1,50000,50000,Transferencia,Bocas de dragón (paquete),,"hojas de punto de venta, cuenta poscdreamscanbloom (Drive)"
2026-04-22,17,Viva Envigado,Bocas de dragon,1,50000,50000,Datafono,Bocas de dragón (paquete),,"hojas de punto de venta, cuenta poscdreamscanbloom (Drive)"
2026-04-22,17,Viva Envigado,Bocas de dragon,1,50000,50000,Datafono,Bocas de dragón (paquete),,"hojas de punto de venta, cuenta poscdreamscanbloom (Drive)"
2026-04-22,17,Viva Envigado,Bouquet Greenery,1,100000,100000,Efectivo,,,"hojas de punto de venta, cuenta poscdreamscanbloom (Drive)"
2026-04-22,17,Viva Envigado,Bouquet Greenery,1,100000,85000,Datafono,,,"hojas de punto de venta, cuenta poscdreamscanbloom (Drive)"
2026-04-22,17,Viva Envigado,Bouquet forever Dream mediano,1,100000,100000,Datafono,,,"hojas de punto de venta, cuenta poscdreamscanbloom (Drive)"
2026-04-22,17,Viva Envigado,Cosecha Grande,1,125000,125000,Efectivo,Cosecha Grande,,"hojas de punto de venta, cuenta poscdreamscanbloom (Drive)"
2026-04-22,17,Viva Envigado,Cosecha Pequeño,1,105000,105000,Datafono,Cosecha Pequeño,,"hojas de punto de venta, cuenta poscdreamscanbloom (Drive)"
2026-04-22,17,Viva Envigado,Dianthus mini green,1,85000,85000,Efectivo,,Se vendió fue un Dianthus con Green ball en 60.000,"hojas de punto de venta, cuenta poscdreamscanbloom (Drive)"
2026-04-22,17,Viva Envigado,Nigellas,2,40000,80000,Datafono,,,"hojas de punto de venta, cuenta poscdreamscanbloom (Drive)"
2026-04-22,17,Viva Envigado,Nigellas,1,40000,34000,Efectivo,,Se le da descuento ya que se le cayeron varias flores y estaban algo caídas,"hojas de punto de venta, cuenta poscdreamscanbloom (Drive)"
2026-04-23,17,Viva Envigado,Bouquet forever Dream grande,1,115000,115000,Transferencia,,,"hojas de punto de venta, cuenta poscdreamscanbloom (Drive)"
2026-04-23,17,Viva Envigado,Bouquet forever Dream pequeño,1,70000,70000,Efectivo,,,"hojas de punto de venta, cuenta poscdreamscanbloom (Drive)"
2026-04-23,17,Viva Envigado,Cosecha Grande,1,115000,115000,Efectivo,Cosecha Grande,,"hojas de punto de venta, cuenta poscdreamscanbloom (Drive)"
2026-04-23,17,Viva Envigado,Cosecha Grande,1,115000,115000,Datafono,Cosecha Grande,,"hojas de punto de venta, cuenta poscdreamscanbloom (Drive)"
2026-04-23,17,Viva Envigado,Cosecha Grande,1,115000,115000,Datafono,Cosecha Grande,,"hojas de punto de venta, cuenta poscdreamscanbloom (Drive)"
2026-04-23,17,Viva Envigado,Cosecha Grande,1,125000,100000,Datafono,Cosecha Grande,,"hojas de punto de venta, cuenta poscdreamscanbloom (Drive)"
2026-04-23,17,Viva Envigado,Cosecha Pequeño,1,105000,85000,Datafono,Cosecha Pequeño,,"hojas de punto de venta, cuenta poscdreamscanbloom (Drive)"
2026-04-23,17,Viva Envigado,Cosecha Pequeño,1,105000,85000,Transferencia,Cosecha Pequeño,,"hojas de punto de venta, cuenta poscdreamscanbloom (Drive)"
2026-04-23,17,Viva Envigado,Dianthus coral,1,45000,40000,Datafono,,,"hojas de punto de venta, cuenta poscdreamscanbloom (Drive)"
2026-04-23,17,Viva Envigado,Dianthus coral,1,45000,45000,Datafono,,,"hojas de punto de venta, cuenta poscdreamscanbloom (Drive)"
2026-04-23,17,Viva Envigado,Dianthus coral,1,45000,45000,Transferencia,,,"hojas de punto de venta, cuenta poscdreamscanbloom (Drive)"
2026-04-23,17,Viva Envigado,Dianthus coral,1,45000,45000,Transferencia,,,"hojas de punto de venta, cuenta poscdreamscanbloom (Drive)"
2026-04-23,17,Viva Envigado,Dianthus coral,1,60000,60000,Transferencia,,,"hojas de punto de venta, cuenta poscdreamscanbloom (Drive)"
2026-04-23,17,Viva Envigado,Green ball y mini green,1,40000,40000,Transferencia,,,"hojas de punto de venta, cuenta poscdreamscanbloom (Drive)"
2026-04-23,17,Viva Envigado,Green ball y mini green,1,40000,40000,Transferencia,,,"hojas de punto de venta, cuenta poscdreamscanbloom (Drive)"
2026-04-24,17,Viva Envigado,Bocas de dragon,2,50000,100000,Datafono,Bocas de dragón (paquete),,"hojas de punto de venta, cuenta poscdreamscanbloom (Drive)"
2026-04-24,17,Viva Envigado,Bouquet forever Dream pequeño,1,70000,70000,Transferencia,,,"hojas de punto de venta, cuenta poscdreamscanbloom (Drive)"
2026-04-24,17,Viva Envigado,Bouquet forever Dream pequeño,1,70000,70000,Datafono,,,"hojas de punto de venta, cuenta poscdreamscanbloom (Drive)"
2026-04-24,17,Viva Envigado,Bouquet petit,1,85000,85000,Datafono,,,"hojas de punto de venta, cuenta poscdreamscanbloom (Drive)"
2026-04-24,17,Viva Envigado,Bouquet petit,1,85000,85000,Transferencia,,,"hojas de punto de venta, cuenta poscdreamscanbloom (Drive)"
2026-04-24,17,Viva Envigado,Cosecha Pequeño,1,105000,100000,Transferencia,Cosecha Pequeño,,"hojas de punto de venta, cuenta poscdreamscanbloom (Drive)"
2026-04-24,17,Viva Envigado,Cosecha Pequeño,1,105000,105000,Datafono,Cosecha Pequeño,,"hojas de punto de venta, cuenta poscdreamscanbloom (Drive)"
2026-04-24,17,Viva Envigado,Edicion Especial Lisianthus,1,95000,95000,Datafono,Edicion Especial Lisianthus,,"hojas de punto de venta, cuenta poscdreamscanbloom (Drive)"
2026-04-24,17,Viva Envigado,Edicion Especial Lisianthus,1,95000,95000,Efectivo,Edicion Especial Lisianthus,,"hojas de punto de venta, cuenta poscdreamscanbloom (Drive)"
2026-04-24,17,Viva Envigado,Green ball y mini green,1,40000,40000,Transferencia,,,"hojas de punto de venta, cuenta poscdreamscanbloom (Drive)"
2026-04-25,17,Viva Envigado,Bocas de dragon,1,50000,50000,Transferencia,Bocas de dragón (paquete),,"hojas de punto de venta, cuenta poscdreamscanbloom (Drive)"
2026-04-25,17,Viva Envigado,Bocas de dragon,1,50000,50000,Datafono,Bocas de dragón (paquete),,"hojas de punto de venta, cuenta poscdreamscanbloom (Drive)"
2026-04-25,17,Viva Envigado,Bocas de dragon,1,50000,50000,Transferencia,Bocas de dragón (paquete),,"hojas de punto de venta, cuenta poscdreamscanbloom (Drive)"
2026-04-25,17,Viva Envigado,Bouquet Greenery,1,100000,95000,Transferencia,,,"hojas de punto de venta, cuenta poscdreamscanbloom (Drive)"
2026-04-25,17,Viva Envigado,Bouquet petit,1,85000,85000,Transferencia,,,"hojas de punto de venta, cuenta poscdreamscanbloom (Drive)"
2026-04-25,17,Viva Envigado,Cosecha Grande,1,125000,125000,Transferencia,Cosecha Grande,,"hojas de punto de venta, cuenta poscdreamscanbloom (Drive)"
2026-04-25,17,Viva Envigado,Edicion Especial Lisianthus,1,95000,95000,Transferencia,Edicion Especial Lisianthus,,"hojas de punto de venta, cuenta poscdreamscanbloom (Drive)"
2026-04-25,17,Viva Envigado,Edicion Especial Lisianthus,1,95000,95000,Transferencia,Edicion Especial Lisianthus,,"hojas de punto de venta, cuenta poscdreamscanbloom (Drive)"
2026-04-26,17,Viva Envigado,Bocas de dragon,1,50000,0,Salida por daño,Bocas de dragón (paquete),,"hojas de punto de venta, cuenta poscdreamscanbloom (Drive)"
2026-04-26,17,Viva Envigado,Bouquet Greenery,1,100000,0,Salida por daño,,,"hojas de punto de venta, cuenta poscdreamscanbloom (Drive)"
2026-04-26,17,Viva Envigado,Bouquet forever Dream pequeño,1,70000,70000,Datafono,,,"hojas de punto de venta, cuenta poscdreamscanbloom (Drive)"
2026-04-26,17,Viva Envigado,Bouquet petit,1,65000,65000,Datafono,,Se le cobra el petit 1 85.000,"hojas de punto de venta, cuenta poscdreamscanbloom (Drive)"
2026-04-26,17,Viva Envigado,Cosecha Grande,1,125000,125000,Transferencia,Cosecha Grande,,"hojas de punto de venta, cuenta poscdreamscanbloom (Drive)"
2026-04-26,17,Viva Envigado,Cosecha Grande,1,125000,125000,Datafono,Cosecha Grande,,"hojas de punto de venta, cuenta poscdreamscanbloom (Drive)"
2026-04-26,17,Viva Envigado,Cosecha Pequeño,1,105000,105000,Efectivo,Cosecha Pequeño,,"hojas de punto de venta, cuenta poscdreamscanbloom (Drive)"
2026-04-26,17,Viva Envigado,Cosecha Pequeño,1,105000,0,Salida por daño,Cosecha Pequeño,,"hojas de punto de venta, cuenta poscdreamscanbloom (Drive)"
2026-04-26,17,Viva Envigado,Cosecha Pequeño,1,105000,105000,Transferencia,Cosecha Pequeño,,"hojas de punto de venta, cuenta poscdreamscanbloom (Drive)"
2026-04-26,17,Viva Envigado,Dianthus mini green,1,85000,0,Salida por daño,,Dianthus con Celosias de 70.000,"hojas de punto de venta, cuenta poscdreamscanbloom (Drive)"
2026-04-26,17,Viva Envigado,Green ball,1,40000,40000,Datafono,Green ball (paquete),,"hojas de punto de venta, cuenta poscdreamscanbloom (Drive)"
2026-04-26,17,Viva Envigado,Zinnias,1,50000,50000,Efectivo,,Se vendió 1 Dianthus con Green ball en 60.000,"hojas de punto de venta, cuenta poscdreamscanbloom (Drive)"
2026-04-27,18,Viva Envigado,Bouquet petit,1,65000,65000,Datafono,,,"hojas de punto de venta, cuenta poscdreamscanbloom (Drive)"
2026-04-27,18,Viva Envigado,Cosecha Grande,1,100000,100000,Transferencia,Cosecha Grande,,"hojas de punto de venta, cuenta poscdreamscanbloom (Drive)"
2026-04-27,18,Viva Envigado,Cosecha Pequeño,1,70000,70000,Efectivo,Cosecha Pequeño,,"hojas de punto de venta, cuenta poscdreamscanbloom (Drive)"
2026-04-28,18,Viva Envigado,Bocas de dragon,1,50000,50000,Transferencia,Bocas de dragón (paquete),,"hojas de punto de venta, cuenta poscdreamscanbloom (Drive)"
2026-04-28,18,Viva Envigado,Bocas de dragon,1,50000,50000,Datafono,Bocas de dragón (paquete),,"hojas de punto de venta, cuenta poscdreamscanbloom (Drive)"
2026-04-28,18,Viva Envigado,Bouquet Greenery,1,100000,95000,Transferencia,,,"hojas de punto de venta, cuenta poscdreamscanbloom (Drive)"
2026-04-28,18,Viva Envigado,Bouquet forever Dream mediano,1,100000,85000,Efectivo,,,"hojas de punto de venta, cuenta poscdreamscanbloom (Drive)"
2026-04-28,18,Viva Envigado,Bouquet forever Dream pequeño,1,70000,50000,Efectivo,,,"hojas de punto de venta, cuenta poscdreamscanbloom (Drive)"
2026-04-28,18,Viva Envigado,Bouquet forever Dream pequeño,1,70000,70000,Transferencia,,,"hojas de punto de venta, cuenta poscdreamscanbloom (Drive)"
2026-04-28,18,Viva Envigado,Dianthus coral,1,45000,45000,Transferencia,,,"hojas de punto de venta, cuenta poscdreamscanbloom (Drive)"
2026-04-28,18,Viva Envigado,Dianthus mini green,1,60000,55000,Efectivo,,,"hojas de punto de venta, cuenta poscdreamscanbloom (Drive)"
2026-04-28,18,Viva Envigado,Edicion Especial Lisianthus,1,95000,95000,Transferencia,Edicion Especial Lisianthus,,"hojas de punto de venta, cuenta poscdreamscanbloom (Drive)"
2026-04-28,18,Viva Envigado,Green ball y mini green,1,40000,40000,Transferencia,,,"hojas de punto de venta, cuenta poscdreamscanbloom (Drive)"
2026-04-29,18,Viva Envigado,Bocas de dragon,1,50000,50000,Transferencia,Bocas de dragón (paquete),,"hojas de punto de venta, cuenta poscdreamscanbloom (Drive)"
2026-04-29,18,Viva Envigado,Bocas de dragon,1,50000,0,Online,Bocas de dragón (paquete),,"hojas de punto de venta, cuenta poscdreamscanbloom (Drive)"
2026-04-29,18,Viva Envigado,Bocas de dragon,1,50000,0,Online,Bocas de dragón (paquete),,"hojas de punto de venta, cuenta poscdreamscanbloom (Drive)"
2026-04-29,18,Viva Envigado,Bocas de dragon,1,50000,50000,Datafono,Bocas de dragón (paquete),,"hojas de punto de venta, cuenta poscdreamscanbloom (Drive)"
2026-04-29,18,Viva Envigado,Celosias baby con follaje,1,75000,0,Online,,Celosias Dreams de 70.000,"hojas de punto de venta, cuenta poscdreamscanbloom (Drive)"
2026-04-29,18,Viva Envigado,Celosias baby con follaje,1,75000,75000,Transferencia,,Se vende 1 Celosias Dreams en 75.000,"hojas de punto de venta, cuenta poscdreamscanbloom (Drive)"
2026-04-29,18,Viva Envigado,Cosecha Grande,1,125000,125000,Efectivo,Cosecha Grande,Cliente pagó 100 en efectivo y 25 transferencia,"hojas de punto de venta, cuenta poscdreamscanbloom (Drive)"
2026-04-29,18,Viva Envigado,Cosecha Grande,1,125000,125000,Transferencia,Cosecha Grande,Cliente para 100 de la cosecha ya que vio el catálogo con ese precio,"hojas de punto de venta, cuenta poscdreamscanbloom (Drive)"
2026-04-29,18,Viva Envigado,Cosecha Grande,1,125000,125000,Efectivo,Cosecha Grande,,"hojas de punto de venta, cuenta poscdreamscanbloom (Drive)"
2026-04-29,18,Viva Envigado,Cosecha Pequeño,1,105000,105000,Transferencia,Cosecha Pequeño,,"hojas de punto de venta, cuenta poscdreamscanbloom (Drive)"
2026-04-29,18,Viva Envigado,Green ball,1,40000,0,Online,Green ball (paquete),,"hojas de punto de venta, cuenta poscdreamscanbloom (Drive)"
2026-04-29,18,Viva Envigado,Nigellas,1,40000,0,Online,,,"hojas de punto de venta, cuenta poscdreamscanbloom (Drive)"
2026-04-29,18,Viva Envigado,Nigellas,1,40000,40000,Efectivo,,,"hojas de punto de venta, cuenta poscdreamscanbloom (Drive)"
2026-04-29,18,Viva Envigado,Zinnias,1,50000,50000,Efectivo,,Se vende Dianthus con Green ball en 60.000,"hojas de punto de venta, cuenta poscdreamscanbloom (Drive)"
2026-04-29,18,Viva Envigado,Zinnias,1,50000,50000,Transferencia,,Se vende 1 Amaranto cascada en 55.000,"hojas de punto de venta, cuenta poscdreamscanbloom (Drive)"
2026-04-30,18,Viva Envigado,Bocas de dragon,1,50000,50000,Transferencia,Bocas de dragón (paquete),,"hojas de punto de venta, cuenta poscdreamscanbloom (Drive)"
2026-04-30,18,Viva Envigado,Cosecha Pequeño,1,105000,100000,Transferencia,Cosecha Pequeño,,"hojas de punto de venta, cuenta poscdreamscanbloom (Drive)"
2026-04-30,18,Viva Envigado,Cosecha Pequeño,1,105000,100000,Transferencia,Cosecha Pequeño,,"hojas de punto de venta, cuenta poscdreamscanbloom (Drive)"
2026-04-30,18,Viva Envigado,Edicion Especial Lisianthus,1,95000,95000,Transferencia,Edicion Especial Lisianthus,,"hojas de punto de venta, cuenta poscdreamscanbloom (Drive)"
2026-04-30,18,Viva Envigado,Edicion Especial Lisianthus,1,95000,95000,Transferencia,Edicion Especial Lisianthus,,"hojas de punto de venta, cuenta poscdreamscanbloom (Drive)"
2026-04-30,18,Viva Envigado,Edicion Especial Lisianthus,1,95000,95000,Datafono,Edicion Especial Lisianthus,,"hojas de punto de venta, cuenta poscdreamscanbloom (Drive)"
2026-04-30,18,Viva Envigado,Nigellas,1,40000,40000,Transferencia,,,"hojas de punto de venta, cuenta poscdreamscanbloom (Drive)"
2026-05-01,18,Viva Envigado,Anemonas,1,65000,65000,Efectivo,,Dianthus con Campanulas en 70.000,"hojas de punto de venta, cuenta poscdreamscanbloom (Drive)"
2026-05-01,18,Viva Envigado,Bocas de dragon,1,50000,50000,Transferencia,Bocas de dragón (paquete),,"hojas de punto de venta, cuenta poscdreamscanbloom (Drive)"
2026-05-01,18,Viva Envigado,Bocas de dragon,1,50000,50000,Datafono,Bocas de dragón (paquete),,"hojas de punto de venta, cuenta poscdreamscanbloom (Drive)"
2026-05-01,18,Viva Envigado,Bocas de dragon,1,50000,50000,Datafono,Bocas de dragón (paquete),,"hojas de punto de venta, cuenta poscdreamscanbloom (Drive)"
2026-05-01,18,Viva Envigado,Bocas de dragon,1,50000,50000,Datafono,Bocas de dragón (paquete),,"hojas de punto de venta, cuenta poscdreamscanbloom (Drive)"
2026-05-01,18,Viva Envigado,Bocas de dragon,1,50000,45000,Transferencia,Bocas de dragón (paquete),,"hojas de punto de venta, cuenta poscdreamscanbloom (Drive)"
2026-05-01,18,Viva Envigado,Bouquet Greenery,1,100000,100000,Efectivo,,,"hojas de punto de venta, cuenta poscdreamscanbloom (Drive)"
2026-05-01,18,Viva Envigado,Bouquet forever Dream grande,1,115000,115000,Efectivo,,,"hojas de punto de venta, cuenta poscdreamscanbloom (Drive)"
2026-05-01,18,Viva Envigado,Bouquet petit,1,65000,65000,Efectivo,,"Se le dio descuento ya que llevada días y se le quitaron varias flores, era de 85.000 se le cobro 71.000","hojas de punto de venta, cuenta poscdreamscanbloom (Drive)"
2026-05-01,18,Viva Envigado,Celosias baby con follaje,1,75000,75000,Efectivo,,,"hojas de punto de venta, cuenta poscdreamscanbloom (Drive)"
2026-05-01,18,Viva Envigado,Cosecha Grande,1,125000,125000,Transferencia,Cosecha Grande,,"hojas de punto de venta, cuenta poscdreamscanbloom (Drive)"
2026-05-01,18,Viva Envigado,Edicion Especial Lisianthus,1,95000,95000,Transferencia,Edicion Especial Lisianthus,,"hojas de punto de venta, cuenta poscdreamscanbloom (Drive)"
2026-05-01,18,Viva Envigado,Green ball,1,40000,40000,Datafono,Green ball (paquete),Green ball con hortencias,"hojas de punto de venta, cuenta poscdreamscanbloom (Drive)"
2026-05-01,18,Viva Envigado,Zinnias,1,50000,50000,Transferencia,,Dianthus con Green ball 60.000,"hojas de punto de venta, cuenta poscdreamscanbloom (Drive)"
2026-05-01,18,Viva Envigado,Zinnias,1,50000,50000,Transferencia,,Dianthus con Green ball 60.000,"hojas de punto de venta, cuenta poscdreamscanbloom (Drive)"
2026-05-01,18,Viva Envigado,Zinnias,1,50000,50000,Transferencia,,Dianthus con green ball 60.000,"hojas de punto de venta, cuenta poscdreamscanbloom (Drive)"
2026-05-03,18,Viva Envigado,Bouquet forever Dream mediano,1,100000,100000,Datafono,,,"hojas de punto de venta, cuenta poscdreamscanbloom (Drive)"
2026-05-03,18,Viva Envigado,Bouquet forever Dream pequeño,1,70000,70000,Transferencia,,,"hojas de punto de venta, cuenta poscdreamscanbloom (Drive)"
2026-05-03,18,Viva Envigado,Bouquet petit,1,85000,85000,Datafono,,,"hojas de punto de venta, cuenta poscdreamscanbloom (Drive)"
2026-05-03,18,Viva Envigado,Bouquet petit,1,65000,65000,Transferencia,,,"hojas de punto de venta, cuenta poscdreamscanbloom (Drive)"
2026-05-03,18,Viva Envigado,Dianthus coral,1,60000,60000,Datafono,,,"hojas de punto de venta, cuenta poscdreamscanbloom (Drive)"
2026-05-03,18,Viva Envigado,Dianthus coral,1,60000,60000,Transferencia,,,"hojas de punto de venta, cuenta poscdreamscanbloom (Drive)"
2026-05-03,18,Viva Envigado,Green ball,1,40000,40000,Datafono,Green ball (paquete),,"hojas de punto de venta, cuenta poscdreamscanbloom (Drive)"
2026-05-03,18,Viva Envigado,Green ball y mini green,1,40000,40000,Efectivo,,,"hojas de punto de venta, cuenta poscdreamscanbloom (Drive)"
2026-05-04,19,Viva Envigado,Bocas de dragon,1,50000,50000,Efectivo,Bocas de dragón (paquete),,"hojas de punto de venta, cuenta poscdreamscanbloom (Drive)"
2026-05-04,19,Viva Envigado,Bouquet forever Dream mediano,1,100000,100000,Efectivo,,,"hojas de punto de venta, cuenta poscdreamscanbloom (Drive)"
2026-05-04,19,Viva Envigado,Bouquet petit,1,65000,0,Salida por daño,,,"hojas de punto de venta, cuenta poscdreamscanbloom (Drive)"
2026-05-04,19,Viva Envigado,Green ball,1,40000,40000,Transferencia,Green ball (paquete),,"hojas de punto de venta, cuenta poscdreamscanbloom (Drive)"
2026-05-04,19,Viva Envigado,Green ball,1,40000,40000,Efectivo,Green ball (paquete),,"hojas de punto de venta, cuenta poscdreamscanbloom (Drive)"
2026-05-05,19,Viva Envigado,Bocas de dragon,1,50000,50000,Efectivo,Bocas de dragón (paquete),,"hojas de punto de venta, cuenta poscdreamscanbloom (Drive)"
2026-05-05,19,Viva Envigado,Bocas de dragon,1,50000,0,Online,Bocas de dragón (paquete),,"hojas de punto de venta, cuenta poscdreamscanbloom (Drive)"
2026-05-05,19,Viva Envigado,Bouquet Greenery,1,100000,0,Salida por daño,,,"hojas de punto de venta, cuenta poscdreamscanbloom (Drive)"
2026-05-05,19,Viva Envigado,Bouquet Greenery,1,100000,100000,Transferencia,,Se vendió en 85,"hojas de punto de venta, cuenta poscdreamscanbloom (Drive)"
2026-05-05,19,Viva Envigado,Bouquet Greenery,1,100000,100000,Datafono,,,"hojas de punto de venta, cuenta poscdreamscanbloom (Drive)"
2026-05-05,19,Viva Envigado,Bouquet forever Dream pequeño,1,70000,0,Online,,,"hojas de punto de venta, cuenta poscdreamscanbloom (Drive)"
2026-05-05,19,Viva Envigado,Bouquet forever Dream pequeño,1,70000,0,Online,,,"hojas de punto de venta, cuenta poscdreamscanbloom (Drive)"
2026-05-05,19,Viva Envigado,Bouquet petit,1,65000,0,Salida por daño,,,"hojas de punto de venta, cuenta poscdreamscanbloom (Drive)"
2026-05-05,19,Viva Envigado,Cosecha Pequeño,5,105000,0,Salida por daño,Cosecha Pequeño,,"hojas de punto de venta, cuenta poscdreamscanbloom (Drive)"
2026-05-05,19,Viva Envigado,Cosecha Pequeño,1,105000,89250,Efectivo,Cosecha Pequeño,,"hojas de punto de venta, cuenta poscdreamscanbloom (Drive)"
2026-05-05,19,Viva Envigado,Dianthus coral,3,45000,0,Salida por daño,,,"hojas de punto de venta, cuenta poscdreamscanbloom (Drive)"
2026-05-05,19,Viva Envigado,Dianthus coral,1,45000,36000,Datafono,,Se vendió en 70,"hojas de punto de venta, cuenta poscdreamscanbloom (Drive)"
2026-05-05,19,Viva Envigado,Edicion Especial Lisianthus,1,95000,76000,Datafono,Edicion Especial Lisianthus,,"hojas de punto de venta, cuenta poscdreamscanbloom (Drive)"
2026-05-05,19,Viva Envigado,Edicion Especial Lisianthus,1,95000,95000,Datafono,Edicion Especial Lisianthus,,"hojas de punto de venta, cuenta poscdreamscanbloom (Drive)"
2026-05-05,19,Viva Envigado,Edicion Especial Lisianthus,2,95000,190000,Transferencia,Edicion Especial Lisianthus,,"hojas de punto de venta, cuenta poscdreamscanbloom (Drive)"
2026-05-05,19,Viva Envigado,Nigellas,1,40000,40000,Transferencia,,,"hojas de punto de venta, cuenta poscdreamscanbloom (Drive)"
2026-05-06,19,Viva Envigado,Bocas de dragon,1,50000,50000,Efectivo,Bocas de dragón (paquete),,"hojas de punto de venta, cuenta poscdreamscanbloom (Drive)"
2026-05-06,19,Viva Envigado,Bocas de dragon,1,50000,0,Salida por daño,Bocas de dragón (paquete),,"hojas de punto de venta, cuenta poscdreamscanbloom (Drive)"
2026-05-06,19,Viva Envigado,Bouquet forever Dream mediano,1,120000,120000,Transferencia,,Se vende en 100.000,"hojas de punto de venta, cuenta poscdreamscanbloom (Drive)"
2026-05-06,19,Viva Envigado,Bouquet forever Dream pequeño,1,85000,85000,Efectivo,,Se vende en 70.000,"hojas de punto de venta, cuenta poscdreamscanbloom (Drive)"
2026-05-06,19,Viva Envigado,Bouquet mamá de los sueños grande,1,180000,180000,Datafono,,Mamá de los sueños grande 180.000,"hojas de punto de venta, cuenta poscdreamscanbloom (Drive)"
2026-05-06,19,Viva Envigado,Bouquet mamá de los sueños petit,1,90000,90000,Transferencia,,,"hojas de punto de venta, cuenta poscdreamscanbloom (Drive)"
2026-05-06,19,Viva Envigado,Bouquet petit,1,65000,65000,Transferencia,,Se cobra 85.000,"hojas de punto de venta, cuenta poscdreamscanbloom (Drive)"
2026-05-06,19,Viva Envigado,Bouquet petit,1,65000,65000,Transferencia,,Se cobra 85.000,"hojas de punto de venta, cuenta poscdreamscanbloom (Drive)"
2026-05-06,19,Viva Envigado,Cosecha Grande,1,125000,125000,Transferencia,Cosecha Grande,Se vendió mamá de los sueños grande en 180.000,"hojas de punto de venta, cuenta poscdreamscanbloom (Drive)"
2026-05-06,19,Viva Envigado,Cosecha Grande,1,125000,0,Salida por daño,Cosecha Grande,,"hojas de punto de venta, cuenta poscdreamscanbloom (Drive)"
2026-05-06,19,Viva Envigado,Cosecha Pequeño,1,105000,0,Online,Cosecha Pequeño,Mama de los sueños mediano,"hojas de punto de venta, cuenta poscdreamscanbloom (Drive)"
2026-05-06,19,Viva Envigado,Dianthus y green ball,1,60000,60000,Transferencia,,Se vendió 1 dianthus con green ball en 60.000,"hojas de punto de venta, cuenta poscdreamscanbloom (Drive)"
2026-05-06,19,Viva Envigado,Dianthus y green ball,1,60000,60000,Transferencia,,Se vendió 1 Dianthus con green ball 60.000,"hojas de punto de venta, cuenta poscdreamscanbloom (Drive)"
2026-05-06,19,Viva Envigado,Dianthus y green ball,1,60000,51000,Datafono,,Se vendió 1 Dianthus con green ball de 60.000 con descuento,"hojas de punto de venta, cuenta poscdreamscanbloom (Drive)"
2026-05-06,19,Viva Envigado,Dianthus y green ball,1,60000,60000,Efectivo,,,"hojas de punto de venta, cuenta poscdreamscanbloom (Drive)"
2026-05-06,19,Viva Envigado,Dianthus y green ball,1,60000,54000,Transferencia,,,"hojas de punto de venta, cuenta poscdreamscanbloom (Drive)"
2026-05-06,19,Viva Envigado,Florero mediano,1,110000,110000,Transferencia,,Se vendió jarrón  pequeño 100.000,"hojas de punto de venta, cuenta poscdreamscanbloom (Drive)"
2026-05-06,19,Viva Envigado,Green ball,1,40000,0,Salida por daño,Green ball (paquete),,"hojas de punto de venta, cuenta poscdreamscanbloom (Drive)"
2026-05-07,19,Online,Bouquet forever Dream mediano,1,120000,120000,Transferencia,,FE-1323,"hojas de punto de venta, cuenta poscdreamscanbloom (Drive)"
2026-05-07,19,Online,Bouquet forever Dream pequeño,1,85000,85000,Transferencia,,FE-1367,"hojas de punto de venta, cuenta poscdreamscanbloom (Drive)"
2026-05-07,19,Online,Bouquet forever Dream pequeño,1,85000,85000,Transferencia,,FE-1320,"hojas de punto de venta, cuenta poscdreamscanbloom (Drive)"
2026-05-07,19,Online,Bouquet mamá de los sueños grande,1,180000,180000,Transferencia,,FE-1349,"hojas de punto de venta, cuenta poscdreamscanbloom (Drive)"
2026-05-07,19,Online,Bouquet mamá de los sueños grande,1,180000,180000,Transferencia,,FE-1350,"hojas de punto de venta, cuenta poscdreamscanbloom (Drive)"
2026-05-07,19,Online,Bouquet mamá de los sueños grande,1,180000,180000,Transferencia,,FE-1352,"hojas de punto de venta, cuenta poscdreamscanbloom (Drive)"
2026-05-07,19,Online,Bouquet mamá de los sueños grande,1,180000,180000,Transferencia,,FE-1360,"hojas de punto de venta, cuenta poscdreamscanbloom (Drive)"
2026-05-07,19,Online,Bouquet mamá de los sueños grande,1,180000,180000,Transferencia,,FE-1362,"hojas de punto de venta, cuenta poscdreamscanbloom (Drive)"
2026-05-07,19,Online,Bouquet mamá de los sueños grande,1,180000,180000,Transferencia,,FE-1363,"hojas de punto de venta, cuenta poscdreamscanbloom (Drive)"
2026-05-07,19,Online,Bouquet mamá de los sueños grande,1,180000,180000,Transferencia,,FE-1325,"hojas de punto de venta, cuenta poscdreamscanbloom (Drive)"
2026-05-07,19,Online,Bouquet mamá de los sueños grande,1,180000,180000,Transferencia,,FE-1332,"hojas de punto de venta, cuenta poscdreamscanbloom (Drive)"
2026-05-07,19,Online,Bouquet mamá de los sueños grande,1,180000,180000,Transferencia,,FE-1336,"hojas de punto de venta, cuenta poscdreamscanbloom (Drive)"
2026-05-07,19,Online,Bouquet mamá de los sueños grande,1,180000,180000,Transferencia,,FE-1340,"hojas de punto de venta, cuenta poscdreamscanbloom (Drive)"
2026-05-07,19,Online,Bouquet mamá de los sueños grande,1,180000,180000,Transferencia,,FE-1341,"hojas de punto de venta, cuenta poscdreamscanbloom (Drive)"
2026-05-07,19,Online,Bouquet mamá de los sueños grande,1,180000,180000,Transferencia,,FE-1344,"hojas de punto de venta, cuenta poscdreamscanbloom (Drive)"
2026-05-07,19,Online,Bouquet mamá de los sueños mediano,1,130000,130000,Transferencia,,FE-1347,"hojas de punto de venta, cuenta poscdreamscanbloom (Drive)"
2026-05-07,19,Online,Bouquet mamá de los sueños mediano,1,130000,130000,Transferencia,,FE-1348,"hojas de punto de venta, cuenta poscdreamscanbloom (Drive)"
2026-05-07,19,Online,Bouquet mamá de los sueños mediano,1,130000,130000,Transferencia,,FE-1354,"hojas de punto de venta, cuenta poscdreamscanbloom (Drive)"
2026-05-07,19,Online,Bouquet mamá de los sueños mediano,1,130000,130000,Transferencia,,FE-1355,"hojas de punto de venta, cuenta poscdreamscanbloom (Drive)"
2026-05-07,19,Online,Bouquet mamá de los sueños mediano,1,130000,130000,Transferencia,,FE-1361,"hojas de punto de venta, cuenta poscdreamscanbloom (Drive)"
2026-05-07,19,Online,Bouquet mamá de los sueños mediano,1,130000,130000,Transferencia,,FE-1367,"hojas de punto de venta, cuenta poscdreamscanbloom (Drive)"
2026-05-07,19,Online,Bouquet mamá de los sueños mediano,2,130000,260000,Transferencia,,FE-1318,"hojas de punto de venta, cuenta poscdreamscanbloom (Drive)"
2026-05-07,19,Online,Bouquet mamá de los sueños mediano,1,130000,130000,Transferencia,,FE-1319,"hojas de punto de venta, cuenta poscdreamscanbloom (Drive)"
2026-05-07,19,Online,Bouquet mamá de los sueños mediano,2,130000,260000,Transferencia,,FE-1321,"hojas de punto de venta, cuenta poscdreamscanbloom (Drive)"
2026-05-07,19,Online,Bouquet mamá de los sueños mediano,2,130000,260000,Transferencia,,FE-1322,"hojas de punto de venta, cuenta poscdreamscanbloom (Drive)"
2026-05-07,19,Online,Bouquet mamá de los sueños mediano,1,130000,130000,Transferencia,,FE-1326,"hojas de punto de venta, cuenta poscdreamscanbloom (Drive)"
2026-05-07,19,Online,Bouquet mamá de los sueños mediano,1,130000,130000,Transferencia,,FE-1327,"hojas de punto de venta, cuenta poscdreamscanbloom (Drive)"
2026-05-07,19,Online,Bouquet mamá de los sueños mediano,3,130000,390000,Transferencia,,FE-1329,"hojas de punto de venta, cuenta poscdreamscanbloom (Drive)"
2026-05-07,19,Online,Bouquet mamá de los sueños mediano,2,130000,260000,Transferencia,,FE-1332,"hojas de punto de venta, cuenta poscdreamscanbloom (Drive)"
2026-05-07,19,Online,Bouquet mamá de los sueños mediano,1,130000,130000,Transferencia,,FE-1337,"hojas de punto de venta, cuenta poscdreamscanbloom (Drive)"
2026-05-07,19,Online,Bouquet mamá de los sueños mediano,1,130000,130000,Transferencia,,FE-1342,"hojas de punto de venta, cuenta poscdreamscanbloom (Drive)"
2026-05-07,19,Online,Bouquet mamá de los sueños mediano,1,130000,130000,Transferencia,,FE-1343,"hojas de punto de venta, cuenta poscdreamscanbloom (Drive)"
2026-05-07,19,Online,Bouquet mamá de los sueños petit,1,90000,90000,Transferencia,,FE-1347,"hojas de punto de venta, cuenta poscdreamscanbloom (Drive)"
2026-05-07,19,Online,Bouquet mamá de los sueños petit,4,90000,306000,Transferencia,,FE-1351,"hojas de punto de venta, cuenta poscdreamscanbloom (Drive)"
2026-05-07,19,Online,Bouquet mamá de los sueños petit,3,90000,270000,Transferencia,,FE-1353,"hojas de punto de venta, cuenta poscdreamscanbloom (Drive)"
2026-05-07,19,Online,Bouquet mamá de los sueños petit,2,90000,180000,Transferencia,,FE-1359,"hojas de punto de venta, cuenta poscdreamscanbloom (Drive)"
2026-05-07,19,Online,Bouquet mamá de los sueños petit,1,90000,90000,Transferencia,,FE-1364,"hojas de punto de venta, cuenta poscdreamscanbloom (Drive)"
2026-05-07,19,Online,Bouquet mamá de los sueños petit,1,90000,90000,Transferencia,,FE-1365,"hojas de punto de venta, cuenta poscdreamscanbloom (Drive)"
2026-05-07,19,Online,Bouquet mamá de los sueños petit,1,90000,90000,Transferencia,,FE-1366,"hojas de punto de venta, cuenta poscdreamscanbloom (Drive)"
2026-05-07,19,Online,Bouquet mamá de los sueños petit,1,90000,90000,Transferencia,,FE-1367,"hojas de punto de venta, cuenta poscdreamscanbloom (Drive)"
2026-05-07,19,Online,Bouquet mamá de los sueños petit,8,90000,720000,Transferencia,,FE-1324,"hojas de punto de venta, cuenta poscdreamscanbloom (Drive)"
2026-05-07,19,Online,Bouquet mamá de los sueños petit,1,90000,90000,Transferencia,,FE-1326,"hojas de punto de venta, cuenta poscdreamscanbloom (Drive)"
2026-05-07,19,Online,Bouquet mamá de los sueños petit,1,90000,90000,Transferencia,,FE-1328,"hojas de punto de venta, cuenta poscdreamscanbloom (Drive)"
2026-05-07,19,Online,Bouquet mamá de los sueños petit,1,90000,90000,Transferencia,,FE-1330,"hojas de punto de venta, cuenta poscdreamscanbloom (Drive)"
2026-05-07,19,Online,Bouquet mamá de los sueños petit,1,90000,90000,Transferencia,,FE-1331,"hojas de punto de venta, cuenta poscdreamscanbloom (Drive)"
2026-05-07,19,Online,Bouquet mamá de los sueños petit,2,90000,180000,Transferencia,,FE-1332,"hojas de punto de venta, cuenta poscdreamscanbloom (Drive)"
2026-05-07,19,Online,Bouquet mamá de los sueños petit,1,90000,90000,Transferencia,,FE-1333,"hojas de punto de venta, cuenta poscdreamscanbloom (Drive)"
2026-05-07,19,Online,Bouquet mamá de los sueños petit,1,90000,90000,Transferencia,,FE-1334,"hojas de punto de venta, cuenta poscdreamscanbloom (Drive)"
2026-05-07,19,Online,Bouquet mamá de los sueños petit,1,90000,90000,Transferencia,,FE-1335,"hojas de punto de venta, cuenta poscdreamscanbloom (Drive)"
2026-05-07,19,Online,Bouquet mamá de los sueños petit,1,90000,90000,Transferencia,,FE-1346,"hojas de punto de venta, cuenta poscdreamscanbloom (Drive)"
2026-05-07,19,Online,Florero mamá de los sueños grande,1,360000,360000,Transferencia,,FE-1357,"hojas de punto de venta, cuenta poscdreamscanbloom (Drive)"
2026-05-07,19,Online,Florero mamá de los sueños grande,1,360000,360000,Transferencia,,FE-1358,"hojas de punto de venta, cuenta poscdreamscanbloom (Drive)"
2026-05-07,19,Online,Florero mamá de los sueños grande,1,360000,360000,Transferencia,,FE-1362,"hojas de punto de venta, cuenta poscdreamscanbloom (Drive)"
2026-05-07,19,Online,Florero mamá de los sueños grande,1,360000,360000,Transferencia,,FE-1338,"hojas de punto de venta, cuenta poscdreamscanbloom (Drive)"
2026-05-07,19,Online,Florero mamá de los sueños grande,1,360000,360000,Transferencia,,FE-1339,"hojas de punto de venta, cuenta poscdreamscanbloom (Drive)"
2026-05-07,19,Online,Florero mamá de los sueños mediano,1,310000,310000,Transferencia,,FE-1356,"hojas de punto de venta, cuenta poscdreamscanbloom (Drive)"
2026-05-07,19,Online,Florero mamá de los sueños mediano,1,310000,310000,Transferencia,,FE-1319,"hojas de punto de venta, cuenta poscdreamscanbloom (Drive)"
2026-05-07,19,Viva Envigado,Bouquet forever Dream grande,1,140000,140000,Datafono,,,"hojas de punto de venta, cuenta poscdreamscanbloom (Drive)"
2026-05-07,19,Viva Envigado,Bouquet forever Dream pequeño,1,85000,85000,Datafono,,,"hojas de punto de venta, cuenta poscdreamscanbloom (Drive)"
2026-05-07,19,Viva Envigado,Bouquet mamá de los sueños grande,1,180000,180000,Datafono,,,"hojas de punto de venta, cuenta poscdreamscanbloom (Drive)"
2026-05-07,19,Viva Envigado,Bouquet mamá de los sueños grande,1,180000,180000,Transferencia,,,"hojas de punto de venta, cuenta poscdreamscanbloom (Drive)"
2026-05-07,19,Viva Envigado,Bouquet mamá de los sueños mediano,2,130000,260000,Transferencia,,,"hojas de punto de venta, cuenta poscdreamscanbloom (Drive)"
2026-05-07,19,Viva Envigado,Bouquet mamá de los sueños mediano,1,130000,130000,Efectivo,,,"hojas de punto de venta, cuenta poscdreamscanbloom (Drive)"
2026-05-07,19,Viva Envigado,Bouquet mamá de los sueños mediano,1,130000,130000,Efectivo,,,"hojas de punto de venta, cuenta poscdreamscanbloom (Drive)"
2026-05-07,19,Viva Envigado,Bouquet mamá de los sueños mediano,1,130000,130000,Datafono,,,"hojas de punto de venta, cuenta poscdreamscanbloom (Drive)"
2026-05-07,19,Viva Envigado,Bouquet mamá de los sueños mediano,1,130000,130000,Transferencia,,,"hojas de punto de venta, cuenta poscdreamscanbloom (Drive)"
2026-05-07,19,Viva Envigado,Bouquet mamá de los sueños petit,1,90000,90000,Transferencia,,,"hojas de punto de venta, cuenta poscdreamscanbloom (Drive)"
2026-05-07,19,Viva Envigado,Bouquet mamá de los sueños petit,1,90000,90000,Transferencia,,,"hojas de punto de venta, cuenta poscdreamscanbloom (Drive)"
2026-05-07,19,Viva Envigado,Bouquet mamá de los sueños petit,1,90000,90000,Efectivo,,,"hojas de punto de venta, cuenta poscdreamscanbloom (Drive)"
2026-05-07,19,Viva Envigado,Bouquet mamá de los sueños petit,1,90000,90000,Transferencia,,,"hojas de punto de venta, cuenta poscdreamscanbloom (Drive)"
2026-05-07,19,Viva Envigado,Bouquet mamá de los sueños petit,1,90000,90000,Transferencia,,,"hojas de punto de venta, cuenta poscdreamscanbloom (Drive)"
2026-05-07,19,Viva Envigado,Dianthus coral,1,45000,38000,Transferencia,,,"hojas de punto de venta, cuenta poscdreamscanbloom (Drive)"
2026-05-07,19,Viva Envigado,Dianthus coral,1,45000,35000,Transferencia,,,"hojas de punto de venta, cuenta poscdreamscanbloom (Drive)"
2026-05-07,19,Viva Envigado,Green ball y mini green,1,40000,40000,Transferencia,,,"hojas de punto de venta, cuenta poscdreamscanbloom (Drive)"
2026-05-08,19,Online,Bouquet forever Dream grande,3,140000,420000,Transferencia,,FE-1374,"hojas de punto de venta, cuenta poscdreamscanbloom (Drive)"
2026-05-08,19,Online,Bouquet forever Dream grande,1,140000,140000,Transferencia,,FE-1377,"hojas de punto de venta, cuenta poscdreamscanbloom (Drive)"
2026-05-08,19,Online,Bouquet forever Dream mediano,1,120000,120000,Transferencia,,FE-1381,"hojas de punto de venta, cuenta poscdreamscanbloom (Drive)"
2026-05-08,19,Online,Bouquet mamá de los sueños grande,4,180000,720000,Transferencia,,FE-1370,"hojas de punto de venta, cuenta poscdreamscanbloom (Drive)"
2026-05-08,19,Online,Bouquet mamá de los sueños grande,1,180000,180000,Transferencia,,FE-1371,"hojas de punto de venta, cuenta poscdreamscanbloom (Drive)"
2026-05-08,19,Online,Bouquet mamá de los sueños grande,1,180000,180000,Transferencia,,FE-1374,"hojas de punto de venta, cuenta poscdreamscanbloom (Drive)"
2026-05-08,19,Online,Bouquet mamá de los sueños grande,1,180000,180000,Transferencia,,FE-1376,"hojas de punto de venta, cuenta poscdreamscanbloom (Drive)"
2026-05-08,19,Online,Bouquet mamá de los sueños grande,1,180000,180000,Transferencia,,FE-1378,"hojas de punto de venta, cuenta poscdreamscanbloom (Drive)"
2026-05-08,19,Online,Bouquet mamá de los sueños grande,1,180000,180000,Transferencia,,FE-1381,"hojas de punto de venta, cuenta poscdreamscanbloom (Drive)"
2026-05-08,19,Online,Bouquet mamá de los sueños grande,1,180000,180000,Transferencia,,FE-1382,"hojas de punto de venta, cuenta poscdreamscanbloom (Drive)"
2026-05-08,19,Online,Bouquet mamá de los sueños mediano,1,130000,130000,Transferencia,,FE-1369,"hojas de punto de venta, cuenta poscdreamscanbloom (Drive)"
2026-05-08,19,Online,Bouquet mamá de los sueños mediano,1,130000,130000,Transferencia,,FE-1372,"hojas de punto de venta, cuenta poscdreamscanbloom (Drive)"
2026-05-08,19,Online,Bouquet mamá de los sueños mediano,1,130000,130000,Transferencia,,FE-1373,"hojas de punto de venta, cuenta poscdreamscanbloom (Drive)"
2026-05-08,19,Online,Bouquet mamá de los sueños mediano,1,130000,130000,Transferencia,,FE-1375,"hojas de punto de venta, cuenta poscdreamscanbloom (Drive)"
2026-05-08,19,Online,Bouquet mamá de los sueños mediano,1,130000,130000,Transferencia,,FE-1384,"hojas de punto de venta, cuenta poscdreamscanbloom (Drive)"
2026-05-08,19,Online,Bouquet mamá de los sueños mediano,1,130000,130000,Transferencia,,FE-1388,"hojas de punto de venta, cuenta poscdreamscanbloom (Drive)"
2026-05-08,19,Online,Bouquet mamá de los sueños petit,1,90000,90000,Transferencia,,FE-1380,"hojas de punto de venta, cuenta poscdreamscanbloom (Drive)"
2026-05-08,19,Online,Bouquet mamá de los sueños petit,1,90000,90000,Transferencia,,FE-1387,"hojas de punto de venta, cuenta poscdreamscanbloom (Drive)"
2026-05-08,19,Online,Florero mamá de los sueños grande,2,360000,648000,Transferencia,,FE-1368,"hojas de punto de venta, cuenta poscdreamscanbloom (Drive)"
2026-05-08,19,Online,Florero mamá de los sueños grande,1,360000,360000,Transferencia,,FE-1376,"hojas de punto de venta, cuenta poscdreamscanbloom (Drive)"
2026-05-08,19,Online,Florero mamá de los sueños grande,1,360000,360000,Transferencia,,FE-1377,"hojas de punto de venta, cuenta poscdreamscanbloom (Drive)"
2026-05-08,19,Online,Florero mamá de los sueños grande,1,360000,360000,Transferencia,,FE-1383,"hojas de punto de venta, cuenta poscdreamscanbloom (Drive)"
2026-05-08,19,Viva Envigado,Bouquet forever Dream grande,1,140000,140000,Transferencia,,,"hojas de punto de venta, cuenta poscdreamscanbloom (Drive)"
2026-05-08,19,Viva Envigado,Bouquet forever Dream mediano,1,120000,120000,Transferencia,,,"hojas de punto de venta, cuenta poscdreamscanbloom (Drive)"
2026-05-08,19,Viva Envigado,Bouquet forever Dream pequeño,2,85000,170000,Transferencia,,,"hojas de punto de venta, cuenta poscdreamscanbloom (Drive)"
2026-05-08,19,Viva Envigado,Bouquet forever Dream pequeño,1,85000,85000,Datafono,,,"hojas de punto de venta, cuenta poscdreamscanbloom (Drive)"
2026-05-08,19,Viva Envigado,Bouquet mamá de los sueños grande,1,180000,180000,Datafono,,,"hojas de punto de venta, cuenta poscdreamscanbloom (Drive)"
2026-05-08,19,Viva Envigado,Bouquet mamá de los sueños grande,1,180000,180000,Datafono,,,"hojas de punto de venta, cuenta poscdreamscanbloom (Drive)"
2026-05-08,19,Viva Envigado,Bouquet mamá de los sueños grande,1,180000,180000,Datafono,,,"hojas de punto de venta, cuenta poscdreamscanbloom (Drive)"
2026-05-08,19,Viva Envigado,Bouquet mamá de los sueños grande,1,180000,180000,Datafono,,,"hojas de punto de venta, cuenta poscdreamscanbloom (Drive)"
2026-05-08,19,Viva Envigado,Bouquet mamá de los sueños grande,2,180000,360000,Transferencia,,,"hojas de punto de venta, cuenta poscdreamscanbloom (Drive)"
2026-05-08,19,Viva Envigado,Bouquet mamá de los sueños mediano,1,130000,130000,Transferencia,,,"hojas de punto de venta, cuenta poscdreamscanbloom (Drive)"
2026-05-08,19,Viva Envigado,Bouquet mamá de los sueños mediano,1,130000,130000,Transferencia,,,"hojas de punto de venta, cuenta poscdreamscanbloom (Drive)"
2026-05-08,19,Viva Envigado,Bouquet mamá de los sueños mediano,1,130000,130000,Transferencia,,,"hojas de punto de venta, cuenta poscdreamscanbloom (Drive)"
2026-05-08,19,Viva Envigado,Bouquet mamá de los sueños mediano,2,130000,260000,Transferencia,,,"hojas de punto de venta, cuenta poscdreamscanbloom (Drive)"
2026-05-08,19,Viva Envigado,Bouquet mamá de los sueños mediano,1,130000,130000,Datafono,,,"hojas de punto de venta, cuenta poscdreamscanbloom (Drive)"
2026-05-08,19,Viva Envigado,Bouquet mamá de los sueños petit,1,90000,90000,Efectivo,,,"hojas de punto de venta, cuenta poscdreamscanbloom (Drive)"
2026-05-08,19,Viva Envigado,Bouquet mamá de los sueños petit,2,90000,180000,Datafono,,,"hojas de punto de venta, cuenta poscdreamscanbloom (Drive)"
2026-05-08,19,Viva Envigado,Bouquet mamá de los sueños petit,1,90000,90000,Efectivo,,,"hojas de punto de venta, cuenta poscdreamscanbloom (Drive)"
2026-05-08,19,Viva Envigado,Bouquet mamá de los sueños petit,1,90000,90000,Transferencia,,,"hojas de punto de venta, cuenta poscdreamscanbloom (Drive)"
2026-05-08,19,Viva Envigado,Bouquet mamá de los sueños petit,1,90000,90000,Datafono,,,"hojas de punto de venta, cuenta poscdreamscanbloom (Drive)"
2026-05-08,19,Viva Envigado,Bouquet mamá de los sueños petit,1,90000,90000,Datafono,,,"hojas de punto de venta, cuenta poscdreamscanbloom (Drive)"
2026-05-08,19,Viva Envigado,Bouquet mamá de los sueños petit,1,90000,90000,Datafono,,,"hojas de punto de venta, cuenta poscdreamscanbloom (Drive)"
2026-05-08,19,Viva Envigado,Bouquet mamá de los sueños petit,1,90000,90000,Datafono,,,"hojas de punto de venta, cuenta poscdreamscanbloom (Drive)"
2026-05-08,19,Viva Envigado,Bouquet mamá de los sueños petit,2,90000,180000,Datafono,,,"hojas de punto de venta, cuenta poscdreamscanbloom (Drive)"
2026-05-08,19,Viva Envigado,Bouquet mamá de los sueños petit,1,90000,90000,Transferencia,,,"hojas de punto de venta, cuenta poscdreamscanbloom (Drive)"
2026-05-08,19,Viva Envigado,Bouquet mamá de los sueños petit,1,90000,90000,Efectivo,,,"hojas de punto de venta, cuenta poscdreamscanbloom (Drive)"
2026-05-08,19,Viva Envigado,Bouquet mamá de los sueños petit,1,90000,90000,Efectivo,,,"hojas de punto de venta, cuenta poscdreamscanbloom (Drive)"
2026-05-08,19,Viva Envigado,Bouquet mamá de los sueños petit,1,90000,90000,Transferencia,,,"hojas de punto de venta, cuenta poscdreamscanbloom (Drive)"
2026-05-08,19,Viva Envigado,Bouquet mamá de los sueños petit,1,90000,90000,Datafono,,,"hojas de punto de venta, cuenta poscdreamscanbloom (Drive)"
2026-05-08,19,Viva Envigado,Bouquet mamá de los sueños petit,1,90000,90000,Transferencia,,,"hojas de punto de venta, cuenta poscdreamscanbloom (Drive)"
2026-05-08,19,Viva Envigado,Bouquet mamá de los sueños petit,1,90000,90000,Transferencia,,,"hojas de punto de venta, cuenta poscdreamscanbloom (Drive)"
2026-05-08,19,Viva Envigado,Bouquet mamá de los sueños petit,1,90000,90000,Transferencia,,,"hojas de punto de venta, cuenta poscdreamscanbloom (Drive)"
2026-05-08,19,Viva Envigado,Bouquet mamá de los sueños petit,1,90000,90000,Datafono,,,"hojas de punto de venta, cuenta poscdreamscanbloom (Drive)"
2026-05-09,19,Online,Bouquet mamá de los sueños grande,1,180000,180000,Transferencia,,FE-1391,"hojas de punto de venta, cuenta poscdreamscanbloom (Drive)"
2026-05-09,19,Online,Bouquet mamá de los sueños grande,3,180000,540000,Transferencia,,FE-1394,"hojas de punto de venta, cuenta poscdreamscanbloom (Drive)"
2026-05-09,19,Online,Bouquet mamá de los sueños grande,2,180000,360000,Transferencia,,FE-1395,"hojas de punto de venta, cuenta poscdreamscanbloom (Drive)"
2026-05-09,19,Online,Bouquet mamá de los sueños grande,1,180000,180000,Transferencia,,FE-1397,"hojas de punto de venta, cuenta poscdreamscanbloom (Drive)"
2026-05-09,19,Online,Bouquet mamá de los sueños mediano,1,130000,130000,Transferencia,,FE-1392,"hojas de punto de venta, cuenta poscdreamscanbloom (Drive)"
2026-05-09,19,Online,Bouquet mamá de los sueños mediano,1,130000,130000,Transferencia,,FE-1393,"hojas de punto de venta, cuenta poscdreamscanbloom (Drive)"
2026-05-09,19,Online,Bouquet mamá de los sueños mediano,1,130000,130000,Transferencia,,FE-1396,"hojas de punto de venta, cuenta poscdreamscanbloom (Drive)"
2026-05-09,19,Online,Bouquet mamá de los sueños mediano,1,130000,130000,Transferencia,,FE-1398,"hojas de punto de venta, cuenta poscdreamscanbloom (Drive)"
2026-05-09,19,Online,Bouquet mamá de los sueños petit,1,90000,90000,Transferencia,,FE-1389,"hojas de punto de venta, cuenta poscdreamscanbloom (Drive)"
2026-05-09,19,Online,Bouquet mamá de los sueños petit,1,90000,90000,Transferencia,,FE-1390,"hojas de punto de venta, cuenta poscdreamscanbloom (Drive)"
2026-05-09,19,Online,Bouquet mamá de los sueños petit,1,90000,90000,Transferencia,,FE-1399,"hojas de punto de venta, cuenta poscdreamscanbloom (Drive)"
2026-05-09,19,Viva Envigado,Bouquet mamá de los sueños grande,1,180000,180000,Datafono,,,"hojas de punto de venta, cuenta poscdreamscanbloom (Drive)"
2026-05-09,19,Viva Envigado,Bouquet mamá de los sueños grande,1,180000,180000,Transferencia,,,"hojas de punto de venta, cuenta poscdreamscanbloom (Drive)"
2026-05-09,19,Viva Envigado,Bouquet mamá de los sueños grande,1,180000,180000,Datafono,,,"hojas de punto de venta, cuenta poscdreamscanbloom (Drive)"
2026-05-09,19,Viva Envigado,Bouquet mamá de los sueños grande,1,180000,180000,Datafono,,,"hojas de punto de venta, cuenta poscdreamscanbloom (Drive)"
2026-05-09,19,Viva Envigado,Bouquet mamá de los sueños grande,1,180000,180000,Transferencia,,,"hojas de punto de venta, cuenta poscdreamscanbloom (Drive)"
2026-05-09,19,Viva Envigado,Bouquet mamá de los sueños grande,2,180000,340000,Efectivo,,,"hojas de punto de venta, cuenta poscdreamscanbloom (Drive)"
2026-05-09,19,Viva Envigado,Bouquet mamá de los sueños grande,1,180000,180000,Transferencia,,,"hojas de punto de venta, cuenta poscdreamscanbloom (Drive)"
2026-05-09,19,Viva Envigado,Bouquet mamá de los sueños grande,1,180000,180000,Datafono,,,"hojas de punto de venta, cuenta poscdreamscanbloom (Drive)"
2026-05-09,19,Viva Envigado,Bouquet mamá de los sueños grande,1,180000,180000,Efectivo,,,"hojas de punto de venta, cuenta poscdreamscanbloom (Drive)"
2026-05-09,19,Viva Envigado,Bouquet mamá de los sueños grande,1,180000,180000,Efectivo,,,"hojas de punto de venta, cuenta poscdreamscanbloom (Drive)"
2026-05-09,19,Viva Envigado,Bouquet mamá de los sueños grande,1,180000,180000,,,,"hojas de punto de venta, cuenta poscdreamscanbloom (Drive)"
2026-05-09,19,Viva Envigado,Bouquet mamá de los sueños grande,1,180000,180000,Datafono,,,"hojas de punto de venta, cuenta poscdreamscanbloom (Drive)"
2026-05-09,19,Viva Envigado,Bouquet mamá de los sueños grande,1,,0,Datafono,,,"hojas de punto de venta, cuenta poscdreamscanbloom (Drive)"
2026-05-09,19,Viva Envigado,Bouquet mamá de los sueños grande,1,180000,180000,Datafono,,,"hojas de punto de venta, cuenta poscdreamscanbloom (Drive)"
2026-05-09,19,Viva Envigado,Bouquet mamá de los sueños grande,1,180000,180000,Datafono,,,"hojas de punto de venta, cuenta poscdreamscanbloom (Drive)"
2026-05-09,19,Viva Envigado,Bouquet mamá de los sueños grande,1,180000,180000,Transferencia,,,"hojas de punto de venta, cuenta poscdreamscanbloom (Drive)"
2026-05-09,19,Viva Envigado,Bouquet mamá de los sueños grande,1,180000,180000,Transferencia,,,"hojas de punto de venta, cuenta poscdreamscanbloom (Drive)"
2026-05-09,19,Viva Envigado,Bouquet mamá de los sueños grande,1,180000,180000,Transferencia,,,"hojas de punto de venta, cuenta poscdreamscanbloom (Drive)"
2026-05-09,19,Viva Envigado,Bouquet mamá de los sueños grande,1,180000,180000,Efectivo,,,"hojas de punto de venta, cuenta poscdreamscanbloom (Drive)"
2026-05-09,19,Viva Envigado,Bouquet mamá de los sueños grande,1,180000,180000,Datafono,,,"hojas de punto de venta, cuenta poscdreamscanbloom (Drive)"
2026-05-09,19,Viva Envigado,Bouquet mamá de los sueños grande,1,180000,180000,Datafono,,,"hojas de punto de venta, cuenta poscdreamscanbloom (Drive)"
2026-05-09,19,Viva Envigado,Bouquet mamá de los sueños mediano,2,130000,260000,Efectivo,,,"hojas de punto de venta, cuenta poscdreamscanbloom (Drive)"
2026-05-09,19,Viva Envigado,Bouquet mamá de los sueños mediano,1,130000,130000,Datafono,,,"hojas de punto de venta, cuenta poscdreamscanbloom (Drive)"
2026-05-09,19,Viva Envigado,Bouquet mamá de los sueños mediano,1,130000,130000,Transferencia,,,"hojas de punto de venta, cuenta poscdreamscanbloom (Drive)"
2026-05-09,19,Viva Envigado,Bouquet mamá de los sueños mediano,1,130000,130000,Datafono,,,"hojas de punto de venta, cuenta poscdreamscanbloom (Drive)"
2026-05-09,19,Viva Envigado,Bouquet mamá de los sueños mediano,1,130000,130000,Datafono,,,"hojas de punto de venta, cuenta poscdreamscanbloom (Drive)"
2026-05-09,19,Viva Envigado,Bouquet mamá de los sueños mediano,1,130000,130000,Datafono,,,"hojas de punto de venta, cuenta poscdreamscanbloom (Drive)"
2026-05-09,19,Viva Envigado,Bouquet mamá de los sueños mediano,1,130000,130000,Efectivo,,,"hojas de punto de venta, cuenta poscdreamscanbloom (Drive)"
2026-05-09,19,Viva Envigado,Bouquet mamá de los sueños mediano,1,130000,130000,Datafono,,,"hojas de punto de venta, cuenta poscdreamscanbloom (Drive)"
2026-05-09,19,Viva Envigado,Bouquet mamá de los sueños mediano,1,130000,130000,Efectivo,,,"hojas de punto de venta, cuenta poscdreamscanbloom (Drive)"
2026-05-09,19,Viva Envigado,Bouquet mamá de los sueños mediano,1,130000,130000,Efectivo,,,"hojas de punto de venta, cuenta poscdreamscanbloom (Drive)"
2026-05-09,19,Viva Envigado,Bouquet mamá de los sueños mediano,3,130000,390000,Datafono,,,"hojas de punto de venta, cuenta poscdreamscanbloom (Drive)"
2026-05-09,19,Viva Envigado,Bouquet mamá de los sueños mediano,1,130000,130000,Transferencia,,,"hojas de punto de venta, cuenta poscdreamscanbloom (Drive)"
2026-05-09,19,Viva Envigado,Bouquet mamá de los sueños mediano,1,130000,130000,Datafono,,,"hojas de punto de venta, cuenta poscdreamscanbloom (Drive)"
2026-05-09,19,Viva Envigado,Bouquet mamá de los sueños mediano,1,130000,130000,Efectivo,,,"hojas de punto de venta, cuenta poscdreamscanbloom (Drive)"
2026-05-09,19,Viva Envigado,Bouquet mamá de los sueños mediano,1,130000,130000,Datafono,,,"hojas de punto de venta, cuenta poscdreamscanbloom (Drive)"
2026-05-09,19,Viva Envigado,Bouquet mamá de los sueños mediano,1,130000,130000,Datafono,,,"hojas de punto de venta, cuenta poscdreamscanbloom (Drive)"
2026-05-09,19,Viva Envigado,Bouquet mamá de los sueños mediano,1,130000,130000,Datafono,,,"hojas de punto de venta, cuenta poscdreamscanbloom (Drive)"
2026-05-09,19,Viva Envigado,Bouquet mamá de los sueños mediano,1,130000,130000,Datafono,,,"hojas de punto de venta, cuenta poscdreamscanbloom (Drive)"
2026-05-09,19,Viva Envigado,Bouquet mamá de los sueños mediano,1,,0,Transferencia,,,"hojas de punto de venta, cuenta poscdreamscanbloom (Drive)"
2026-05-09,19,Viva Envigado,Bouquet mamá de los sueños mediano,3,130000,390000,Datafono,,,"hojas de punto de venta, cuenta poscdreamscanbloom (Drive)"
2026-05-09,19,Viva Envigado,Bouquet mamá de los sueños mediano,1,130000,130000,Datafono,,,"hojas de punto de venta, cuenta poscdreamscanbloom (Drive)"
2026-05-09,19,Viva Envigado,Bouquet mamá de los sueños mediano,1,130000,130000,Datafono,,,"hojas de punto de venta, cuenta poscdreamscanbloom (Drive)"
2026-05-09,19,Viva Envigado,Bouquet mamá de los sueños mediano,1,130000,130000,Datafono,,,"hojas de punto de venta, cuenta poscdreamscanbloom (Drive)"
2026-05-09,19,Viva Envigado,Bouquet mamá de los sueños petit,1,90000,90000,Datafono,,,"hojas de punto de venta, cuenta poscdreamscanbloom (Drive)"
2026-05-09,19,Viva Envigado,Bouquet mamá de los sueños petit,1,90000,90000,Datafono,,,"hojas de punto de venta, cuenta poscdreamscanbloom (Drive)"
2026-05-09,19,Viva Envigado,Bouquet mamá de los sueños petit,1,90000,90000,Datafono,,,"hojas de punto de venta, cuenta poscdreamscanbloom (Drive)"
2026-05-09,19,Viva Envigado,Bouquet mamá de los sueños petit,1,90000,90000,Datafono,,,"hojas de punto de venta, cuenta poscdreamscanbloom (Drive)"
2026-05-09,19,Viva Envigado,Bouquet mamá de los sueños petit,1,90000,90000,Datafono,,,"hojas de punto de venta, cuenta poscdreamscanbloom (Drive)"
2026-05-09,19,Viva Envigado,Bouquet mamá de los sueños petit,1,90000,90000,Transferencia,,,"hojas de punto de venta, cuenta poscdreamscanbloom (Drive)"
2026-05-09,19,Viva Envigado,Bouquet mamá de los sueños petit,2,90000,180000,Datafono,,,"hojas de punto de venta, cuenta poscdreamscanbloom (Drive)"
2026-05-09,19,Viva Envigado,Bouquet mamá de los sueños petit,1,90000,90000,Datafono,,,"hojas de punto de venta, cuenta poscdreamscanbloom (Drive)"
2026-05-09,19,Viva Envigado,Bouquet mamá de los sueños petit,1,90000,90000,Efectivo,,,"hojas de punto de venta, cuenta poscdreamscanbloom (Drive)"
2026-05-09,19,Viva Envigado,Bouquet mamá de los sueños petit,1,90000,90000,Efectivo,,,"hojas de punto de venta, cuenta poscdreamscanbloom (Drive)"
2026-05-09,19,Viva Envigado,Bouquet mamá de los sueños petit,1,90000,90000,Datafono,,,"hojas de punto de venta, cuenta poscdreamscanbloom (Drive)"
2026-05-09,19,Viva Envigado,Bouquet mamá de los sueños petit,1,90000,90000,Efectivo,,,"hojas de punto de venta, cuenta poscdreamscanbloom (Drive)"
2026-05-09,19,Viva Envigado,Bouquet mamá de los sueños petit,1,90000,90000,Efectivo,,,"hojas de punto de venta, cuenta poscdreamscanbloom (Drive)"
2026-05-09,19,Viva Envigado,Bouquet mamá de los sueños petit,1,90000,90000,Datafono,,,"hojas de punto de venta, cuenta poscdreamscanbloom (Drive)"
2026-05-09,19,Viva Envigado,Bouquet mamá de los sueños petit,1,90000,90000,Datafono,,,"hojas de punto de venta, cuenta poscdreamscanbloom (Drive)"
2026-05-09,19,Viva Envigado,Bouquet mamá de los sueños petit,1,90000,90000,Datafono,,,"hojas de punto de venta, cuenta poscdreamscanbloom (Drive)"
2026-05-09,19,Viva Envigado,Bouquet mamá de los sueños petit,1,90000,90000,Transferencia,,,"hojas de punto de venta, cuenta poscdreamscanbloom (Drive)"
2026-05-09,19,Viva Envigado,Bouquet mamá de los sueños petit,1,90000,90000,Datafono,,,"hojas de punto de venta, cuenta poscdreamscanbloom (Drive)"
2026-05-09,19,Viva Envigado,Bouquet mamá de los sueños petit,1,90000,90000,Efectivo,,,"hojas de punto de venta, cuenta poscdreamscanbloom (Drive)"
2026-05-09,19,Viva Envigado,Bouquet mamá de los sueños petit,1,90000,90000,Datafono,,,"hojas de punto de venta, cuenta poscdreamscanbloom (Drive)"
2026-05-09,19,Viva Envigado,Bouquet mamá de los sueños petit,1,90000,90000,Transferencia,,,"hojas de punto de venta, cuenta poscdreamscanbloom (Drive)"
2026-05-09,19,Viva Envigado,Bouquet mamá de los sueños petit,1,90000,90000,Datafono,,,"hojas de punto de venta, cuenta poscdreamscanbloom (Drive)"
2026-05-09,19,Viva Envigado,Bouquet mamá de los sueños petit,1,90000,90000,Datafono,,,"hojas de punto de venta, cuenta poscdreamscanbloom (Drive)"
2026-05-09,19,Viva Envigado,Bouquet mamá de los sueños petit,1,90000,90000,Datafono,,,"hojas de punto de venta, cuenta poscdreamscanbloom (Drive)"
2026-05-09,19,Viva Envigado,Bouquet mamá de los sueños petit,1,90000,90000,Transferencia,,,"hojas de punto de venta, cuenta poscdreamscanbloom (Drive)"
2026-05-09,19,Viva Envigado,Bouquet mamá de los sueños petit,1,90000,90000,Datafono,,,"hojas de punto de venta, cuenta poscdreamscanbloom (Drive)"
2026-05-09,19,Viva Envigado,Bouquet mamá de los sueños petit,1,90000,90000,Efectivo,,,"hojas de punto de venta, cuenta poscdreamscanbloom (Drive)"
2026-05-09,19,Viva Envigado,Bouquet mamá de los sueños petit,1,90000,90000,Datafono,,,"hojas de punto de venta, cuenta poscdreamscanbloom (Drive)"
2026-05-09,19,Viva Envigado,Bouquet mamá de los sueños petit,1,90000,90000,Transferencia,,,"hojas de punto de venta, cuenta poscdreamscanbloom (Drive)"
2026-05-09,19,Viva Envigado,Bouquet mamá de los sueños petit,1,90000,90000,Datafono,,,"hojas de punto de venta, cuenta poscdreamscanbloom (Drive)"
2026-05-09,19,Viva Envigado,Bouquet mamá de los sueños petit,2,90000,180000,Datafono,,,"hojas de punto de venta, cuenta poscdreamscanbloom (Drive)"
2026-05-09,19,Viva Envigado,Bouquet mamá de los sueños petit,2,90000,180000,Datafono,,,"hojas de punto de venta, cuenta poscdreamscanbloom (Drive)"
2026-05-09,19,Viva Envigado,Bouquet mamá de los sueños petit,1,90000,90000,Datafono,,,"hojas de punto de venta, cuenta poscdreamscanbloom (Drive)"
2026-05-09,19,Viva Envigado,Bouquet mamá de los sueños petit,1,90000,90000,,,,"hojas de punto de venta, cuenta poscdreamscanbloom (Drive)"
2026-05-09,19,Viva Envigado,Bouquet mamá de los sueños petit,1,90000,90000,Transferencia,,,"hojas de punto de venta, cuenta poscdreamscanbloom (Drive)"
2026-05-09,19,Viva Envigado,Bouquet mamá de los sueños petit,1,90000,90000,Transferencia,,,"hojas de punto de venta, cuenta poscdreamscanbloom (Drive)"
2026-05-09,19,Viva Envigado,Bouquet mamá de los sueños petit,1,90000,90000,,,,"hojas de punto de venta, cuenta poscdreamscanbloom (Drive)"
2026-05-09,19,Viva Envigado,Bouquet mamá de los sueños petit,1,90000,90000,Transferencia,,,"hojas de punto de venta, cuenta poscdreamscanbloom (Drive)"
2026-05-09,19,Viva Envigado,Bouquet mamá de los sueños petit,2,90000,180000,Datafono,,,"hojas de punto de venta, cuenta poscdreamscanbloom (Drive)"
2026-05-09,19,Viva Envigado,Bouquet mamá de los sueños petit,1,90000,90000,Efectivo,,,"hojas de punto de venta, cuenta poscdreamscanbloom (Drive)"
2026-05-09,19,Viva Envigado,Bouquet mamá de los sueños petit,1,90000,90000,Transferencia,,,"hojas de punto de venta, cuenta poscdreamscanbloom (Drive)"
2026-05-09,19,Viva Envigado,Bouquet mamá de los sueños petit,2,90000,180000,Datafono,,,"hojas de punto de venta, cuenta poscdreamscanbloom (Drive)"
2026-05-09,19,Viva Envigado,Bouquet mamá de los sueños petit,1,90000,90000,Transferencia,,,"hojas de punto de venta, cuenta poscdreamscanbloom (Drive)"
2026-05-09,19,Viva Envigado,Bouquet mamá de los sueños petit,1,90000,90000,Efectivo,,,"hojas de punto de venta, cuenta poscdreamscanbloom (Drive)"
2026-05-09,19,Viva Envigado,Bouquet mamá de los sueños petit,1,90000,90000,Efectivo,,,"hojas de punto de venta, cuenta poscdreamscanbloom (Drive)"
2026-05-09,19,Viva Envigado,Bouquet mamá de los sueños petit,1,90000,90000,Transferencia,,,"hojas de punto de venta, cuenta poscdreamscanbloom (Drive)"
2026-05-09,19,Viva Envigado,Florero mamá de los sueños grande,1,,0,Datafono,,,"hojas de punto de venta, cuenta poscdreamscanbloom (Drive)"
2026-05-09,19,Viva Envigado,Green ball,1,40000,40000,Efectivo,Green ball (paquete),,"hojas de punto de venta, cuenta poscdreamscanbloom (Drive)"
2026-05-09,19,Viva Envigado,Green ball,1,40000,40000,Efectivo,Green ball (paquete),,"hojas de punto de venta, cuenta poscdreamscanbloom (Drive)"
2026-05-10,19,Online,Bouquet mamá de los sueños grande,1,180000,180000,Transferencia,,FE-1403,"hojas de punto de venta, cuenta poscdreamscanbloom (Drive)"
2026-05-10,19,Online,Bouquet mamá de los sueños mediano,1,130000,130000,Transferencia,,FE-1402,"hojas de punto de venta, cuenta poscdreamscanbloom (Drive)"
2026-05-10,19,Online,Bouquet mamá de los sueños petit,1,90000,90000,Transferencia,,FE-1401,"hojas de punto de venta, cuenta poscdreamscanbloom (Drive)"
2026-05-10,19,Viva Envigado,Bouquet mamá de los sueños grande,1,180000,180000,Transferencia,,,"hojas de punto de venta, cuenta poscdreamscanbloom (Drive)"
2026-05-10,19,Viva Envigado,Bouquet mamá de los sueños grande,1,180000,180000,Datafono,,,"hojas de punto de venta, cuenta poscdreamscanbloom (Drive)"
2026-05-10,19,Viva Envigado,Bouquet mamá de los sueños grande,1,180000,180000,Datafono,,,"hojas de punto de venta, cuenta poscdreamscanbloom (Drive)"
2026-05-10,19,Viva Envigado,Bouquet mamá de los sueños grande,1,180000,180000,Transferencia,,,"hojas de punto de venta, cuenta poscdreamscanbloom (Drive)"
2026-05-10,19,Viva Envigado,Bouquet mamá de los sueños grande,1,180000,180000,Transferencia,,,"hojas de punto de venta, cuenta poscdreamscanbloom (Drive)"
2026-05-10,19,Viva Envigado,Bouquet mamá de los sueños grande,1,180000,180000,Transferencia,,,"hojas de punto de venta, cuenta poscdreamscanbloom (Drive)"
2026-05-10,19,Viva Envigado,Bouquet mamá de los sueños grande,1,180000,180000,Efectivo,,,"hojas de punto de venta, cuenta poscdreamscanbloom (Drive)"
2026-05-10,19,Viva Envigado,Bouquet mamá de los sueños grande,1,180000,180000,Transferencia,,,"hojas de punto de venta, cuenta poscdreamscanbloom (Drive)"
2026-05-10,19,Viva Envigado,Bouquet mamá de los sueños grande,1,180000,180000,Efectivo,,,"hojas de punto de venta, cuenta poscdreamscanbloom (Drive)"
2026-05-10,19,Viva Envigado,Bouquet mamá de los sueños grande,1,180000,180000,Datafono,,,"hojas de punto de venta, cuenta poscdreamscanbloom (Drive)"
2026-05-10,19,Viva Envigado,Bouquet mamá de los sueños grande,2,180000,360000,Datafono,,,"hojas de punto de venta, cuenta poscdreamscanbloom (Drive)"
2026-05-10,19,Viva Envigado,Bouquet mamá de los sueños grande,1,180000,180000,Datafono,,,"hojas de punto de venta, cuenta poscdreamscanbloom (Drive)"
2026-05-10,19,Viva Envigado,Bouquet mamá de los sueños grande,1,180000,180000,Datafono,,,"hojas de punto de venta, cuenta poscdreamscanbloom (Drive)"
2026-05-10,19,Viva Envigado,Bouquet mamá de los sueños grande,1,180000,180000,Transferencia,,,"hojas de punto de venta, cuenta poscdreamscanbloom (Drive)"
2026-05-10,19,Viva Envigado,Bouquet mamá de los sueños grande,1,180000,180000,Efectivo,,,"hojas de punto de venta, cuenta poscdreamscanbloom (Drive)"
2026-05-10,19,Viva Envigado,Bouquet mamá de los sueños grande,1,,180000,Datafono,,"Fueron dos jarrones medianos, pero no me dejan poner el nombre","hojas de punto de venta, cuenta poscdreamscanbloom (Drive)"
2026-05-10,19,Viva Envigado,Bouquet mamá de los sueños grande,2,110000,220000,Transferencia,,Jarrón mediano,"hojas de punto de venta, cuenta poscdreamscanbloom (Drive)"
2026-05-10,19,Viva Envigado,Bouquet mamá de los sueños grande,1,180000,180000,Datafono,,,"hojas de punto de venta, cuenta poscdreamscanbloom (Drive)"
2026-05-10,19,Viva Envigado,Bouquet mamá de los sueños grande,1,180000,180000,Datafono,,,"hojas de punto de venta, cuenta poscdreamscanbloom (Drive)"
2026-05-10,19,Viva Envigado,Bouquet mamá de los sueños grande,1,180000,180000,,,,"hojas de punto de venta, cuenta poscdreamscanbloom (Drive)"
2026-05-10,19,Viva Envigado,Bouquet mamá de los sueños mediano,1,130000,130000,Transferencia,,,"hojas de punto de venta, cuenta poscdreamscanbloom (Drive)"
2026-05-10,19,Viva Envigado,Bouquet mamá de los sueños mediano,1,130000,130000,Transferencia,,,"hojas de punto de venta, cuenta poscdreamscanbloom (Drive)"
2026-05-10,19,Viva Envigado,Bouquet mamá de los sueños mediano,1,130000,130000,Datafono,,,"hojas de punto de venta, cuenta poscdreamscanbloom (Drive)"
2026-05-10,19,Viva Envigado,Bouquet mamá de los sueños mediano,1,129000,129000,Datafono,,,"hojas de punto de venta, cuenta poscdreamscanbloom (Drive)"
2026-05-10,19,Viva Envigado,Bouquet mamá de los sueños petit,1,90000,90000,Efectivo,,,"hojas de punto de venta, cuenta poscdreamscanbloom (Drive)"
2026-05-10,19,Viva Envigado,Bouquet mamá de los sueños petit,1,90000,90000,Transferencia,,,"hojas de punto de venta, cuenta poscdreamscanbloom (Drive)"
2026-05-10,19,Viva Envigado,Bouquet mamá de los sueños petit,1,90000,90000,Transferencia,,,"hojas de punto de venta, cuenta poscdreamscanbloom (Drive)"
2026-05-10,19,Viva Envigado,Bouquet mamá de los sueños petit,1,90000,90000,Transferencia,,,"hojas de punto de venta, cuenta poscdreamscanbloom (Drive)"
2026-05-10,19,Viva Envigado,Bouquet mamá de los sueños petit,1,90000,90000,Transferencia,,,"hojas de punto de venta, cuenta poscdreamscanbloom (Drive)"
2026-05-10,19,Viva Envigado,Bouquet mamá de los sueños petit,1,90000,90000,Datafono,,,"hojas de punto de venta, cuenta poscdreamscanbloom (Drive)"
2026-05-10,19,Viva Envigado,Bouquet mamá de los sueños petit,1,90000,90000,Transferencia,,,"hojas de punto de venta, cuenta poscdreamscanbloom (Drive)"
2026-05-10,19,Viva Envigado,Bouquet mamá de los sueños petit,1,90000,90000,Transferencia,,,"hojas de punto de venta, cuenta poscdreamscanbloom (Drive)"
2026-05-10,19,Viva Envigado,Bouquet mamá de los sueños petit,1,900000,88000,Transferencia,,,"hojas de punto de venta, cuenta poscdreamscanbloom (Drive)"
2026-05-10,19,Viva Envigado,Bouquet mamá de los sueños petit,1,90000,90000,Transferencia,,,"hojas de punto de venta, cuenta poscdreamscanbloom (Drive)"
2026-05-10,19,Viva Envigado,Bouquet mamá de los sueños petit,2,90000,180000,Transferencia,,,"hojas de punto de venta, cuenta poscdreamscanbloom (Drive)"
2026-05-10,19,Viva Envigado,Bouquet mamá de los sueños petit,1,90000,90000,Transferencia,,,"hojas de punto de venta, cuenta poscdreamscanbloom (Drive)"
2026-05-10,19,Viva Envigado,Bouquet mamá de los sueños petit,3,90000,270000,Datafono,,,"hojas de punto de venta, cuenta poscdreamscanbloom (Drive)"
2026-05-10,19,Viva Envigado,Bouquet mamá de los sueños petit,1,90000,90000,Datafono,,,"hojas de punto de venta, cuenta poscdreamscanbloom (Drive)"
2026-05-10,19,Viva Envigado,Bouquet mamá de los sueños petit,2,90000,180000,Transferencia,,,"hojas de punto de venta, cuenta poscdreamscanbloom (Drive)"
2026-05-10,19,Viva Envigado,Bouquet mamá de los sueños petit,1,90000,90000,Datafono,,,"hojas de punto de venta, cuenta poscdreamscanbloom (Drive)"
2026-05-10,19,Viva Envigado,Bouquet mamá de los sueños petit,1,90000,90000,Datafono,,,"hojas de punto de venta, cuenta poscdreamscanbloom (Drive)"
2026-05-10,19,Viva Envigado,Bouquet mamá de los sueños petit,1,90000,90000,Datafono,,,"hojas de punto de venta, cuenta poscdreamscanbloom (Drive)"
2026-05-10,19,Viva Envigado,Bouquet mamá de los sueños petit,2,90000,180000,Datafono,,,"hojas de punto de venta, cuenta poscdreamscanbloom (Drive)"
2026-05-10,19,Viva Envigado,Bouquet mamá de los sueños petit,1,90000,90000,Efectivo,,,"hojas de punto de venta, cuenta poscdreamscanbloom (Drive)"
2026-05-10,19,Viva Envigado,Bouquet mamá de los sueños petit,1,90000,90000,Efectivo,,,"hojas de punto de venta, cuenta poscdreamscanbloom (Drive)"
2026-05-10,19,Viva Envigado,Bouquet mamá de los sueños petit,1,90000,90000,Datafono,,,"hojas de punto de venta, cuenta poscdreamscanbloom (Drive)"
2026-05-10,19,Viva Envigado,Bouquet mamá de los sueños petit,1,90000,90000,Transferencia,,,"hojas de punto de venta, cuenta poscdreamscanbloom (Drive)"
2026-05-10,19,Viva Envigado,Bouquet mamá de los sueños petit,1,90000,90000,Transferencia,,,"hojas de punto de venta, cuenta poscdreamscanbloom (Drive)"
2026-05-10,19,Viva Envigado,Bouquet mamá de los sueños petit,1,90000,90000,Datafono,,,"hojas de punto de venta, cuenta poscdreamscanbloom (Drive)"
2026-05-10,19,Viva Envigado,Bouquet mamá de los sueños petit,1,90000,90000,Efectivo,,,"hojas de punto de venta, cuenta poscdreamscanbloom (Drive)"
2026-05-10,19,Viva Envigado,Bouquet mamá de los sueños petit,1,90000,90000,Datafono,,,"hojas de punto de venta, cuenta poscdreamscanbloom (Drive)"
2026-05-10,19,Viva Envigado,Bouquet mamá de los sueños petit,4,90000,360000,Datafono,,,"hojas de punto de venta, cuenta poscdreamscanbloom (Drive)"
2026-05-10,19,Viva Envigado,Bouquet mamá de los sueños petit,2,85000,85000,Datafono,,,"hojas de punto de venta, cuenta poscdreamscanbloom (Drive)"
2026-05-10,19,Viva Envigado,Bouquet mamá de los sueños petit,1,90000,90000,Efectivo,,,"hojas de punto de venta, cuenta poscdreamscanbloom (Drive)"
2026-05-10,19,Viva Envigado,Bouquet mamá de los sueños petit,1,85000,85000,,,,"hojas de punto de venta, cuenta poscdreamscanbloom (Drive)"
2026-05-10,19,Viva Envigado,Bouquet mamá de los sueños petit,1,88000,88000,Datafono,,,"hojas de punto de venta, cuenta poscdreamscanbloom (Drive)"
2026-05-10,19,Viva Envigado,Bouquet mamá de los sueños petit,1,90000,90000,Efectivo,,,"hojas de punto de venta, cuenta poscdreamscanbloom (Drive)"
2026-05-11,20,Viva Envigado,Cosecha Grande,1,125000,115000,Transferencia,Cosecha Grande,,"hojas de punto de venta, cuenta poscdreamscanbloom (Drive)"
2026-05-11,20,Viva Envigado,Cosecha Grande,1,125000,115000,Transferencia,Cosecha Grande,,"hojas de punto de venta, cuenta poscdreamscanbloom (Drive)"
2026-05-11,20,Viva Envigado,Cosecha Pequeño,1,105000,85000,Datafono,Cosecha Pequeño,,"hojas de punto de venta, cuenta poscdreamscanbloom (Drive)"
2026-05-11,20,Viva Envigado,Cosecha Pequeño,1,105000,90000,Datafono,Cosecha Pequeño,,"hojas de punto de venta, cuenta poscdreamscanbloom (Drive)"
2026-05-12,20,Online,Bouquet forever Dream mediano,1,120000,102000,Transferencia,,FE-1412 (Se vendio a 100.000),"hojas de punto de venta, cuenta poscdreamscanbloom (Drive)"
2026-05-12,20,Online,Bouquet mamá de los sueños grande,1,180000,180000,Transferencia,,FE-1411,"hojas de punto de venta, cuenta poscdreamscanbloom (Drive)"
2026-05-12,20,Online,Centro de mesa pequeño,4,145000,580000,Transferencia,Centro de mesa pequeño,FE-1410,"hojas de punto de venta, cuenta poscdreamscanbloom (Drive)"
2026-05-12,20,Online,Cosecha Grande,1,125000,125000,Transferencia,Cosecha Grande,Falta pagar domi,"hojas de punto de venta, cuenta poscdreamscanbloom (Drive)"
2026-05-12,20,Online,Cosecha Pequeño,1,105000,105000,Transferencia,Cosecha Pequeño,FE-1413,"hojas de punto de venta, cuenta poscdreamscanbloom (Drive)"
2026-05-12,20,Viva Envigado,Bouquet petit,1,65000,65000,Datafono,,,"hojas de punto de venta, cuenta poscdreamscanbloom (Drive)"
2026-05-12,20,Viva Envigado,Cosecha Grande,2,125000,160000,Datafono,Cosecha Grande,,"hojas de punto de venta, cuenta poscdreamscanbloom (Drive)"
2026-05-12,20,Viva Envigado,Cosecha Grande,1,125000,100000,Transferencia,Cosecha Grande,,"hojas de punto de venta, cuenta poscdreamscanbloom (Drive)"
2026-05-12,20,Viva Envigado,Cosecha Pequeño,1,105000,85000,Transferencia,Cosecha Pequeño,,"hojas de punto de venta, cuenta poscdreamscanbloom (Drive)"
2026-05-13,20,Online,Centro de mesa grande,2,235000,470000,Transferencia,,FE-1419,"hojas de punto de venta, cuenta poscdreamscanbloom (Drive)"
2026-05-13,20,Viva Envigado,Bouquet mamá de los sueños petit,1,90000,90000,Efectivo,,Se vendió en 85,"hojas de punto de venta, cuenta poscdreamscanbloom (Drive)"
2026-05-13,20,Viva Envigado,Bouquet mamá de los sueños petit,1,90000,90000,Datafono,,Se vendió en 85. 85.000+85.000=170.000,"hojas de punto de venta, cuenta poscdreamscanbloom (Drive)"
2026-05-14,20,Online,Campanulas y statice,1,55000,55000,Transferencia,Campanulas y statice (paquete),FE-1424,"hojas de punto de venta, cuenta poscdreamscanbloom (Drive)"
2026-05-14,20,Online,Centro de mesa pequeño,3,145000,435000,Transferencia,Centro de mesa pequeño,FE-1420,"hojas de punto de venta, cuenta poscdreamscanbloom (Drive)"
2026-05-14,20,Online,Cosecha Grande,1,125000,125000,Transferencia,Cosecha Grande,FE-1420,"hojas de punto de venta, cuenta poscdreamscanbloom (Drive)"
2026-05-14,20,Online,Cosecha Grande,1,125000,125000,Transferencia,Cosecha Grande,FE-1423,"hojas de punto de venta, cuenta poscdreamscanbloom (Drive)"
2026-05-14,20,Viva Envigado,Bouquet mamá de los sueños petit,1,90000,90000,Transferencia,,,"hojas de punto de venta, cuenta poscdreamscanbloom (Drive)"
2026-05-14,20,Viva Envigado,Bouquet petit,1,65000,65000,Datafono,,,"hojas de punto de venta, cuenta poscdreamscanbloom (Drive)"
2026-05-14,20,Viva Envigado,Bouquet petit,1,65000,65000,Transferencia,,,"hojas de punto de venta, cuenta poscdreamscanbloom (Drive)"
2026-05-14,20,Viva Envigado,Campanulas y statice,1,65000,65000,Transferencia,Campanulas y statice (paquete),,"hojas de punto de venta, cuenta poscdreamscanbloom (Drive)"
2026-05-14,20,Viva Envigado,Campanulas y statice,1,65000,65000,Transferencia,Campanulas y statice (paquete),,"hojas de punto de venta, cuenta poscdreamscanbloom (Drive)"
2026-05-14,20,Viva Envigado,Campanulas y statice,1,65000,65000,Datafono,Campanulas y statice (paquete),,"hojas de punto de venta, cuenta poscdreamscanbloom (Drive)"
2026-05-14,20,Viva Envigado,Campanulas y statice,1,65000,65000,Datafono,Campanulas y statice (paquete),,"hojas de punto de venta, cuenta poscdreamscanbloom (Drive)"
2026-05-14,20,Viva Envigado,Cosecha Grande,1,125000,115000,Datafono,Cosecha Grande,,"hojas de punto de venta, cuenta poscdreamscanbloom (Drive)"
2026-05-14,20,Viva Envigado,Cosecha Grande,2,125000,200000,Efectivo,Cosecha Grande,,"hojas de punto de venta, cuenta poscdreamscanbloom (Drive)"
2026-05-15,20,Online,Bouquet  Dream Land,1,285000,285000,Transferencia,,FE-1432,"hojas de punto de venta, cuenta poscdreamscanbloom (Drive)"
2026-05-15,20,Online,Bouquet mamá de los sueños mediano,1,130000,130000,Transferencia,,FE-1427,"hojas de punto de venta, cuenta poscdreamscanbloom (Drive)"
2026-05-15,20,Online,Centro de mesa pequeño,1,145000,145000,Transferencia,Centro de mesa pequeño,FE-1428,"hojas de punto de venta, cuenta poscdreamscanbloom (Drive)"
2026-05-15,20,Online,Cosecha Grande,1,125000,125000,Transferencia,Cosecha Grande,FE-1425,"hojas de punto de venta, cuenta poscdreamscanbloom (Drive)"
2026-05-15,20,Online,Cosecha Grande,3,125000,375000,Transferencia,Cosecha Grande,FE-1426,"hojas de punto de venta, cuenta poscdreamscanbloom (Drive)"
2026-05-15,20,Online,Cosecha Grande,1,125000,125000,Transferencia,Cosecha Grande,FE-1429,"hojas de punto de venta, cuenta poscdreamscanbloom (Drive)"
2026-05-15,20,Online,Cosecha Grande,1,125000,125000,Transferencia,Cosecha Grande,FE-1430,"hojas de punto de venta, cuenta poscdreamscanbloom (Drive)"
2026-05-15,20,Online,Cosecha Grande,1,125000,125000,Transferencia,Cosecha Grande,FE-1431,"hojas de punto de venta, cuenta poscdreamscanbloom (Drive)"
2026-05-15,20,Online,Zinnias,1,50000,50000,Transferencia,,FE-1431,"hojas de punto de venta, cuenta poscdreamscanbloom (Drive)"
2026-05-15,20,Viva Envigado,Bocas de dragon,1,50000,50000,Transferencia,Bocas de dragón (paquete),,"hojas de punto de venta, cuenta poscdreamscanbloom (Drive)"
2026-05-15,20,Viva Envigado,Bocas de dragon,1,50000,50000,Transferencia,Bocas de dragón (paquete),,"hojas de punto de venta, cuenta poscdreamscanbloom (Drive)"
2026-05-15,20,Viva Envigado,Bocas de dragon,1,50000,50000,Transferencia,Bocas de dragón (paquete),,"hojas de punto de venta, cuenta poscdreamscanbloom (Drive)"
2026-05-15,20,Viva Envigado,Bouquet petit,1,65000,65000,Transferencia,,Petit 85.000,"hojas de punto de venta, cuenta poscdreamscanbloom (Drive)"
2026-05-15,20,Viva Envigado,Campanula,1,50000,50000,Transferencia,Campanula (paquete),"Campanula con Nigellas 65.000, 30 en efectivo y 35 transferencia","hojas de punto de venta, cuenta poscdreamscanbloom (Drive)"
2026-05-15,20,Viva Envigado,Campanula,1,50000,50000,Transferencia,Campanula (paquete),Campanula con Nigellas 65.000,"hojas de punto de venta, cuenta poscdreamscanbloom (Drive)"
2026-05-15,20,Viva Envigado,Cosecha Grande,1,125000,125000,Transferencia,Cosecha Grande,,"hojas de punto de venta, cuenta poscdreamscanbloom (Drive)"
2026-05-15,20,Viva Envigado,Cosecha Grande,1,125000,125000,Datafono,Cosecha Grande,,"hojas de punto de venta, cuenta poscdreamscanbloom (Drive)"
2026-05-15,20,Viva Envigado,Cosecha Pequeño,1,105000,105000,Transferencia,Cosecha Pequeño,,"hojas de punto de venta, cuenta poscdreamscanbloom (Drive)"
2026-05-15,20,Viva Envigado,Cosecha Pequeño,1,105000,105000,Datafono,Cosecha Pequeño,,"hojas de punto de venta, cuenta poscdreamscanbloom (Drive)"
2026-05-15,20,Viva Envigado,Green ball,1,40000,40000,Transferencia,Green ball (paquete),,"hojas de punto de venta, cuenta poscdreamscanbloom (Drive)"
2026-05-16,20,Online,Campanulas y statice,1,55000,55000,Transferencia,Campanulas y statice (paquete),FE-1434,"hojas de punto de venta, cuenta poscdreamscanbloom (Drive)"
2026-05-16,20,Online,Cosecha Grande,1,125000,125000,Transferencia,Cosecha Grande,FE-1434,"hojas de punto de venta, cuenta poscdreamscanbloom (Drive)"
2026-05-16,20,Online,Cosecha Grande,2,125000,250000,Transferencia,Cosecha Grande,FE-1436,"hojas de punto de venta, cuenta poscdreamscanbloom (Drive)"
2026-05-16,20,Online,Cosecha Grande,1,125000,125000,Transferencia,Cosecha Grande,FE-1437,"hojas de punto de venta, cuenta poscdreamscanbloom (Drive)"
2026-05-16,20,Online,Cosecha Pequeño,1,105000,89250,Transferencia,Cosecha Pequeño,FE-1435 wix,"hojas de punto de venta, cuenta poscdreamscanbloom (Drive)"
2026-05-16,20,Online,Florero mamá de los sueños mediano,2,310000,620000,Transferencia,,FE-1438,"hojas de punto de venta, cuenta poscdreamscanbloom (Drive)"
2026-05-16,20,Viva Envigado,Bouquet petit,1,65000,65000,Datafono,,Petit 85.000,"hojas de punto de venta, cuenta poscdreamscanbloom (Drive)"
2026-05-16,20,Viva Envigado,Bouquet petit,1,65000,65000,Transferencia,,"Petit de 85.000 con descuento del 10%, cliente pagó 76.500","hojas de punto de venta, cuenta poscdreamscanbloom (Drive)"
2026-05-16,20,Viva Envigado,Campanula,2,50000,100000,Transferencia,Campanula (paquete),,"hojas de punto de venta, cuenta poscdreamscanbloom (Drive)"
2026-05-16,20,Viva Envigado,Campanula,2,50000,100000,Efectivo,Campanula (paquete),Campanula con Nigellas 65.000 c/u,"hojas de punto de venta, cuenta poscdreamscanbloom (Drive)"
2026-05-16,20,Viva Envigado,Cosecha Grande,2,125000,0,Online,Cosecha Grande,,"hojas de punto de venta, cuenta poscdreamscanbloom (Drive)"
2026-05-16,20,Viva Envigado,Cosecha Grande,1,125000,125000,Transferencia,Cosecha Grande,,"hojas de punto de venta, cuenta poscdreamscanbloom (Drive)"
2026-05-16,20,Viva Envigado,Cosecha Grande,1,125000,112500,Datafono,Cosecha Grande,Cliente pagó 115.000,"hojas de punto de venta, cuenta poscdreamscanbloom (Drive)"
2026-05-16,20,Viva Envigado,Cosecha Pequeño,1,105000,0,Online,Cosecha Pequeño,,"hojas de punto de venta, cuenta poscdreamscanbloom (Drive)"
2026-05-16,20,Viva Envigado,Cosecha Pequeño,1,105000,105000,Datafono,Cosecha Pequeño,,"hojas de punto de venta, cuenta poscdreamscanbloom (Drive)"
2026-05-16,20,Viva Envigado,Green ball,2,40000,80000,Transferencia,Green ball (paquete),,"hojas de punto de venta, cuenta poscdreamscanbloom (Drive)"
2026-05-16,20,Viva Envigado,Green ball,1,40000,40000,Efectivo,Green ball (paquete),,"hojas de punto de venta, cuenta poscdreamscanbloom (Drive)"
2026-05-17,20,Viva Envigado,Campanula,1,50000,45000,Transferencia,Campanula (paquete),,"hojas de punto de venta, cuenta poscdreamscanbloom (Drive)"
2026-05-17,20,Viva Envigado,Campanulas y statice,1,55000,55000,Datafono,Campanulas y statice (paquete),Es capanulas con nigellas a 65 mil pero no la lista no encontré el nombre del ramo,"hojas de punto de venta, cuenta poscdreamscanbloom (Drive)"
2026-05-17,20,Viva Envigado,Cosecha Pequeño,1,105000,105000,Datafono,Cosecha Pequeño,,"hojas de punto de venta, cuenta poscdreamscanbloom (Drive)"
2026-05-19,21,Online,Bouquet pureza,1,160000,160000,Transferencia,Bouquet pureza,FE-1440,"hojas de punto de venta, cuenta poscdreamscanbloom (Drive)"
2026-05-19,21,Online,Bouquet pureza,1,160000,160000,Transferencia,Bouquet pureza,FE-1441,"hojas de punto de venta, cuenta poscdreamscanbloom (Drive)"
2026-05-19,21,Online,Campanulas y statice,1,55000,55000,Transferencia,Campanulas y statice (paquete),FE-1444,"hojas de punto de venta, cuenta poscdreamscanbloom (Drive)"
2026-05-19,21,Online,Cosecha Grande,1,125000,125000,Transferencia,Cosecha Grande,FE-1442,"hojas de punto de venta, cuenta poscdreamscanbloom (Drive)"
2026-05-19,21,Online,Cosecha Grande,1,125000,125000,Transferencia,Cosecha Grande,FE-1444,"hojas de punto de venta, cuenta poscdreamscanbloom (Drive)"
2026-05-19,21,Online,Edicion Especial Lisianthus,1,95000,95000,Transferencia,Edicion Especial Lisianthus,FE-1443,"hojas de punto de venta, cuenta poscdreamscanbloom (Drive)"
2026-05-20,21,Online,Bouquet forever Dream mediano,1,120000,120000,Transferencia,,FE-1446,"hojas de punto de venta, cuenta poscdreamscanbloom (Drive)"
2026-05-20,21,Online,Campanulas y statice,1,55000,55000,Transferencia,Campanulas y statice (paquete),FE-1447,"hojas de punto de venta, cuenta poscdreamscanbloom (Drive)"
2026-05-20,21,Online,Cosecha Grande,1,125000,125000,Transferencia,Cosecha Grande,FE-1449,"hojas de punto de venta, cuenta poscdreamscanbloom (Drive)"
2026-05-20,21,Online,Cosecha Grande,4,125000,500000,Transferencia,Cosecha Grande,FE-1450,"hojas de punto de venta, cuenta poscdreamscanbloom (Drive)"
2026-05-20,21,Online,Edicion Especial Lisianthus,1,95000,95000,Transferencia,Edicion Especial Lisianthus,FE-1449,"hojas de punto de venta, cuenta poscdreamscanbloom (Drive)"
2026-05-20,21,Viva Envigado,Bouquet mamá de los sueños petit,1,90000,90000,Transferencia,,Se cobró en 85,"hojas de punto de venta, cuenta poscdreamscanbloom (Drive)"
2026-05-20,21,Viva Envigado,Bouquet mamá de los sueños petit,1,90000,90000,Transferencia,,Se vendió en 85,"hojas de punto de venta, cuenta poscdreamscanbloom (Drive)"
2026-05-20,21,Viva Envigado,Cosecha Grande,1,125000,0,Online,Cosecha Grande,,"hojas de punto de venta, cuenta poscdreamscanbloom (Drive)"
2026-05-20,21,Viva Envigado,Edicion Especial Lisianthus,1,95000,0,Online,Edicion Especial Lisianthus,,"hojas de punto de venta, cuenta poscdreamscanbloom (Drive)"
2026-05-20,21,Viva Envigado,Edicion Especial Lisianthus,1,95000,95000,Transferencia,Edicion Especial Lisianthus,,"hojas de punto de venta, cuenta poscdreamscanbloom (Drive)"
2026-05-20,21,Viva Envigado,Green ball,1,40000,40000,Datafono,Green ball (paquete),,"hojas de punto de venta, cuenta poscdreamscanbloom (Drive)"
2026-05-20,21,Viva Envigado,Green ball,1,40000,40000,Datafono,Green ball (paquete),,"hojas de punto de venta, cuenta poscdreamscanbloom (Drive)"
2026-05-21,21,Online,Campanulas y statice,1,55000,55000,Transferencia,Campanulas y statice (paquete),FE-1457,"hojas de punto de venta, cuenta poscdreamscanbloom (Drive)"
2026-05-21,21,Online,Cosecha Grande,1,125000,125000,Transferencia,Cosecha Grande,FE-1458,"hojas de punto de venta, cuenta poscdreamscanbloom (Drive)"
2026-05-21,21,Online,Cosecha Grande,1,125000,125000,Transferencia,Cosecha Grande,FE-1459,"hojas de punto de venta, cuenta poscdreamscanbloom (Drive)"
2026-05-21,21,Viva Envigado,Bouquet mamá de los sueños petit,2,85000,85000,Datafono,,,"hojas de punto de venta, cuenta poscdreamscanbloom (Drive)"
2026-05-22,21,Online,Campanulas y statice,1,55000,55000,Transferencia,Campanulas y statice (paquete),FE-1466,"hojas de punto de venta, cuenta poscdreamscanbloom (Drive)"
2026-05-22,21,Online,Cosecha Grande,1,125000,125000,Transferencia,Cosecha Grande,FE-1465,"hojas de punto de venta, cuenta poscdreamscanbloom (Drive)"
2026-05-22,21,Online,Cosecha Grande,1,125000,125000,Transferencia,Cosecha Grande,FE-1467,"hojas de punto de venta, cuenta poscdreamscanbloom (Drive)"
2026-05-23,21,Online,Bouquet pureza,2,160000,320000,Transferencia,Bouquet pureza,FE-1468,"hojas de punto de venta, cuenta poscdreamscanbloom (Drive)"
2026-05-23,21,Online,Green ball,4,40000,160000,Transferencia,Green ball (paquete),FE-1456,"hojas de punto de venta, cuenta poscdreamscanbloom (Drive)"
2026-05-25,22,Online,Amaranto cascada,1,50000,50000,,Amaranto cascada (paquete),FE-1474,"hojas de punto de venta, cuenta poscdreamscanbloom (Drive)"
2026-05-25,22,Online,Amaranto cascada,2,50000,100000,Transferencia,Amaranto cascada (paquete),Falta FE,"hojas de punto de venta, cuenta poscdreamscanbloom (Drive)"
2026-05-25,22,Online,Bouquet Greenery,1,100000,90000,Transferencia,,FE-1473,"hojas de punto de venta, cuenta poscdreamscanbloom (Drive)"
2026-05-25,22,Online,Campanula,2,50000,100000,Transferencia,Campanula (paquete),FE-1462,"hojas de punto de venta, cuenta poscdreamscanbloom (Drive)"
2026-05-25,22,Online,Campanula,1,50000,50000,Transferencia,Campanula (paquete),FE-1472,"hojas de punto de venta, cuenta poscdreamscanbloom (Drive)"
2026-05-25,22,Online,Campanulas y statice,1,55000,55000,Transferencia,Campanulas y statice (paquete),FE-1464 (Campanulas con statice),"hojas de punto de venta, cuenta poscdreamscanbloom (Drive)"
2026-05-25,22,Online,Campanulas y statice,1,55000,55000,Transferencia,Campanulas y statice (paquete),FE-1477,"hojas de punto de venta, cuenta poscdreamscanbloom (Drive)"
2026-05-25,22,Online,Celosias baby con follaje,1,75000,75000,Transferencia,,Falta FE,"hojas de punto de venta, cuenta poscdreamscanbloom (Drive)"
2026-05-25,22,Online,Centro de mesa pequeño,1,145000,145000,Transferencia,Centro de mesa pequeño,FE-1461,"hojas de punto de venta, cuenta poscdreamscanbloom (Drive)"
2026-05-25,22,Online,Cosecha Grande,2,125000,250000,Transferencia,Cosecha Grande,FE-1469,"hojas de punto de venta, cuenta poscdreamscanbloom (Drive)"
2026-05-25,22,Online,Cosecha Pequeño,1,105000,105000,Transferencia,Cosecha Pequeño,FE-1475,"hojas de punto de venta, cuenta poscdreamscanbloom (Drive)"
2026-05-25,22,Online,Cosecha Pequeño,1,105000,105000,Transferencia,Cosecha Pequeño,FE-1478,"hojas de punto de venta, cuenta poscdreamscanbloom (Drive)"
2026-05-25,22,Online,Green ball y mini green,1,40000,40000,Transferencia,,FE-1476,"hojas de punto de venta, cuenta poscdreamscanbloom (Drive)"
2026-05-26,22,Online,Bocas de dragon,2,50000,100000,Transferencia,Bocas de dragón (paquete),"No se facturo, pedido Chechy Baena","hojas de punto de venta, cuenta poscdreamscanbloom (Drive)"
2026-05-26,22,Online,Bouquet forever Dream pequeño,1,85000,85000,Datafono,,FE-1479,"hojas de punto de venta, cuenta poscdreamscanbloom (Drive)"
2026-05-26,22,Online,Campanula,3,50000,150000,Transferencia,Campanula (paquete),"No se facturo, pedido Chechy Baena","hojas de punto de venta, cuenta poscdreamscanbloom (Drive)"
2026-05-26,22,Online,Campanula,2,50000,100000,Transferencia,Campanula (paquete),"No se facturo, pedido Paola Trujillo","hojas de punto de venta, cuenta poscdreamscanbloom (Drive)"
2026-05-26,22,Online,Cosecha Grande,2,125000,250000,Transferencia,Cosecha Grande,"No se facturo, pedido Chechy Baena","hojas de punto de venta, cuenta poscdreamscanbloom (Drive)"
2026-05-26,22,Online,Cosecha Pequeño,1,105000,105000,Transferencia,Cosecha Pequeño,FE-1481,"hojas de punto de venta, cuenta poscdreamscanbloom (Drive)"
2026-05-26,22,Online,Cosecha Pequeño,1,105000,105000,Transferencia,Cosecha Pequeño,"No se facturo, pedido Chechy Baena","hojas de punto de venta, cuenta poscdreamscanbloom (Drive)"
2026-05-26,22,Online,Green ball,3,40000,120000,Transferencia,Green ball (paquete),"No se facturo, pedido Chechy Baena","hojas de punto de venta, cuenta poscdreamscanbloom (Drive)"
2026-05-28,22,Online,Amaranto cascada,7,50000,350000,Transferencia,Amaranto cascada (paquete),FE-1492,"hojas de punto de venta, cuenta poscdreamscanbloom (Drive)"
2026-05-28,22,Online,Amaranto cascada,2,50000,100000,Transferencia,Amaranto cascada (paquete),FE-1483,"hojas de punto de venta, cuenta poscdreamscanbloom (Drive)"
2026-05-28,22,Online,Amaranto cascada,2,50000,100000,Transferencia,Amaranto cascada (paquete),FE-1491,"hojas de punto de venta, cuenta poscdreamscanbloom (Drive)"
2026-05-28,22,Online,Bocas de dragon,2,50000,100000,Transferencia,Bocas de dragón (paquete),FE-1490,"hojas de punto de venta, cuenta poscdreamscanbloom (Drive)"
2026-05-28,22,Online,Bouquet pureza,1,160000,160000,Transferencia,Bouquet pureza,FE-1486,"hojas de punto de venta, cuenta poscdreamscanbloom (Drive)"
2026-05-28,22,Online,Campanula,3,50000,150000,Transferencia,Campanula (paquete),FE-1489,"hojas de punto de venta, cuenta poscdreamscanbloom (Drive)"
2026-05-28,22,Online,Celosias baby con follaje,1,75000,75000,Transferencia,,FE-1484,"hojas de punto de venta, cuenta poscdreamscanbloom (Drive)"
2026-05-28,22,Online,Centro de mesa pequeño,1,145000,145000,Transferencia,Centro de mesa pequeño,FE-1493,"hojas de punto de venta, cuenta poscdreamscanbloom (Drive)"
2026-05-28,22,Online,Cosecha Grande,1,125000,125000,Transferencia,Cosecha Grande,FE-1494,"hojas de punto de venta, cuenta poscdreamscanbloom (Drive)"
2026-05-28,22,Online,Cosecha Grande,1,125000,125000,Transferencia,Cosecha Grande,FE-1482,"hojas de punto de venta, cuenta poscdreamscanbloom (Drive)"
2026-05-28,22,Online,Cosecha Pequeño,1,105000,105000,Transferencia,Cosecha Pequeño,FE-1488,"hojas de punto de venta, cuenta poscdreamscanbloom (Drive)"
2026-05-29,22,Online,Amaranto cascada,1,50000,50000,Transferencia,Amaranto cascada (paquete),FE-1497,"hojas de punto de venta, cuenta poscdreamscanbloom (Drive)"
2026-05-29,22,Online,Amaranto cascada,1,50000,50000,Transferencia,Amaranto cascada (paquete),FE-1506,"hojas de punto de venta, cuenta poscdreamscanbloom (Drive)"
2026-05-29,22,Online,Bocas de dragon,2,50000,65000,Transferencia,Bocas de dragón (paquete),FE-1500,"hojas de punto de venta, cuenta poscdreamscanbloom (Drive)"
2026-05-29,22,Online,Bocas de dragon,2,50000,100000,Transferencia,Bocas de dragón (paquete),FE-1502,"hojas de punto de venta, cuenta poscdreamscanbloom (Drive)"
2026-05-29,22,Online,Bocas de dragon,1,50000,50000,Transferencia,Bocas de dragón (paquete),FE-1504,"hojas de punto de venta, cuenta poscdreamscanbloom (Drive)"
2026-05-29,22,Online,Bouquet  Dream Land,1,285000,285000,Transferencia,,FE-1505,"hojas de punto de venta, cuenta poscdreamscanbloom (Drive)"
2026-05-29,22,Online,Bouquet Greenery,1,100000,100000,Transferencia,,FE-1499,"hojas de punto de venta, cuenta poscdreamscanbloom (Drive)"
2026-05-29,22,Online,Bouquet pureza,1,160000,160000,Transferencia,Bouquet pureza,FE-1505,"hojas de punto de venta, cuenta poscdreamscanbloom (Drive)"
2026-05-29,22,Online,Campanula,1,50000,50000,Transferencia,Campanula (paquete),FE-1497,"hojas de punto de venta, cuenta poscdreamscanbloom (Drive)"
2026-05-29,22,Online,Cosecha Grande,1,125000,125000,Transferencia,Cosecha Grande,FE-1511,"hojas de punto de venta, cuenta poscdreamscanbloom (Drive)"
2026-05-30,22,Online,Celosias plumosas,2,50000,100000,Transferencia,Celosias plumosas,FE-1513,"hojas de punto de venta, cuenta poscdreamscanbloom (Drive)"
2026-05-30,22,Online,Cosecha Grande,1,125000,106250,Transferencia,Cosecha Grande,FE-1512 wix,"hojas de punto de venta, cuenta poscdreamscanbloom (Drive)"
2026-05-30,22,Online,Cosecha Grande,1,125000,112500,Transferencia,Cosecha Grande,FE-1514,"hojas de punto de venta, cuenta poscdreamscanbloom (Drive)"
2026-06-01,23,Online,Bocas de dragon,1,35000,35000,Transferencia,Bocas de dragón (paquete),FE1517,"hojas de punto de venta, cuenta poscdreamscanbloom (Drive)"
2026-06-01,23,Online,Bocas de dragon,1,35000,24500,Transferencia,Bocas de dragón (paquete),FE1519,"hojas de punto de venta, cuenta poscdreamscanbloom (Drive)"
2026-06-01,23,Online,Bocas de dragon,1,35000,24500,Transferencia,Bocas de dragón (paquete),FE1521,"hojas de punto de venta, cuenta poscdreamscanbloom (Drive)"
2026-06-01,23,Online,Bouquet pureza,1,160000,160000,Transferencia,Bouquet pureza,FE1520,"hojas de punto de venta, cuenta poscdreamscanbloom (Drive)"
2026-06-01,23,Online,Bouquet pureza,1,160000,160000,Transferencia,Bouquet pureza,FE1522,"hojas de punto de venta, cuenta poscdreamscanbloom (Drive)"
2026-06-01,23,Online,Cosecha Grande,1,125000,125000,Transferencia,Cosecha Grande,FE1516,"hojas de punto de venta, cuenta poscdreamscanbloom (Drive)"
2026-06-01,23,Online,Cosecha Grande,1,125000,125000,Transferencia,Cosecha Grande,FE1519,"hojas de punto de venta, cuenta poscdreamscanbloom (Drive)"
2026-06-01,23,Online,Gomphrenas,1,45000,45000,Transferencia,Gomphrenas (paquete grande),FE1515,"hojas de punto de venta, cuenta poscdreamscanbloom (Drive)"
2026-06-01,23,Online,Paquete girasol blanco,2,45000,90000,Transferencia,Paquete girasol blanco,FE1518,"hojas de punto de venta, cuenta poscdreamscanbloom (Drive)"
2026-06-02,23,Online,Amaranto cascada,7,50000,262500,Transferencia,Amaranto cascada (paquete),FE-1530,"hojas de punto de venta, cuenta poscdreamscanbloom (Drive)"
2026-06-02,23,Online,Bocas de dragon,1,35000,35000,Transferencia,Bocas de dragón (paquete),FE-1525,"hojas de punto de venta, cuenta poscdreamscanbloom (Drive)"
2026-06-02,23,Online,Bocas de dragon,1,35000,35000,Transferencia,Bocas de dragón (paquete),FE-1534,"hojas de punto de venta, cuenta poscdreamscanbloom (Drive)"
2026-06-02,23,Online,Bouquet forever Dream mediano,1,120000,120000,Transferencia,,FE-1525,"hojas de punto de venta, cuenta poscdreamscanbloom (Drive)"
2026-06-02,23,Online,Campanula,2,50000,75000,Transferencia,Campanula (paquete),FE-1530,"hojas de punto de venta, cuenta poscdreamscanbloom (Drive)"
2026-06-02,23,Online,Campanula,1,50000,50000,Transferencia,Campanula (paquete),FE-1534,"hojas de punto de venta, cuenta poscdreamscanbloom (Drive)"
2026-06-02,23,Online,Centro de mesa pequeño,8,145000,1.16e+06,Transferencia,Centro de mesa pequeño,FE-1534,"hojas de punto de venta, cuenta poscdreamscanbloom (Drive)"
2026-06-02,23,Online,Cosecha Grande,1,125000,125000,Transferencia,Cosecha Grande,FE-1524,"hojas de punto de venta, cuenta poscdreamscanbloom (Drive)"
2026-06-02,23,Online,Cosecha Grande,1,125000,125000,Transferencia,Cosecha Grande,FE-1527,"hojas de punto de venta, cuenta poscdreamscanbloom (Drive)"
2026-06-02,23,Online,Cosecha Grande,2,125000,250000,Transferencia,Cosecha Grande,FE-1534,"hojas de punto de venta, cuenta poscdreamscanbloom (Drive)"
2026-06-02,23,Online,Dream Big,2,270000,540000,Transferencia,Dream Big,FE-1534,"hojas de punto de venta, cuenta poscdreamscanbloom (Drive)"
2026-06-02,23,Online,Florero mediano,2,110000,198000,Transferencia,,FE-1534,"hojas de punto de venta, cuenta poscdreamscanbloom (Drive)"
2026-06-02,23,Online,Gomphrenas,2,45000,76500,Transferencia,Gomphrenas (paquete grande),FE-1530,"hojas de punto de venta, cuenta poscdreamscanbloom (Drive)"
2026-06-02,23,Online,Laskpur,1,50000,50000,Transferencia,,FE-1531,"hojas de punto de venta, cuenta poscdreamscanbloom (Drive)"
2026-06-02,23,Online,Laskpur,2,50000,100000,Transferencia,,FE-1532,"hojas de punto de venta, cuenta poscdreamscanbloom (Drive)"
2026-06-02,23,Online,Paquete ammobium,1,45000,45000,Transferencia,Paquete ammobium,FE-1531,"hojas de punto de venta, cuenta poscdreamscanbloom (Drive)"
2026-06-02,23,Online,Paquete girasol blanco,1,45000,45000,Transferencia,Paquete girasol blanco,FE-1531,"hojas de punto de venta, cuenta poscdreamscanbloom (Drive)"
2026-06-02,23,Online,Paquete statice pink dreams,1,40000,40000,Transferencia,Paquete statice pink dreams,FE-1534,"hojas de punto de venta, cuenta poscdreamscanbloom (Drive)"
2026-06-02,23,Online,Paquete statice y larkspur,2,65000,130000,Transferencia,,FE-1534,"hojas de punto de venta, cuenta poscdreamscanbloom (Drive)"
2026-06-02,23,Online,Paquete zinnias sunset,1,58000,58000,Transferencia,Paquete zinnias sunset,FE-1531,"hojas de punto de venta, cuenta poscdreamscanbloom (Drive)"
2026-06-03,23,Online,Bocas de dragon,2,35000,70000,Transferencia,Bocas de dragón (paquete),FE1540,"hojas de punto de venta, cuenta poscdreamscanbloom (Drive)"
2026-06-03,23,Online,Bouquet petit,1,65000,65000,Transferencia,,FE1536,"hojas de punto de venta, cuenta poscdreamscanbloom (Drive)"
2026-06-03,23,Online,Cosecha Grande,1,125000,125000,Transferencia,Cosecha Grande,FE1537,"hojas de punto de venta, cuenta poscdreamscanbloom (Drive)"
2026-06-03,23,Online,Cosecha Grande,1,125000,125000,Transferencia,Cosecha Grande,FE1541,"hojas de punto de venta, cuenta poscdreamscanbloom (Drive)"
2026-06-03,23,Online,Cosecha Pequeño,1,105000,105000,Transferencia,Cosecha Pequeño,FE1539,"hojas de punto de venta, cuenta poscdreamscanbloom (Drive)"
2026-06-03,23,Online,Cosecha Pequeño,1,105000,105000,Transferencia,Cosecha Pequeño,FE1540,"hojas de punto de venta, cuenta poscdreamscanbloom (Drive)"
2026-06-03,23,Online,Paquete statice y larkspur,1,65000,65000,Transferencia,,FE1540,"hojas de punto de venta, cuenta poscdreamscanbloom (Drive)"
2026-06-03,23,Online,Paquete zinnias sunset,1,58000,58000,Transferencia,Paquete zinnias sunset,FE1535,"hojas de punto de venta, cuenta poscdreamscanbloom (Drive)"
2026-06-03,23,Online,Strawflower dream mix,3,40000,120000,Transferencia,Strawflower dream mix,FE1538,"hojas de punto de venta, cuenta poscdreamscanbloom (Drive)"
2026-06-04,23,Online,Cosecha Grande,1,125000,125000,Transferencia,Cosecha Grande,FE-1542,"hojas de punto de venta, cuenta poscdreamscanbloom (Drive)"
2026-06-04,23,Online,Cosecha Grande,1,125000,125000,Transferencia,Cosecha Grande,FE-1543,"hojas de punto de venta, cuenta poscdreamscanbloom (Drive)"
2026-06-04,23,Online,Cosecha Grande,1,125000,125000,Transferencia,Cosecha Grande,FE-1545,"hojas de punto de venta, cuenta poscdreamscanbloom (Drive)"
2026-06-04,23,Online,Cosecha Pequeño,1,105000,105000,Transferencia,Cosecha Pequeño,FE-1543,"hojas de punto de venta, cuenta poscdreamscanbloom (Drive)"
2026-06-04,23,Online,Cosecha Pequeño,1,105000,105000,Transferencia,Cosecha Pequeño,FE-1544,"hojas de punto de venta, cuenta poscdreamscanbloom (Drive)"
2026-06-05,23,Online,Cosecha Grande,4,125000,425000,Transferencia,Cosecha Grande,FE-1548,"hojas de punto de venta, cuenta poscdreamscanbloom (Drive)"
2026-06-06,23,Online,Cosecha Pequeño,1,105000,105000,Transferencia,Cosecha Pequeño,FE-1550,"hojas de punto de venta, cuenta poscdreamscanbloom (Drive)"
2026-06-09,24,Online,Bocas de dragon,2,35000,70000,Transferencia,Bocas de dragón (paquete),FE-1559,"hojas de punto de venta, cuenta poscdreamscanbloom (Drive)"
2026-06-09,24,Online,Bouquet forever Dream pequeño,1,85000,85000,Transferencia,,FE-1555,"hojas de punto de venta, cuenta poscdreamscanbloom (Drive)"
2026-06-09,24,Online,Campanula,1,50000,50000,Transferencia,Campanula (paquete),FE-1553,"hojas de punto de venta, cuenta poscdreamscanbloom (Drive)"
2026-06-09,24,Online,Campanulas y statice,1,55000,49500,Transferencia,Campanulas y statice (paquete),FE-1551,"hojas de punto de venta, cuenta poscdreamscanbloom (Drive)"
2026-06-09,24,Online,Cosecha Grande,6,125000,637500,Transferencia,Cosecha Grande,FE-1552,"hojas de punto de venta, cuenta poscdreamscanbloom (Drive)"
2026-06-09,24,Online,Cosecha Grande,1,125000,125000,Transferencia,Cosecha Grande,FE-1557,"hojas de punto de venta, cuenta poscdreamscanbloom (Drive)"
2026-06-09,24,Online,Cosecha Pequeño,6,105000,535500,Transferencia,Cosecha Pequeño,FE-1552,"hojas de punto de venta, cuenta poscdreamscanbloom (Drive)"
2026-06-09,24,Online,Cosecha Pequeño,1,105000,105000,Transferencia,Cosecha Pequeño,FE-1556,"hojas de punto de venta, cuenta poscdreamscanbloom (Drive)"
2026-06-09,24,Online,Laskpur,1,50000,50000,Transferencia,,FE-1558,"hojas de punto de venta, cuenta poscdreamscanbloom (Drive)"
2026-06-09,24,Online,Paquete zinnias pink,2,58000,116000,Transferencia,,FE-1554,"hojas de punto de venta, cuenta poscdreamscanbloom (Drive)"
2026-06-10,24,Online,Bocas de dragon,1,35000,35000,Transferencia,Bocas de dragón (paquete),FE-1560,"hojas de punto de venta, cuenta poscdreamscanbloom (Drive)"
2026-06-10,24,Online,Bouquet Greenery,1,90000,90000,Transferencia,,FE-1563,"hojas de punto de venta, cuenta poscdreamscanbloom (Drive)"
2026-06-10,24,Online,Bouquet Greenery,1,90000,90000,Transferencia,,FE-1564,"hojas de punto de venta, cuenta poscdreamscanbloom (Drive)"
2026-06-10,24,Online,Bouquet pureza,1,160000,160000,Transferencia,Bouquet pureza,FE-1565,"hojas de punto de venta, cuenta poscdreamscanbloom (Drive)"
2026-06-10,24,Online,Centro de mesa pequeño,2,145000,290000,Transferencia,Centro de mesa pequeño,FE-1561,"hojas de punto de venta, cuenta poscdreamscanbloom (Drive)"
2026-06-10,24,Online,Cosecha Pequeño,2,105000,210000,Transferencia,Cosecha Pequeño,FE-1566,"hojas de punto de venta, cuenta poscdreamscanbloom (Drive)"
2026-06-10,24,Online,Laskpur,1,50000,50000,Transferencia,,FE-1560,"hojas de punto de venta, cuenta poscdreamscanbloom (Drive)"
2026-06-10,24,Online,Paquete ammobium,1,45000,45000,Transferencia,Paquete ammobium,FE-1560,"hojas de punto de venta, cuenta poscdreamscanbloom (Drive)"
2026-06-10,24,Online,Paquete girasol blanco,1,45000,45000,Transferencia,Paquete girasol blanco,FE-1562,"hojas de punto de venta, cuenta poscdreamscanbloom (Drive)"
2026-06-10,24,Online,Paquete girasol blanco,1,45000,45000,Transferencia,Paquete girasol blanco,FE-1567,"hojas de punto de venta, cuenta poscdreamscanbloom (Drive)"
2026-06-10,24,Online,Rayito de sol,1,55000,55000,Transferencia,Rayito de sol,FE-1567,"hojas de punto de venta, cuenta poscdreamscanbloom (Drive)"
2026-06-11,24,Online,Bocas de dragon,1,35000,35000,Transferencia,Bocas de dragón (paquete),FE-1569,"hojas de punto de venta, cuenta poscdreamscanbloom (Drive)"
2026-06-11,24,Online,Bocas de dragon,2,35000,70000,Transferencia,Bocas de dragón (paquete),FE-1573,"hojas de punto de venta, cuenta poscdreamscanbloom (Drive)"
2026-06-11,24,Online,Cosecha Grande,1,125000,106250,Transferencia,Cosecha Grande,FE-1571,"hojas de punto de venta, cuenta poscdreamscanbloom (Drive)"
2026-06-11,24,Online,Cosecha Pequeño,1,105000,89250,Transferencia,Cosecha Pequeño,FE-1571,"hojas de punto de venta, cuenta poscdreamscanbloom (Drive)"
2026-06-11,24,Online,Paquete girasol blanco,2,45000,90000,Transferencia,Paquete girasol blanco,FE-1570,"hojas de punto de venta, cuenta poscdreamscanbloom (Drive)"
2026-06-11,24,Online,Paquete statice pink dreams,1,40000,40000,Transferencia,Paquete statice pink dreams,FE-1572,"hojas de punto de venta, cuenta poscdreamscanbloom (Drive)"
2026-06-11,24,Online,Rayito de sol,1,55000,55000,Transferencia,Rayito de sol,FE-1572,"hojas de punto de venta, cuenta poscdreamscanbloom (Drive)"
2026-06-12,24,Online,Bouquet forever Dream mediano,1,120000,120000,Transferencia,,FE-1574,"hojas de punto de venta, cuenta poscdreamscanbloom (Drive)"
2026-06-13,24,Online,Bouquet pureza,1,160000,160000,Transferencia,Bouquet pureza,FE-1577,"hojas de punto de venta, cuenta poscdreamscanbloom (Drive)"
2026-06-13,24,Online,Cosecha Pequeño,1,105000,105000,Transferencia,Cosecha Pequeño,FE-1575,"hojas de punto de venta, cuenta poscdreamscanbloom (Drive)"
2026-06-13,24,Online,My love,1,65000,65000,Transferencia,,FE-1576,"hojas de punto de venta, cuenta poscdreamscanbloom (Drive)"
2026-06-16,25,Online,Cosecha Grande,1,125000,125000,Transferencia,Cosecha Grande,FE-1580,"hojas de punto de venta, cuenta poscdreamscanbloom (Drive)"
2026-06-16,25,Online,Cosecha Grande,1,125000,106250,Transferencia,Cosecha Grande,FE-1581,"hojas de punto de venta, cuenta poscdreamscanbloom (Drive)"
2026-06-16,25,Online,Cosecha Grande,1,125000,125000,Transferencia,Cosecha Grande,FE-1585,"hojas de punto de venta, cuenta poscdreamscanbloom (Drive)"
2026-06-16,25,Online,Cosecha Pequeño,2,105000,210000,Transferencia,Cosecha Pequeño,FE-1579,"hojas de punto de venta, cuenta poscdreamscanbloom (Drive)"
2026-06-16,25,Online,Cosecha Pequeño,1,105000,105000,Transferencia,Cosecha Pequeño,FE-1584,"hojas de punto de venta, cuenta poscdreamscanbloom (Drive)"
2026-06-16,25,Online,Dream Big,1,270000,175500,Transferencia,Dream Big,FE-1586,"hojas de punto de venta, cuenta poscdreamscanbloom (Drive)"
2026-06-16,25,Online,My love,1,65000,65000,Transferencia,,FE-1582,"hojas de punto de venta, cuenta poscdreamscanbloom (Drive)"
2026-06-16,25,Online,Paquete amaranto velvet,1,45000,45000,Transferencia,,FE-1579,"hojas de punto de venta, cuenta poscdreamscanbloom (Drive)"
2026-06-16,25,Online,Paquete ammobium,1,45000,45000,Transferencia,Paquete ammobium,FE-1583,"hojas de punto de venta, cuenta poscdreamscanbloom (Drive)"
2026-06-16,25,Online,Paquete girasol blanco,1,45000,45000,Transferencia,Paquete girasol blanco,FE-1580,"hojas de punto de venta, cuenta poscdreamscanbloom (Drive)"
2026-06-16,25,Online,Paquete girasol blanco,1,45000,45000,Transferencia,Paquete girasol blanco,FE-1586,"hojas de punto de venta, cuenta poscdreamscanbloom (Drive)"
2026-06-16,25,Online,Paquete girasol blanco,1,45000,45000,Transferencia,Paquete girasol blanco,FE-1587,"hojas de punto de venta, cuenta poscdreamscanbloom (Drive)"
2026-06-16,25,Online,Rayito de sol,1,65000,65000,Transferencia,Rayito de sol,FE-1583,"hojas de punto de venta, cuenta poscdreamscanbloom (Drive)"
2026-06-17,25,Jardines,Amaranto cascada,1,45000,45000,Transferencia,Amaranto cascada (paquete),,"hojas de punto de venta, cuenta poscdreamscanbloom (Drive)"
2026-06-17,25,Jardines,Amaranto cascada,1,45000,45000,Datafono,Amaranto cascada (paquete),,"hojas de punto de venta, cuenta poscdreamscanbloom (Drive)"
2026-06-17,25,Jardines,Anemonas,1,65000,65000,Efectivo,,frambuesa pop,"hojas de punto de venta, cuenta poscdreamscanbloom (Drive)"
2026-06-17,25,Jardines,Bocas de dragon,1,38000,38000,Transferencia,Bocas de dragón (paquete),,"hojas de punto de venta, cuenta poscdreamscanbloom (Drive)"
2026-06-17,25,Jardines,Bouquet Greenery,1,90000,90000,Datafono,,,"hojas de punto de venta, cuenta poscdreamscanbloom (Drive)"
2026-06-17,25,Jardines,Cosecha Pequeño,1,105000,105000,Transferencia,Cosecha Pequeño,,"hojas de punto de venta, cuenta poscdreamscanbloom (Drive)"
2026-06-17,25,Jardines,Green ball,2,40000,72000,Transferencia,Green ball (paquete),Ammi,"hojas de punto de venta, cuenta poscdreamscanbloom (Drive)"
2026-06-17,25,Jardines,My love,2,65000,130000,Efectivo,,,"hojas de punto de venta, cuenta poscdreamscanbloom (Drive)"
2026-06-17,25,Jardines,My love,1,65000,65000,Datafono,,,"hojas de punto de venta, cuenta poscdreamscanbloom (Drive)"
2026-06-17,25,Jardines,Paquete ammobium,1,45000,45000,Transferencia,Paquete ammobium,,"hojas de punto de venta, cuenta poscdreamscanbloom (Drive)"
2026-06-17,25,Jardines,Rayito de sol,1,65000,65000,Transferencia,Rayito de sol,,"hojas de punto de venta, cuenta poscdreamscanbloom (Drive)"
2026-06-17,25,Online,Amaranto cascada,2,45000,90000,Transferencia,Amaranto cascada (paquete),FE-1591,"hojas de punto de venta, cuenta poscdreamscanbloom (Drive)"
2026-06-17,25,Online,Bocas de dragon,1,38000,38000,Transferencia,Bocas de dragón (paquete),FE-1591,"hojas de punto de venta, cuenta poscdreamscanbloom (Drive)"
2026-06-17,25,Online,Cosecha Pequeño,1,105000,105000,Transferencia,Cosecha Pequeño,FE-1589,"hojas de punto de venta, cuenta poscdreamscanbloom (Drive)"
2026-06-17,25,Online,Cosecha Pequeño,2,105000,210000,Transferencia,Cosecha Pequeño,FE-1592,"hojas de punto de venta, cuenta poscdreamscanbloom (Drive)"
2026-06-17,25,Online,Paquete girasol blanco,1,45000,45000,Transferencia,Paquete girasol blanco,FE-1590,"hojas de punto de venta, cuenta poscdreamscanbloom (Drive)"
2026-06-17,25,Online,Paquete girasol blanco,2,45000,90000,Transferencia,Paquete girasol blanco,FE-1591,"hojas de punto de venta, cuenta poscdreamscanbloom (Drive)"
2026-06-17,25,Online,Paquete gomphrenas rose,1,45000,45000,Transferencia,,FE-1591,"hojas de punto de venta, cuenta poscdreamscanbloom (Drive)"
2026-06-17,25,Online,Paquete zinnias sunset,1,58000,58000,Transferencia,Paquete zinnias sunset,FE-1588,"hojas de punto de venta, cuenta poscdreamscanbloom (Drive)"
2026-06-18,25,Jardines,Amaranto cascada,1,45000,45000,Efectivo,Amaranto cascada (paquete),,"hojas de punto de venta, cuenta poscdreamscanbloom (Drive)"
2026-06-18,25,Jardines,Amaranto cascada,1,45000,45000,Datafono,Amaranto cascada (paquete),,"hojas de punto de venta, cuenta poscdreamscanbloom (Drive)"
2026-06-18,25,Jardines,Bocas de dragon,1,38000,38000,Efectivo,Bocas de dragón (paquete),,"hojas de punto de venta, cuenta poscdreamscanbloom (Drive)"
2026-06-18,25,Jardines,Bocas de dragon,1,38000,38000,Transferencia,Bocas de dragón (paquete),,"hojas de punto de venta, cuenta poscdreamscanbloom (Drive)"
2026-06-18,25,Jardines,Bocas de dragon,1,38000,38000,Transferencia,Bocas de dragón (paquete),,"hojas de punto de venta, cuenta poscdreamscanbloom (Drive)"
2026-06-18,25,Jardines,Bouquet Greenery,1,90000,90000,Datafono,,,"hojas de punto de venta, cuenta poscdreamscanbloom (Drive)"
2026-06-18,25,Jardines,Bouquet Greenery,1,90000,90000,Efectivo,,,"hojas de punto de venta, cuenta poscdreamscanbloom (Drive)"
2026-06-18,25,Jardines,Bouquet forever Dream pequeño,1,85000,85000,Transferencia,,,"hojas de punto de venta, cuenta poscdreamscanbloom (Drive)"
2026-06-18,25,Jardines,Cosecha Grande,1,125000,125000,Transferencia,Cosecha Grande,,"hojas de punto de venta, cuenta poscdreamscanbloom (Drive)"
2026-06-18,25,Jardines,Cosecha Grande,1,125000,125000,Efectivo,Cosecha Grande,,"hojas de punto de venta, cuenta poscdreamscanbloom (Drive)"
2026-06-18,25,Jardines,Cosecha Grande,1,125000,125000,Efectivo,Cosecha Grande,Pago 100.000 en efectivo y 25. 000 transferencia,"hojas de punto de venta, cuenta poscdreamscanbloom (Drive)"
2026-06-18,25,Jardines,Cosecha Pequeño,1,105000,105000,Datafono,Cosecha Pequeño,,"hojas de punto de venta, cuenta poscdreamscanbloom (Drive)"
2026-06-18,25,Jardines,My love,1,65000,65000,Datafono,,Gomphrenas frambuesa pop,"hojas de punto de venta, cuenta poscdreamscanbloom (Drive)"
2026-06-18,25,Jardines,Paquete ammobium,1,45000,45000,Efectivo,Paquete ammobium,Ammi majus 40.000,"hojas de punto de venta, cuenta poscdreamscanbloom (Drive)"
2026-06-18,25,Jardines,Paquete girasol blanco,1,45000,45000,Transferencia,Paquete girasol blanco,,"hojas de punto de venta, cuenta poscdreamscanbloom (Drive)"
2026-06-18,25,Online,Amaranto cascada,2,45000,81000,Transferencia,Amaranto cascada (paquete),FE-1549,"hojas de punto de venta, cuenta poscdreamscanbloom (Drive)"
2026-06-18,25,Online,Amaranto cascada,2,45000,81000,Transferencia,Amaranto cascada (paquete),FE-1546,"hojas de punto de venta, cuenta poscdreamscanbloom (Drive)"
2026-06-18,25,Online,Bocas de dragon,1,38000,38000,Transferencia,Bocas de dragón (paquete),FE-1595,"hojas de punto de venta, cuenta poscdreamscanbloom (Drive)"
2026-06-18,25,Online,Bocas de dragon,1,38000,38000,Transferencia,Bocas de dragón (paquete),FE-1596,"hojas de punto de venta, cuenta poscdreamscanbloom (Drive)"
2026-06-18,25,Online,Bouquet  Dream Land,1,285000,285000,Transferencia,,FE-1603,"hojas de punto de venta, cuenta poscdreamscanbloom (Drive)"
2026-06-18,25,Online,Cosecha Grande,1,125000,125000,Transferencia,Cosecha Grande,FE-1594,"hojas de punto de venta, cuenta poscdreamscanbloom (Drive)"
2026-06-18,25,Online,Cosecha Grande,1,125000,125000,Transferencia,Cosecha Grande,FE-1601,"hojas de punto de venta, cuenta poscdreamscanbloom (Drive)"
2026-06-18,25,Online,Cosecha Pequeño,1,105000,105000,Transferencia,Cosecha Pequeño,FE-1599,"hojas de punto de venta, cuenta poscdreamscanbloom (Drive)"
2026-06-18,25,Online,Dream Big,1,270000,270000,Transferencia,Dream Big,FE-1597,"hojas de punto de venta, cuenta poscdreamscanbloom (Drive)"
2026-06-18,25,Online,Paquete ammobium,1,45000,45000,Transferencia,Paquete ammobium,FE-1605,"hojas de punto de venta, cuenta poscdreamscanbloom (Drive)"
2026-06-18,25,Online,Paquete frambuesa pop,1,55000,55000,Transferencia,,FE-1605,"hojas de punto de venta, cuenta poscdreamscanbloom (Drive)"
2026-06-18,25,Online,Paquete girasol blanco,1,45000,45000,Transferencia,Paquete girasol blanco,FE-1593,"hojas de punto de venta, cuenta poscdreamscanbloom (Drive)"
2026-06-18,25,Online,Paquete girasol blanco,1,45000,45000,Transferencia,Paquete girasol blanco,FE-1600,"hojas de punto de venta, cuenta poscdreamscanbloom (Drive)"
2026-06-18,25,Online,Paquete girasol blanco,2,45000,90000,Transferencia,Paquete girasol blanco,FE-1602,"hojas de punto de venta, cuenta poscdreamscanbloom (Drive)"
2026-06-18,25,Online,Paquete girasol blanco,1,45000,45000,Transferencia,Paquete girasol blanco,FE-1604,"hojas de punto de venta, cuenta poscdreamscanbloom (Drive)"
2026-06-18,25,Online,Paquete gomphrenas rose,1,45000,45000,Transferencia,,FE-1604,"hojas de punto de venta, cuenta poscdreamscanbloom (Drive)"
2026-06-18,25,San Lucas,Bocas de dragon,1,38000,38000,Transferencia,Bocas de dragón (paquete),,"hojas de punto de venta, cuenta poscdreamscanbloom (Drive)"
2026-06-18,25,San Lucas,Cosecha Grande,1,125000,0,Salida por daño,Cosecha Grande,,"hojas de punto de venta, cuenta poscdreamscanbloom (Drive)"
2026-06-18,25,San Lucas,Cosecha Pequeño,1,105000,0,Salida por daño,Cosecha Pequeño,,"hojas de punto de venta, cuenta poscdreamscanbloom (Drive)"
2026-06-18,25,San Lucas,Cosecha Pequeño,1,105000,105000,Datafono,Cosecha Pequeño,,"hojas de punto de venta, cuenta poscdreamscanbloom (Drive)"
2026-06-18,25,San Lucas,Cosecha Pequeño,1,105000,105000,Efectivo,Cosecha Pequeño,,"hojas de punto de venta, cuenta poscdreamscanbloom (Drive)"
2026-06-18,25,San Lucas,Gomphenas snow,2,45000,0,Salida por daño,Gomphenas snow,,"hojas de punto de venta, cuenta poscdreamscanbloom (Drive)"
2026-06-18,25,San Lucas,Green ball con statice,1,45000,0,Salida por daño,,,"hojas de punto de venta, cuenta poscdreamscanbloom (Drive)"
2026-06-18,25,San Lucas,My love,1,65000,52000,Transferencia,,,"hojas de punto de venta, cuenta poscdreamscanbloom (Drive)"
2026-06-18,25,San Lucas,Paquete girasol blanco,1,45000,45000,Transferencia,Paquete girasol blanco,,"hojas de punto de venta, cuenta poscdreamscanbloom (Drive)"
2026-06-19,25,Jardines,Amaranto cascada,1,45000,45000,Efectivo,Amaranto cascada (paquete),,"hojas de punto de venta, cuenta poscdreamscanbloom (Drive)"
2026-06-19,25,Jardines,Amaranto cascada,1,45000,45000,Transferencia,Amaranto cascada (paquete),,"hojas de punto de venta, cuenta poscdreamscanbloom (Drive)"
2026-06-19,25,Jardines,Anemonas,1,65000,65000,Datafono,,frambuesa pop,"hojas de punto de venta, cuenta poscdreamscanbloom (Drive)"
2026-06-19,25,Jardines,Bocas de dragon,1,38000,38000,Transferencia,Bocas de dragón (paquete),,"hojas de punto de venta, cuenta poscdreamscanbloom (Drive)"
2026-06-19,25,Jardines,Bocas de dragon,1,38000,38000,Transferencia,Bocas de dragón (paquete),,"hojas de punto de venta, cuenta poscdreamscanbloom (Drive)"
2026-06-19,25,Jardines,Celosias baby con follaje,1,75000,75000,Efectivo,,petit nuevo,"hojas de punto de venta, cuenta poscdreamscanbloom (Drive)"
2026-06-19,25,Jardines,Cosecha Grande,1,125000,125000,Efectivo,Cosecha Grande,,"hojas de punto de venta, cuenta poscdreamscanbloom (Drive)"
2026-06-19,25,Jardines,Cosecha Grande,1,125000,125000,Transferencia,Cosecha Grande,,"hojas de punto de venta, cuenta poscdreamscanbloom (Drive)"
2026-06-19,25,Jardines,Gomphenas snow,1,45000,45000,Transferencia,Gomphenas snow,,"hojas de punto de venta, cuenta poscdreamscanbloom (Drive)"
2026-06-19,25,Jardines,Paquete ammobium,2,45000,90000,Efectivo,Paquete ammobium,,"hojas de punto de venta, cuenta poscdreamscanbloom (Drive)"
2026-06-19,25,Jardines,Paquete gomphrenas rose,1,45000,45000,Efectivo,,,"hojas de punto de venta, cuenta poscdreamscanbloom (Drive)"
2026-06-19,25,Jardines,Paquete gomphrenas rose,1,45000,45000,Datafono,,,"hojas de punto de venta, cuenta poscdreamscanbloom (Drive)"
2026-06-19,25,Jardines,Strawflower dream mix,1,40000,40000,Datafono,Strawflower dream mix,,"hojas de punto de venta, cuenta poscdreamscanbloom (Drive)"
2026-06-19,25,Online,Bouquet Greenery,1,90000,90000,Transferencia,,FE-1598,"hojas de punto de venta, cuenta poscdreamscanbloom (Drive)"
2026-06-19,25,Online,Cosecha Grande,1,125000,106250,Transferencia,Cosecha Grande,FE-1609,"hojas de punto de venta, cuenta poscdreamscanbloom (Drive)"
2026-06-19,25,Online,Cosecha Grande,1,125000,125000,Transferencia,Cosecha Grande,FE-1613,"hojas de punto de venta, cuenta poscdreamscanbloom (Drive)"
2026-06-19,25,Online,Cosecha Pequeño,1,105000,105000,Transferencia,Cosecha Pequeño,FE-1607,"hojas de punto de venta, cuenta poscdreamscanbloom (Drive)"
2026-06-19,25,Online,Paquete ammobium,1,45000,45000,Transferencia,Paquete ammobium,FE-1598,"hojas de punto de venta, cuenta poscdreamscanbloom (Drive)"
2026-06-19,25,Online,Paquete frambuesa pop,1,55000,55000,Transferencia,,FE-1612,"hojas de punto de venta, cuenta poscdreamscanbloom (Drive)"
2026-06-19,25,Online,Paquete girasol blanco,1,45000,45000,Transferencia,Paquete girasol blanco,FE-1606,"hojas de punto de venta, cuenta poscdreamscanbloom (Drive)"
2026-06-19,25,Online,Paquete girasol blanco,1,45000,45000,Transferencia,Paquete girasol blanco,FE-1608,"hojas de punto de venta, cuenta poscdreamscanbloom (Drive)"
2026-06-19,25,Online,Paquete zinnias sunset,1,58000,58000,Transferencia,Paquete zinnias sunset,FE-1608,"hojas de punto de venta, cuenta poscdreamscanbloom (Drive)"
2026-06-19,25,San Lucas,Bocas de dragon,1,38000,38000,Transferencia,Bocas de dragón (paquete),,"hojas de punto de venta, cuenta poscdreamscanbloom (Drive)"
2026-06-19,25,San Lucas,Bocas de dragon,1,38000,38000,Online,Bocas de dragón (paquete),,"hojas de punto de venta, cuenta poscdreamscanbloom (Drive)"
2026-06-19,25,San Lucas,Bouquet petit,1,65000,65000,Efectivo,,,"hojas de punto de venta, cuenta poscdreamscanbloom (Drive)"
2026-06-19,25,San Lucas,Cosecha Grande,1,125000,125000,Efectivo,Cosecha Grande,,"hojas de punto de venta, cuenta poscdreamscanbloom (Drive)"
2026-06-19,25,San Lucas,Cosecha Grande,1,125000,125000,Online,Cosecha Grande,,"hojas de punto de venta, cuenta poscdreamscanbloom (Drive)"
2026-06-19,25,San Lucas,Green ball,1,40000,40000,Datafono,Green ball (paquete),Ammi majus,"hojas de punto de venta, cuenta poscdreamscanbloom (Drive)"
2026-06-19,25,San Lucas,My love,1,65000,65000,Efectivo,,Gomphrenas pop,"hojas de punto de venta, cuenta poscdreamscanbloom (Drive)"
2026-06-19,25,San Lucas,Paquete ammobium,1,45000,45000,Datafono,Paquete ammobium,Ammobium,"hojas de punto de venta, cuenta poscdreamscanbloom (Drive)"
2026-06-19,25,Tesoro,Amaranto cascada,1,45000,45000,Transferencia,Amaranto cascada (paquete),,"hojas de punto de venta, cuenta poscdreamscanbloom (Drive)"
2026-06-19,25,Tesoro,Bocas de dragon,1,38000,38000,Datafono,Bocas de dragón (paquete),,"hojas de punto de venta, cuenta poscdreamscanbloom (Drive)"
2026-06-19,25,Tesoro,Cosecha Grande,1,125000,125000,Efectivo,Cosecha Grande,,"hojas de punto de venta, cuenta poscdreamscanbloom (Drive)"
2026-06-19,25,Tesoro,Cosecha Grande,1,125000,125000,Transferencia,Cosecha Grande,,"hojas de punto de venta, cuenta poscdreamscanbloom (Drive)"
2026-06-19,25,Tesoro,Cosecha Pequeño,1,105000,0,Salida por daño,Cosecha Pequeño,,"hojas de punto de venta, cuenta poscdreamscanbloom (Drive)"
2026-06-19,25,Tesoro,Gomphenas snow,2,45000,0,Salida por daño,Gomphenas snow,,"hojas de punto de venta, cuenta poscdreamscanbloom (Drive)"
2026-06-19,25,Tesoro,Green ball,1,40000,40000,Transferencia,Green ball (paquete),Ammi majus,"hojas de punto de venta, cuenta poscdreamscanbloom (Drive)"
2026-06-19,25,Tesoro,Paquete girasol blanco,1,45000,0,Salida por daño,Paquete girasol blanco,,"hojas de punto de venta, cuenta poscdreamscanbloom (Drive)"
2026-06-20,25,Jardines,Bocas de dragon,1,38000,38000,Efectivo,Bocas de dragón (paquete),,"hojas de punto de venta, cuenta poscdreamscanbloom (Drive)"
2026-06-20,25,Jardines,Bocas de dragon,2,38000,76000,Efectivo,Bocas de dragón (paquete),,"hojas de punto de venta, cuenta poscdreamscanbloom (Drive)"
2026-06-20,25,Jardines,Bocas de dragon,3,38000,114000,Transferencia,Bocas de dragón (paquete),,"hojas de punto de venta, cuenta poscdreamscanbloom (Drive)"
2026-06-20,25,Jardines,Bocas de dragon,5,38000,190000,Transferencia,Bocas de dragón (paquete),junte varias consignaciones cada 1 compro 1 bouquet de bocas total 5 paquetes,"hojas de punto de venta, cuenta poscdreamscanbloom (Drive)"
2026-06-20,25,Jardines,Bocas de dragon,1,38000,38000,Transferencia,Bocas de dragón (paquete),,"hojas de punto de venta, cuenta poscdreamscanbloom (Drive)"
2026-06-20,25,Jardines,Bocas de dragon,1,38000,38000,Datafono,Bocas de dragón (paquete),,"hojas de punto de venta, cuenta poscdreamscanbloom (Drive)"
2026-06-20,25,Jardines,Bocas de dragon,1,38000,38000,Datafono,Bocas de dragón (paquete),,"hojas de punto de venta, cuenta poscdreamscanbloom (Drive)"
2026-06-20,25,Jardines,Bocas de dragon,1,38000,38000,Datafono,Bocas de dragón (paquete),,"hojas de punto de venta, cuenta poscdreamscanbloom (Drive)"
2026-06-20,25,Jardines,Bocas de dragon,1,38000,38000,Efectivo,Bocas de dragón (paquete),,"hojas de punto de venta, cuenta poscdreamscanbloom (Drive)"
2026-06-20,25,Jardines,Bocas de dragon,1,38000,38000,Datafono,Bocas de dragón (paquete),,"hojas de punto de venta, cuenta poscdreamscanbloom (Drive)"
2026-06-20,25,Jardines,Bocas de dragon,1,38000,38000,Datafono,Bocas de dragón (paquete),,"hojas de punto de venta, cuenta poscdreamscanbloom (Drive)"
2026-06-20,25,Jardines,Bocas de dragon,1,38000,38000,Efectivo,Bocas de dragón (paquete),,"hojas de punto de venta, cuenta poscdreamscanbloom (Drive)"
2026-06-20,25,Jardines,Bocas de dragon,1,38000,38000,Efectivo,Bocas de dragón (paquete),,"hojas de punto de venta, cuenta poscdreamscanbloom (Drive)"
2026-06-20,25,Jardines,Bocas de dragon,1,38000,38000,Efectivo,Bocas de dragón (paquete),,"hojas de punto de venta, cuenta poscdreamscanbloom (Drive)"
2026-06-20,25,Jardines,Bouquet forever Dream pequeño,1,85000,85000,Transferencia,,,"hojas de punto de venta, cuenta poscdreamscanbloom (Drive)"
2026-06-20,25,Jardines,Campanula,1,50000,50000,Efectivo,Campanula (paquete),lisianthus,"hojas de punto de venta, cuenta poscdreamscanbloom (Drive)"
2026-06-20,25,Jardines,Celosias baby con follaje,1,75000,75000,Efectivo,,petit,"hojas de punto de venta, cuenta poscdreamscanbloom (Drive)"
2026-06-20,25,Jardines,Celosias baby con follaje,3,75000,225000,Efectivo,,petit,"hojas de punto de venta, cuenta poscdreamscanbloom (Drive)"
2026-06-20,25,Jardines,Celosias baby con follaje,1,75000,75000,Transferencia,,petit,"hojas de punto de venta, cuenta poscdreamscanbloom (Drive)"
2026-06-20,25,Jardines,Celosias baby con follaje,1,75000,75000,Transferencia,,,"hojas de punto de venta, cuenta poscdreamscanbloom (Drive)"
2026-06-20,25,Jardines,Celosias baby con follaje,1,75000,75000,Transferencia,,,"hojas de punto de venta, cuenta poscdreamscanbloom (Drive)"
2026-06-20,25,Jardines,Celosias baby con follaje,1,75000,75000,Transferencia,,,"hojas de punto de venta, cuenta poscdreamscanbloom (Drive)"
2026-06-20,25,Jardines,Celosias baby con follaje,1,75000,75000,Datafono,,,"hojas de punto de venta, cuenta poscdreamscanbloom (Drive)"
2026-06-20,25,Jardines,Celosias baby con follaje,1,75000,75000,Datafono,,,"hojas de punto de venta, cuenta poscdreamscanbloom (Drive)"
2026-06-20,25,Jardines,Celosias baby con follaje,1,75000,75000,Datafono,,,"hojas de punto de venta, cuenta poscdreamscanbloom (Drive)"
2026-06-20,25,Jardines,Celosias baby con follaje,1,75000,75000,Transferencia,,petit,"hojas de punto de venta, cuenta poscdreamscanbloom (Drive)"
2026-06-20,25,Jardines,Celosias baby con follaje,1,75000,75000,Datafono,,,"hojas de punto de venta, cuenta poscdreamscanbloom (Drive)"
2026-06-20,25,Jardines,Celosias baby con follaje,2,75000,150000,Efectivo,,petit,"hojas de punto de venta, cuenta poscdreamscanbloom (Drive)"
2026-06-20,25,Jardines,Celosias baby con follaje,1,75000,75000,Datafono,,,"hojas de punto de venta, cuenta poscdreamscanbloom (Drive)"
2026-06-20,25,Jardines,Celosias baby con follaje,1,75000,75000,Efectivo,,,"hojas de punto de venta, cuenta poscdreamscanbloom (Drive)"
2026-06-20,25,Jardines,Celosias baby con follaje,1,75000,75000,Efectivo,,petit,"hojas de punto de venta, cuenta poscdreamscanbloom (Drive)"
2026-06-20,25,Jardines,Celosias baby con follaje,1,75000,75000,Datafono,,,"hojas de punto de venta, cuenta poscdreamscanbloom (Drive)"
2026-06-20,25,Jardines,Cosecha Grande,1,125000,125000,Efectivo,Cosecha Grande,,"hojas de punto de venta, cuenta poscdreamscanbloom (Drive)"
2026-06-20,25,Jardines,Cosecha Grande,1,125000,125000,Datafono,Cosecha Grande,,"hojas de punto de venta, cuenta poscdreamscanbloom (Drive)"
2026-06-20,25,Jardines,Cosecha Grande,1,125000,0,Online,Cosecha Grande,cliente con cortesía se debe unos girasoles el lunes +pebetero,"hojas de punto de venta, cuenta poscdreamscanbloom (Drive)"
2026-06-20,25,Jardines,Cosecha Grande,1,125000,125000,Transferencia,Cosecha Grande,,"hojas de punto de venta, cuenta poscdreamscanbloom (Drive)"
2026-06-20,25,Jardines,Cosecha Pequeño,1,105000,0,Online,Cosecha Pequeño,,"hojas de punto de venta, cuenta poscdreamscanbloom (Drive)"
2026-06-20,25,Jardines,Cosecha Pequeño,1,105000,105000,Datafono,Cosecha Pequeño,,"hojas de punto de venta, cuenta poscdreamscanbloom (Drive)"
2026-06-20,25,Jardines,Cosecha Pequeño,2,105000,168000,Transferencia,Cosecha Pequeño,junte 2 transferencias,"hojas de punto de venta, cuenta poscdreamscanbloom (Drive)"
2026-06-20,25,Jardines,Cosecha Pequeño,1,105000,84000,Datafono,Cosecha Pequeño,,"hojas de punto de venta, cuenta poscdreamscanbloom (Drive)"
2026-06-20,25,Jardines,Green ball,1,40000,40000,Transferencia,Green ball (paquete),Campanula y bocas mini,"hojas de punto de venta, cuenta poscdreamscanbloom (Drive)"
2026-06-20,25,Jardines,Matricaria,1,45000,36000,Transferencia,,35.000 ammi,"hojas de punto de venta, cuenta poscdreamscanbloom (Drive)"
2026-06-20,25,Jardines,Matricaria,1,45000,45000,Datafono,,Campanula y bocas,"hojas de punto de venta, cuenta poscdreamscanbloom (Drive)"
2026-06-20,25,Jardines,Matricaria,4,45000,180000,Efectivo,,Campanula y bocas,"hojas de punto de venta, cuenta poscdreamscanbloom (Drive)"
2026-06-20,25,Jardines,Paquete amaranto velvet,1,45000,45000,Efectivo,,,"hojas de punto de venta, cuenta poscdreamscanbloom (Drive)"
2026-06-20,25,Jardines,Paquete girasol blanco,1,45000,45000,Efectivo,Paquete girasol blanco,,"hojas de punto de venta, cuenta poscdreamscanbloom (Drive)"
2026-06-20,25,Jardines,Paquete girasol blanco,1,45000,45000,Datafono,Paquete girasol blanco,,"hojas de punto de venta, cuenta poscdreamscanbloom (Drive)"
2026-06-20,25,Jardines,Paquete girasol blanco,1,45000,45000,Datafono,Paquete girasol blanco,,"hojas de punto de venta, cuenta poscdreamscanbloom (Drive)"
2026-06-20,25,Jardines,Strawflower dream mix,1,40000,40000,Transferencia,Strawflower dream mix,falta corregir precio 45.000,"hojas de punto de venta, cuenta poscdreamscanbloom (Drive)"
2026-06-20,25,Jardines,Strawflower dream mix,1,40000,40000,Efectivo,Strawflower dream mix,45.00,"hojas de punto de venta, cuenta poscdreamscanbloom (Drive)"
2026-06-20,25,Jardines,Strawflower dream mix,1,40000,40000,Efectivo,Strawflower dream mix,40.500 descuento estaban viejitas,"hojas de punto de venta, cuenta poscdreamscanbloom (Drive)"
2026-06-20,25,Jardines,Strawflower dream mix,1,40000,40000,Datafono,Strawflower dream mix,"45,000.00","hojas de punto de venta, cuenta poscdreamscanbloom (Drive)"
2026-06-20,25,Jardines,Strawflower dream mix,2,40000,80000,Datafono,Strawflower dream mix,"90,000.00","hojas de punto de venta, cuenta poscdreamscanbloom (Drive)"
2026-06-20,25,Jardines,Strawflower dream mix,1,40000,40000,Efectivo,Strawflower dream mix,"45,000.00","hojas de punto de venta, cuenta poscdreamscanbloom (Drive)"
2026-06-20,25,Jardines,Strawflower dream mix,1,40000,40000,Transferencia,Strawflower dream mix,,"hojas de punto de venta, cuenta poscdreamscanbloom (Drive)"
2026-06-20,25,Online,Cosecha Grande,1,125000,125000,Transferencia,Cosecha Grande,FE-1614,"hojas de punto de venta, cuenta poscdreamscanbloom (Drive)"
2026-06-20,25,Online,Cosecha Pequeño,1,105000,105000,Transferencia,Cosecha Pequeño,FE-1616,"hojas de punto de venta, cuenta poscdreamscanbloom (Drive)"
2026-06-20,25,Online,Cosecha Pequeño,1,105000,105000,Transferencia,Cosecha Pequeño,FE-1617,"hojas de punto de venta, cuenta poscdreamscanbloom (Drive)"
2026-06-20,25,Online,My love,1,65000,65000,Transferencia,,FE-1615,"hojas de punto de venta, cuenta poscdreamscanbloom (Drive)"
2026-06-20,25,Online,Paquete girasol blanco,1,45000,45000,Transferencia,Paquete girasol blanco,FE-1617,"hojas de punto de venta, cuenta poscdreamscanbloom (Drive)"
2026-06-20,25,San Lucas,Bocas de dragon,3,38000,114000,Efectivo,Bocas de dragón (paquete),,"hojas de punto de venta, cuenta poscdreamscanbloom (Drive)"
2026-06-20,25,San Lucas,Bocas de dragon,1,38000,38000,Transferencia,Bocas de dragón (paquete),,"hojas de punto de venta, cuenta poscdreamscanbloom (Drive)"
2026-06-20,25,San Lucas,Bocas de dragon,2,38000,76000,Efectivo,Bocas de dragón (paquete),,"hojas de punto de venta, cuenta poscdreamscanbloom (Drive)"
2026-06-20,25,San Lucas,Bocas de dragon,1,38000,38000,Efectivo,Bocas de dragón (paquete),,"hojas de punto de venta, cuenta poscdreamscanbloom (Drive)"
2026-06-20,25,San Lucas,Cosecha Grande,1,125000,125000,Online,Cosecha Grande,,"hojas de punto de venta, cuenta poscdreamscanbloom (Drive)"
2026-06-20,25,San Lucas,Cosecha Pequeño,1,105000,105000,Transferencia,Cosecha Pequeño,,"hojas de punto de venta, cuenta poscdreamscanbloom (Drive)"
2026-06-20,25,San Lucas,My love,1,65000,65000,Online,,,"hojas de punto de venta, cuenta poscdreamscanbloom (Drive)"
2026-06-20,25,San Lucas,My love,1,65000,65000,Transferencia,,gomphrenas con celocias,"hojas de punto de venta, cuenta poscdreamscanbloom (Drive)"
2026-06-20,25,San Lucas,My love,1,65000,65000,Efectivo,,gomphrenas con celocias,"hojas de punto de venta, cuenta poscdreamscanbloom (Drive)"
2026-06-20,25,San Lucas,Paquete ammobium,1,45000,45000,Efectivo,Paquete ammobium,"40,000.00","hojas de punto de venta, cuenta poscdreamscanbloom (Drive)"
2026-06-20,25,San Lucas,Strawflower dream mix &#9;,1,40000,40000,Efectivo,,,"hojas de punto de venta, cuenta poscdreamscanbloom (Drive)"
2026-06-20,25,Tesoro,Bocas de dragon,1,38000,38000,Datafono,Bocas de dragón (paquete),,"hojas de punto de venta, cuenta poscdreamscanbloom (Drive)"
2026-06-20,25,Tesoro,Bocas de dragon,1,38000,38000,Transferencia,Bocas de dragón (paquete),,"hojas de punto de venta, cuenta poscdreamscanbloom (Drive)"
2026-06-20,25,Tesoro,Cosecha Grande,1,125000,125000,Datafono,Cosecha Grande,,"hojas de punto de venta, cuenta poscdreamscanbloom (Drive)"
2026-06-20,25,Tesoro,Gomphenas snow,1,45000,45000,Transferencia,Gomphenas snow,,"hojas de punto de venta, cuenta poscdreamscanbloom (Drive)"
2026-06-20,25,Tesoro,Green ball,1,40000,40000,Datafono,Green ball (paquete),Ammi majus,"hojas de punto de venta, cuenta poscdreamscanbloom (Drive)"
2026-06-20,25,Tesoro,My love,1,65000,55250,Transferencia,,,"hojas de punto de venta, cuenta poscdreamscanbloom (Drive)"
2026-06-20,25,Tesoro,Paquete gomphrenas frambuesa,1,45000,45000,Datafono,Paquete gomphrenas frambuesa,,"hojas de punto de venta, cuenta poscdreamscanbloom (Drive)"
2026-06-20,25,Tesoro,Rayito de sol,1,65000,65000,Datafono,Rayito de sol,,"hojas de punto de venta, cuenta poscdreamscanbloom (Drive)"
2026-06-21,25,Jardines,Amaranto cascada,2,45000,90000,Datafono,Amaranto cascada (paquete),,"hojas de punto de venta, cuenta poscdreamscanbloom (Drive)"
2026-06-21,25,Jardines,Bocas de dragon,3,38000,114000,Datafono,Bocas de dragón (paquete),,"hojas de punto de venta, cuenta poscdreamscanbloom (Drive)"
2026-06-21,25,Jardines,Cosecha Pequeño,1,105000,105000,Datafono,Cosecha Pequeño,,"hojas de punto de venta, cuenta poscdreamscanbloom (Drive)"
2026-06-21,25,Jardines,Paquete amaranto velvet,1,45000,45000,Datafono,,,"hojas de punto de venta, cuenta poscdreamscanbloom (Drive)"
2026-06-21,25,Jardines,Paquete ammobium,1,45000,40500,Datafono,Paquete ammobium,,"hojas de punto de venta, cuenta poscdreamscanbloom (Drive)"
2026-06-21,25,Jardines,Strawflower dream mix,2,40000,80000,Datafono,Strawflower dream mix,,"hojas de punto de venta, cuenta poscdreamscanbloom (Drive)"
2026-06-21,25,San Lucas,Cosecha Pequeño,1,105000,105000,Transferencia,Cosecha Pequeño,,"hojas de punto de venta, cuenta poscdreamscanbloom (Drive)"
2026-06-21,25,Tesoro,Bocas de dragon,1,38000,38000,Transferencia,Bocas de dragón (paquete),,"hojas de punto de venta, cuenta poscdreamscanbloom (Drive)"
2026-06-21,25,Tesoro,Bouquet forever Dream pequeño,1,85000,85000,Datafono,,,"hojas de punto de venta, cuenta poscdreamscanbloom (Drive)"
2026-06-21,25,Tesoro,Cosecha Pequeño,1,105000,105000,Datafono,Cosecha Pequeño,,"hojas de punto de venta, cuenta poscdreamscanbloom (Drive)"
2026-06-21,25,Tesoro,Paquete frambuesa pop,1,55000,55000,Datafono,,Velor 65.000,"hojas de punto de venta, cuenta poscdreamscanbloom (Drive)"
2026-06-22,26,Jardines,Bocas de dragon,2,38000,76000,Datafono,Bocas de dragón (paquete),,"hojas de punto de venta, cuenta poscdreamscanbloom (Drive)"
2026-06-22,26,Jardines,Bouquet forever Dream pequeño,1,85000,85000,Datafono,,,"hojas de punto de venta, cuenta poscdreamscanbloom (Drive)"
2026-06-22,26,Jardines,Celosias baby con follaje,1,75000,75000,Datafono,,petit,"hojas de punto de venta, cuenta poscdreamscanbloom (Drive)"
2026-06-22,26,Jardines,Cosecha Grande,1,125000,0,Online,Cosecha Grande,,"hojas de punto de venta, cuenta poscdreamscanbloom (Drive)"
2026-06-22,26,Jardines,Cosecha Pequeño,1,105000,89250,Transferencia,Cosecha Pequeño,90.00,"hojas de punto de venta, cuenta poscdreamscanbloom (Drive)"
2026-06-22,26,Jardines,Cosecha Pequeño,1,105000,89250,Datafono,Cosecha Pequeño,90.00,"hojas de punto de venta, cuenta poscdreamscanbloom (Drive)"
2026-06-22,26,Jardines,Cosecha Pequeño,1,105000,0,Online,Cosecha Pequeño,se volvió cosecha grande,"hojas de punto de venta, cuenta poscdreamscanbloom (Drive)"
2026-06-22,26,Jardines,Cosecha Pequeño,2,105000,178500,Datafono,Cosecha Pequeño,90.000 cada uno,"hojas de punto de venta, cuenta poscdreamscanbloom (Drive)"
2026-06-22,26,Jardines,Paquete ammobium,1,45000,0,Salida por daño,Paquete ammobium,,"hojas de punto de venta, cuenta poscdreamscanbloom (Drive)"
2026-06-22,26,Jardines,Paquete gomphrenas rose,1,45000,0,Salida por daño,,,"hojas de punto de venta, cuenta poscdreamscanbloom (Drive)"
2026-06-22,26,Jardines,Strawflower dream mix,1,40000,40000,Efectivo,Strawflower dream mix,,"hojas de punto de venta, cuenta poscdreamscanbloom (Drive)"
2026-06-22,26,Online,Amaranto cascada,2,45000,90000,Transferencia,Amaranto cascada (paquete),FE-1568,"hojas de punto de venta, cuenta poscdreamscanbloom (Drive)"
2026-06-22,26,Online,Bouquet forever Dream pequeño,1,85000,85000,Transferencia,,FE-1621,"hojas de punto de venta, cuenta poscdreamscanbloom (Drive)"
2026-06-22,26,Online,Cosecha Grande,1,125000,125000,Transferencia,Cosecha Grande,FE-1618,"hojas de punto de venta, cuenta poscdreamscanbloom (Drive)"
2026-06-22,26,Online,Cosecha Grande,1,125000,125000,Transferencia,Cosecha Grande,FE-1620,"hojas de punto de venta, cuenta poscdreamscanbloom (Drive)"
2026-06-22,26,Online,Cosecha Grande,1,125000,125000,Transferencia,Cosecha Grande,FE-1625,"hojas de punto de venta, cuenta poscdreamscanbloom (Drive)"
2026-06-22,26,Online,Cosecha Pequeño,1,105000,105000,Transferencia,Cosecha Pequeño,FE-1619,"hojas de punto de venta, cuenta poscdreamscanbloom (Drive)"
2026-06-22,26,Online,Cosecha Pequeño,1,105000,105000,Transferencia,Cosecha Pequeño,FE-1622,"hojas de punto de venta, cuenta poscdreamscanbloom (Drive)"
2026-06-22,26,Online,Event ammi majus 10 tallos,2,38000,76000,Transferencia,,FE-1568,"hojas de punto de venta, cuenta poscdreamscanbloom (Drive)"
2026-06-22,26,Online,Event ammobium 10 tallos,2,38250,76500,Transferencia,,FE-1568,"hojas de punto de venta, cuenta poscdreamscanbloom (Drive)"
2026-06-22,26,Online,Event ammobium 10 tallos,1,38250,38250,Transferencia,,FE-1623,"hojas de punto de venta, cuenta poscdreamscanbloom (Drive)"
2026-06-22,26,Online,Event bocas de dragon 10 tallos,2,32300,64600,Transferencia,,FE-1568,"hojas de punto de venta, cuenta poscdreamscanbloom (Drive)"
2026-06-22,26,Online,Event campanulas blancas 8-10 tallos,1,38250,38250,Transferencia,,FE-1568,"hojas de punto de venta, cuenta poscdreamscanbloom (Drive)"
2026-06-22,26,Online,Event gomphenas blancas,3,38250,114750,Transferencia,Event gomphenas blancas,FE-1568,"hojas de punto de venta, cuenta poscdreamscanbloom (Drive)"
2026-06-22,26,Online,Event gomphenas frambuesa 30 tallos,4,38240,152960,Transferencia,Event gomphenas frambuesa 30 tallos,FE-1623,"hojas de punto de venta, cuenta poscdreamscanbloom (Drive)"
2026-06-22,26,Online,Event zinnias 10 tallos,1,45000,45000,Transferencia,,FE-1623,"hojas de punto de venta, cuenta poscdreamscanbloom (Drive)"
2026-06-22,26,Online,Laskpur,1,50000,37500,Transferencia,,FE-1568,"hojas de punto de venta, cuenta poscdreamscanbloom (Drive)"
2026-06-22,26,Online,Paquete campanulas blancas,1,50000,50000,Transferencia,,FE-1624,"hojas de punto de venta, cuenta poscdreamscanbloom (Drive)"
2026-06-22,26,Online,Strawflower dream mix,2,40000,80000,Transferencia,Strawflower dream mix,FE-1623,"hojas de punto de venta, cuenta poscdreamscanbloom (Drive)"
2026-06-22,26,San Lucas,Bouquet forever Dream pequeño,1,85000,0,Online,,,"hojas de punto de venta, cuenta poscdreamscanbloom (Drive)"
2026-06-22,26,San Lucas,Cosecha Grande,1,125000,0,Online,Cosecha Grande,,"hojas de punto de venta, cuenta poscdreamscanbloom (Drive)"
2026-06-22,26,Tesoro,Bocas de dragon,1,38000,38000,Datafono,Bocas de dragón (paquete),,"hojas de punto de venta, cuenta poscdreamscanbloom (Drive)"
2026-06-22,26,Tesoro,Paquete ammi majus,1,40000,40000,Datafono,,,"hojas de punto de venta, cuenta poscdreamscanbloom (Drive)"
2026-06-23,26,Jardines,Amaranto cascada,1,45000,45000,Datafono,Amaranto cascada (paquete),,"hojas de punto de venta, cuenta poscdreamscanbloom (Drive)"
2026-06-23,26,Jardines,Bocas de dragon,1,38000,38000,Transferencia,Bocas de dragón (paquete),,"hojas de punto de venta, cuenta poscdreamscanbloom (Drive)"
2026-06-23,26,Jardines,Bouquet Greenery,1,90000,90000,Efectivo,,,"hojas de punto de venta, cuenta poscdreamscanbloom (Drive)"
2026-06-23,26,Jardines,Bouquet petit,1,65000,58500,Transferencia,,,"hojas de punto de venta, cuenta poscdreamscanbloom (Drive)"
2026-06-23,26,Jardines,Cosecha Grande,1,125000,125000,Datafono,Cosecha Grande,,"hojas de punto de venta, cuenta poscdreamscanbloom (Drive)"
2026-06-23,26,Jardines,Cosecha Pequeño,1,105000,105000,Efectivo,Cosecha Pequeño,,"hojas de punto de venta, cuenta poscdreamscanbloom (Drive)"
2026-06-23,26,Jardines,Strawflower dream mix,1,40000,40000,Datafono,Strawflower dream mix,,"hojas de punto de venta, cuenta poscdreamscanbloom (Drive)"
2026-06-23,26,Jardines,Strawflower dream mix,2,40000,80000,Efectivo,Strawflower dream mix,,"hojas de punto de venta, cuenta poscdreamscanbloom (Drive)"
2026-06-23,26,Online,Bocas de dragon,1,38000,38000,Transferencia,Bocas de dragón (paquete),FE-1628,"hojas de punto de venta, cuenta poscdreamscanbloom (Drive)"
2026-06-23,26,Online,Bouquet Greenery,1,90000,0,Obsequio,,E,"hojas de punto de venta, cuenta poscdreamscanbloom (Drive)"
2026-06-23,26,Online,Campanula,1,50000,50000,Transferencia,Campanula (paquete),FE-1626,"hojas de punto de venta, cuenta poscdreamscanbloom (Drive)"
2026-06-23,26,Online,Cosecha Grande,1,125000,125000,Transferencia,Cosecha Grande,FE-1626,"hojas de punto de venta, cuenta poscdreamscanbloom (Drive)"
2026-06-23,26,Online,Paquete zinnias sunset,1,58000,58000,Transferencia,Paquete zinnias sunset,FE-1627,"hojas de punto de venta, cuenta poscdreamscanbloom (Drive)"
2026-06-23,26,San Lucas,Bocas de dragon,1,38000,38000,Transferencia,Bocas de dragón (paquete),,"hojas de punto de venta, cuenta poscdreamscanbloom (Drive)"
2026-06-23,26,San Lucas,Bocas de dragon,1,38000,38000,Online,Bocas de dragón (paquete),,"hojas de punto de venta, cuenta poscdreamscanbloom (Drive)"
2026-06-23,26,San Lucas,Bocas de dragon,1,38000,38000,Datafono,Bocas de dragón (paquete),,"hojas de punto de venta, cuenta poscdreamscanbloom (Drive)"
2026-06-23,26,San Lucas,Bouquet Greenery,1,90000,90000,Online,,,"hojas de punto de venta, cuenta poscdreamscanbloom (Drive)"
2026-06-23,26,San Lucas,My love,1,65000,55250,Transferencia,,,"hojas de punto de venta, cuenta poscdreamscanbloom (Drive)"
2026-06-23,26,San Lucas,Strawflower dream mix &#9;,1,40000,40000,Datafono,,,"hojas de punto de venta, cuenta poscdreamscanbloom (Drive)"
2026-06-23,26,Tesoro,Bocas de dragon,2,38000,76000,Datafono,Bocas de dragón (paquete),,"hojas de punto de venta, cuenta poscdreamscanbloom (Drive)"
2026-06-23,26,Tesoro,Gomphenas snow,1,45000,45000,Transferencia,Gomphenas snow,,"hojas de punto de venta, cuenta poscdreamscanbloom (Drive)"
2026-06-23,26,Tesoro,Gomphenas snow,2,45000,0,Salida por daño,Gomphenas snow,,"hojas de punto de venta, cuenta poscdreamscanbloom (Drive)"
2026-06-23,26,Tesoro,My love,1,65000,65000,Datafono,,,"hojas de punto de venta, cuenta poscdreamscanbloom (Drive)"
2026-06-23,26,Tesoro,Paquete ammobium,2,45000,0,Salida por daño,Paquete ammobium,,"hojas de punto de venta, cuenta poscdreamscanbloom (Drive)"
2026-06-23,26,Tesoro,Paquete girasol blanco,1,45000,45000,Datafono,Paquete girasol blanco,,"hojas de punto de venta, cuenta poscdreamscanbloom (Drive)"
2026-06-23,26,Tesoro,Strawflower dream mix &#9;,1,40000,40000,Transferencia,,,"hojas de punto de venta, cuenta poscdreamscanbloom (Drive)"
2026-06-23,26,Tesoro,Strawflower dream mix &#9;,1,40000,0,Salida por daño,,,"hojas de punto de venta, cuenta poscdreamscanbloom (Drive)"
2026-06-24,26,Jardines,Bocas de dragon,1,38000,0,Salida por daño,Bocas de dragón (paquete),,"hojas de punto de venta, cuenta poscdreamscanbloom (Drive)"
2026-06-24,26,Jardines,Bocas de dragon,1,38000,38000,Efectivo,Bocas de dragón (paquete),,"hojas de punto de venta, cuenta poscdreamscanbloom (Drive)"
2026-06-24,26,Jardines,Bocas de dragon,1,38000,38000,Efectivo,Bocas de dragón (paquete),,"hojas de punto de venta, cuenta poscdreamscanbloom (Drive)"
2026-06-24,26,Jardines,Bouquet Greenery,1,90000,81000,Datafono,,,"hojas de punto de venta, cuenta poscdreamscanbloom (Drive)"
2026-06-24,26,Jardines,Bouquet forever Dream pequeño,1,85000,85000,Efectivo,,,"hojas de punto de venta, cuenta poscdreamscanbloom (Drive)"
2026-06-24,26,Jardines,Cosecha Pequeño,1,105000,89250,Efectivo,Cosecha Pequeño,,"hojas de punto de venta, cuenta poscdreamscanbloom (Drive)"
2026-06-24,26,Jardines,Paquete campanulas y bocas,1,45000,45000,Datafono,Paquete campanulas y bocas,50.00,"hojas de punto de venta, cuenta poscdreamscanbloom (Drive)"
2026-06-24,26,Jardines,Paquete campanulas y bocas,1,45000,45000,Efectivo,Paquete campanulas y bocas,50.00,"hojas de punto de venta, cuenta poscdreamscanbloom (Drive)"
2026-06-24,26,Jardines,Strawflower dream mix,1,40000,40000,Datafono,Strawflower dream mix,,"hojas de punto de venta, cuenta poscdreamscanbloom (Drive)"
2026-06-24,26,Online,Bouquet forever Dream mediano,1,120000,120000,Transferencia,,FE-1633,"hojas de punto de venta, cuenta poscdreamscanbloom (Drive)"
2026-06-24,26,Online,Dream Big,1,270000,229500,Transferencia,Dream Big,FE-1631,"hojas de punto de venta, cuenta poscdreamscanbloom (Drive)"
2026-06-24,26,Online,Dream Big,1,270000,270000,Transferencia,Dream Big,FE-1632,"hojas de punto de venta, cuenta poscdreamscanbloom (Drive)"
2026-06-24,26,Online,Paquete zinnias sunset,1,58000,58000,Transferencia,Paquete zinnias sunset,FE-1630,"hojas de punto de venta, cuenta poscdreamscanbloom (Drive)"
2026-06-24,26,Online,Strawflower dream mix,1,40000,40000,Transferencia,Strawflower dream mix,FE-1630,"hojas de punto de venta, cuenta poscdreamscanbloom (Drive)"
2026-06-24,26,San Lucas,Bouquet forever Dream mediano,1,120000,120000,Online,,,"hojas de punto de venta, cuenta poscdreamscanbloom (Drive)"
2026-06-24,26,San Lucas,Bouquet petit,1,65000,65000,Transferencia,,celosías con gomphrenas,"hojas de punto de venta, cuenta poscdreamscanbloom (Drive)"
2026-06-24,26,San Lucas,Campanula,1,50000,50000,Efectivo,Campanula (paquete),,"hojas de punto de venta, cuenta poscdreamscanbloom (Drive)"
2026-06-24,26,San Lucas,Paquete amaranto velvet,1,45000,45000,Transferencia,,,"hojas de punto de venta, cuenta poscdreamscanbloom (Drive)"
2026-06-24,26,Tesoro,Cosecha Pequeño,1,105000,94500,Efectivo,Cosecha Pequeño,,"hojas de punto de venta, cuenta poscdreamscanbloom (Drive)"
2026-06-24,26,Tesoro,Matricaria,1,45000,45000,Transferencia,,Cliente paga 40.000,"hojas de punto de venta, cuenta poscdreamscanbloom (Drive)"
2026-06-24,26,Tesoro,Paquete campanulas y bocas,1,45000,45000,Efectivo,Paquete campanulas y bocas,50.000 en catalogo,"hojas de punto de venta, cuenta poscdreamscanbloom (Drive)"
2026-06-25,26,Jardines,Bocas de dragon,1,38000,38000,Efectivo,Bocas de dragón (paquete),,"hojas de punto de venta, cuenta poscdreamscanbloom (Drive)"
2026-06-25,26,Jardines,Cosecha Grande,1,125000,125000,Datafono,Cosecha Grande,,"hojas de punto de venta, cuenta poscdreamscanbloom (Drive)"
2026-06-25,26,Jardines,Cosecha Pequeño,1,105000,68250,Efectivo,Cosecha Pequeño,Paga 70.000,"hojas de punto de venta, cuenta poscdreamscanbloom (Drive)"
2026-06-25,26,Jardines,Paquete ammobium,1,45000,40500,Efectivo,Paquete ammobium,Paga 40.000,"hojas de punto de venta, cuenta poscdreamscanbloom (Drive)"
2026-06-25,26,Jardines,Paquete campanulas y bocas,1,45000,45000,Transferencia,Paquete campanulas y bocas,Paga 50.000,"hojas de punto de venta, cuenta poscdreamscanbloom (Drive)"
2026-06-25,26,Online,Bocas de dragon,1,38000,38000,Transferencia,Bocas de dragón (paquete),FE-1636,"hojas de punto de venta, cuenta poscdreamscanbloom (Drive)"
2026-06-25,26,Online,Bouquet  Dream Land,1,285000,285000,Transferencia,,FE-1635,"hojas de punto de venta, cuenta poscdreamscanbloom (Drive)"
2026-06-25,26,Online,Bouquet Greenery,1,90000,90000,Transferencia,,FE-1640,"hojas de punto de venta, cuenta poscdreamscanbloom (Drive)"
2026-06-25,26,Online,Campanula,1,50000,50000,Transferencia,Campanula (paquete),FE-1634,"hojas de punto de venta, cuenta poscdreamscanbloom (Drive)"
2026-06-25,26,Online,Campanula,1,50000,50000,Transferencia,Campanula (paquete),FE-1636,"hojas de punto de venta, cuenta poscdreamscanbloom (Drive)"
2026-06-25,26,Online,My love,1,65000,65000,Transferencia,,FE-1639,"hojas de punto de venta, cuenta poscdreamscanbloom (Drive)"
2026-06-25,26,Online,My love,1,65000,65000,Transferencia,,FE-1640,"hojas de punto de venta, cuenta poscdreamscanbloom (Drive)"
2026-06-25,26,Online,Paquete frambuesa pop,1,65000,65000,Transferencia,,FE-1638,"hojas de punto de venta, cuenta poscdreamscanbloom (Drive)"
2026-06-25,26,San Lucas,Bocas de dragon,1,38000,38000,Online,Bocas de dragón (paquete),,"hojas de punto de venta, cuenta poscdreamscanbloom (Drive)"
2026-06-25,26,San Lucas,Bouquet petit,1,65000,65000,Efectivo,,celocias con gomphrenas,"hojas de punto de venta, cuenta poscdreamscanbloom (Drive)"
2026-06-25,26,San Lucas,Bouquet petit,1,65000,65000,Transferencia,,celocias con gomphrenas,"hojas de punto de venta, cuenta poscdreamscanbloom (Drive)"
2026-06-25,26,San Lucas,Campanula,1,50000,50000,Transferencia,Campanula (paquete),,"hojas de punto de venta, cuenta poscdreamscanbloom (Drive)"
2026-06-25,26,San Lucas,Campanula,1,50000,50000,Online,Campanula (paquete),,"hojas de punto de venta, cuenta poscdreamscanbloom (Drive)"
2026-06-25,26,San Lucas,My love,1,65000,65000,Online,,,"hojas de punto de venta, cuenta poscdreamscanbloom (Drive)"
2026-06-25,26,Tesoro,Bocas de dragon,1,38000,38000,Datafono,Bocas de dragón (paquete),,"hojas de punto de venta, cuenta poscdreamscanbloom (Drive)"
2026-06-25,26,Tesoro,Bocas de dragon,1,38000,38000,Datafono,Bocas de dragón (paquete),,"hojas de punto de venta, cuenta poscdreamscanbloom (Drive)"
2026-06-25,26,Tesoro,Bouquet forever Dream mediano,1,120000,120000,Datafono,,,"hojas de punto de venta, cuenta poscdreamscanbloom (Drive)"
2026-06-25,26,Tesoro,Bouquet petit,1,65000,0,Salida por daño,,,"hojas de punto de venta, cuenta poscdreamscanbloom (Drive)"
2026-06-25,26,Tesoro,Edicion Especial Lisianthus,1,75000,75000,Transferencia,Edicion Especial Lisianthus,Ventas real 95.000,"hojas de punto de venta, cuenta poscdreamscanbloom (Drive)"
2026-06-25,26,Tesoro,Paquete frambuesa pop,1,65000,65000,Datafono,,,"hojas de punto de venta, cuenta poscdreamscanbloom (Drive)"
2026-06-26,26,Jardines,Bocas de dragon,1,38000,38000,Datafono,Bocas de dragón (paquete),,"hojas de punto de venta, cuenta poscdreamscanbloom (Drive)"
2026-06-26,26,Jardines,Bocas de dragon,1,38000,38000,Efectivo,Bocas de dragón (paquete),,"hojas de punto de venta, cuenta poscdreamscanbloom (Drive)"
2026-06-26,26,Jardines,Bocas de dragon,1,38000,38000,Efectivo,Bocas de dragón (paquete),,"hojas de punto de venta, cuenta poscdreamscanbloom (Drive)"
2026-06-26,26,Jardines,Bocas de dragon con cardamos,1,60000,60000,Datafono,,promo especial cosecha pequeño,"hojas de punto de venta, cuenta poscdreamscanbloom (Drive)"
2026-06-26,26,Jardines,Bouquet forever Dream pequeño,1,85000,85000,Transferencia,,,"hojas de punto de venta, cuenta poscdreamscanbloom (Drive)"
2026-06-26,26,Jardines,Bouquet forever Dream pequeño,1,85000,85000,Transferencia,,,"hojas de punto de venta, cuenta poscdreamscanbloom (Drive)"
2026-06-26,26,Jardines,Bouquet forever Dream pequeño,1,85000,85000,Transferencia,,,"hojas de punto de venta, cuenta poscdreamscanbloom (Drive)"
2026-06-26,26,Jardines,Campanula,1,50000,50000,Datafono,Campanula (paquete),,"hojas de punto de venta, cuenta poscdreamscanbloom (Drive)"
2026-06-26,26,Jardines,Edicion Especial Lisianthus,1,75000,75000,Efectivo,Edicion Especial Lisianthus,,"hojas de punto de venta, cuenta poscdreamscanbloom (Drive)"
2026-06-26,26,Jardines,My love,1,65000,65000,Transferencia,,,"hojas de punto de venta, cuenta poscdreamscanbloom (Drive)"
2026-06-26,26,Jardines,My love,1,65000,0,Online,,,"hojas de punto de venta, cuenta poscdreamscanbloom (Drive)"
2026-06-26,26,Jardines,Paquete ammobium,3,45000,0,Salida por daño,Paquete ammobium,,"hojas de punto de venta, cuenta poscdreamscanbloom (Drive)"
2026-06-26,26,Jardines,Paquete campanulas y bocas,1,45000,45000,Datafono,Paquete campanulas y bocas,"50,000.00","hojas de punto de venta, cuenta poscdreamscanbloom (Drive)"
2026-06-26,26,Jardines,Paquete campanulas y bocas,1,45000,45000,Transferencia,Paquete campanulas y bocas,,"hojas de punto de venta, cuenta poscdreamscanbloom (Drive)"
2026-06-26,26,Jardines,Paquete campanulas y bocas,1,45000,45000,Efectivo,Paquete campanulas y bocas,,"hojas de punto de venta, cuenta poscdreamscanbloom (Drive)"
2026-06-26,26,Jardines,Paquete frambuesa pop,1,65000,58500,Datafono,,,"hojas de punto de venta, cuenta poscdreamscanbloom (Drive)"
2026-06-26,26,Jardines,Sobres,1,9500,9500,Datafono,,,"hojas de punto de venta, cuenta poscdreamscanbloom (Drive)"
2026-06-26,26,Jardines,Strawflower dream mix,1,40000,40000,Transferencia,Strawflower dream mix,,"hojas de punto de venta, cuenta poscdreamscanbloom (Drive)"
2026-06-26,26,Jardines,Strawflower dream mix,1,40000,40000,Datafono,Strawflower dream mix,,"hojas de punto de venta, cuenta poscdreamscanbloom (Drive)"
2026-06-26,26,Online,Dahlias,2,70000,119000,Transferencia,,FE-1642,"hojas de punto de venta, cuenta poscdreamscanbloom (Drive)"
2026-06-26,26,Online,Event zinnias 10 tallos,2,45000,90000,Transferencia,,FE-1641,"hojas de punto de venta, cuenta poscdreamscanbloom (Drive)"
2026-06-26,26,Online,Event zinnias 10 tallos,2,45000,90000,Transferencia,,FE-1642,"hojas de punto de venta, cuenta poscdreamscanbloom (Drive)"
2026-06-26,26,Online,My love,1,65000,65000,Transferencia,,FE-1643,"hojas de punto de venta, cuenta poscdreamscanbloom (Drive)"
2026-06-26,26,Online,Strawflower dream mix,2,40000,76000,Transferencia,Strawflower dream mix,FE-1642,"hojas de punto de venta, cuenta poscdreamscanbloom (Drive)"
2026-06-26,26,San Lucas,Paquete ammi majus,1,40000,40000,Transferencia,,,"hojas de punto de venta, cuenta poscdreamscanbloom (Drive)"
2026-06-26,26,Tesoro,Bocas de dragon,1,38000,38000,Datafono,Bocas de dragón (paquete),,"hojas de punto de venta, cuenta poscdreamscanbloom (Drive)"
2026-06-26,26,Tesoro,Green ball,1,40000,40000,Datafono,Green ball (paquete),,"hojas de punto de venta, cuenta poscdreamscanbloom (Drive)"
2026-06-26,26,Tesoro,Zinnias,1,50000,50000,Transferencia,,Valor 58.000,"hojas de punto de venta, cuenta poscdreamscanbloom (Drive)"
2026-06-27,26,Jardines,Amaranto cascada,1,45000,45000,Transferencia,Amaranto cascada (paquete),,"hojas de punto de venta, cuenta poscdreamscanbloom (Drive)"
2026-06-27,26,Jardines,Amaranto cascada,2,45000,90000,Transferencia,Amaranto cascada (paquete),,"hojas de punto de venta, cuenta poscdreamscanbloom (Drive)"
2026-06-27,26,Jardines,Bocas de dragon,2,38000,76000,Transferencia,Bocas de dragón (paquete),,"hojas de punto de venta, cuenta poscdreamscanbloom (Drive)"
2026-06-27,26,Jardines,Bocas de dragon,2,38000,76000,Datafono,Bocas de dragón (paquete),,"hojas de punto de venta, cuenta poscdreamscanbloom (Drive)"
2026-06-27,26,Jardines,Bouquet forever Dream pequeño,1,85000,85000,Datafono,,,"hojas de punto de venta, cuenta poscdreamscanbloom (Drive)"
2026-06-27,26,Jardines,Campanula,1,50000,50000,Datafono,Campanula (paquete),,"hojas de punto de venta, cuenta poscdreamscanbloom (Drive)"
2026-06-27,26,Jardines,Campanula,1,50000,50000,Datafono,Campanula (paquete),,"hojas de punto de venta, cuenta poscdreamscanbloom (Drive)"
2026-06-27,26,Jardines,Cosecha Grande,2,125000,250000,Efectivo,Cosecha Grande,,"hojas de punto de venta, cuenta poscdreamscanbloom (Drive)"
2026-06-27,26,Jardines,Cosecha Pequeño,2,105000,210000,Transferencia,Cosecha Pequeño,,"hojas de punto de venta, cuenta poscdreamscanbloom (Drive)"
2026-06-27,26,Jardines,Cosecha Pequeño,1,105000,0,Online,Cosecha Pequeño,,"hojas de punto de venta, cuenta poscdreamscanbloom (Drive)"
2026-06-27,26,Jardines,Cosecha Pequeño,1,105000,68250,Datafono,Cosecha Pequeño,,"hojas de punto de venta, cuenta poscdreamscanbloom (Drive)"
2026-06-27,26,Jardines,Edicion Especial Lisianthus,1,75000,67500,Datafono,Edicion Especial Lisianthus,,"hojas de punto de venta, cuenta poscdreamscanbloom (Drive)"
2026-06-27,26,Jardines,Green ball,1,40000,40000,Datafono,Green ball (paquete),matricaria,"hojas de punto de venta, cuenta poscdreamscanbloom (Drive)"
2026-06-27,26,Jardines,Matricaria,1,45000,40500,Transferencia,,"40,000.00","hojas de punto de venta, cuenta poscdreamscanbloom (Drive)"
2026-06-27,26,Jardines,My love,1,65000,65000,Datafono,,,"hojas de punto de venta, cuenta poscdreamscanbloom (Drive)"
2026-06-27,26,Jardines,Paquete ammi majus,1,40000,40000,Transferencia,,,"hojas de punto de venta, cuenta poscdreamscanbloom (Drive)"
2026-06-27,26,Jardines,Paquete campanulas blancas,1,50000,50000,Transferencia,,Campanula y bocas,"hojas de punto de venta, cuenta poscdreamscanbloom (Drive)"
2026-06-27,26,Jardines,Paquete campanulas blancas,1,50000,50000,Transferencia,,Campanulas y bocas,"hojas de punto de venta, cuenta poscdreamscanbloom (Drive)"
2026-06-27,26,Jardines,Paquete frambuesa pop,1,65000,55250,Transferencia,,,"hojas de punto de venta, cuenta poscdreamscanbloom (Drive)"
2026-06-27,26,Jardines,Paquete frambuesa pop,4,65000,208000,Transferencia,,,"hojas de punto de venta, cuenta poscdreamscanbloom (Drive)"
2026-06-27,26,Jardines,Paquete frambuesa pop,2,65000,110500,Datafono,,,"hojas de punto de venta, cuenta poscdreamscanbloom (Drive)"
2026-06-27,26,Jardines,Paquete frambuesa pop,1,65000,0,Salida por daño,,,"hojas de punto de venta, cuenta poscdreamscanbloom (Drive)"
2026-06-27,26,Jardines,Paquete gomphrenas rose,2,45000,90000,Transferencia,,,"hojas de punto de venta, cuenta poscdreamscanbloom (Drive)"
2026-06-27,26,Jardines,Paquete gomphrenas rose,2,45000,90000,Transferencia,,,"hojas de punto de venta, cuenta poscdreamscanbloom (Drive)"
2026-06-27,26,Jardines,Paquete gomphrenas rose,1,45000,45000,Datafono,,,"hojas de punto de venta, cuenta poscdreamscanbloom (Drive)"
2026-06-27,26,Jardines,Strawflower dream mix,1,40000,40000,Datafono,Strawflower dream mix,,"hojas de punto de venta, cuenta poscdreamscanbloom (Drive)"
2026-06-27,26,Jardines,Strawflower dream mix,1,40000,40000,Efectivo,Strawflower dream mix,,"hojas de punto de venta, cuenta poscdreamscanbloom (Drive)"
2026-06-27,26,San Lucas,Amaranto cascada,1,45000,45000,Datafono,Amaranto cascada (paquete),,"hojas de punto de venta, cuenta poscdreamscanbloom (Drive)"
2026-06-27,26,San Lucas,Bocas de dragon,1,38000,38000,Transferencia,Bocas de dragón (paquete),,"hojas de punto de venta, cuenta poscdreamscanbloom (Drive)"
2026-06-27,26,San Lucas,Bocas de dragon,1,38000,38000,Transferencia,Bocas de dragón (paquete),,"hojas de punto de venta, cuenta poscdreamscanbloom (Drive)"
2026-06-27,26,San Lucas,Campanula,1,50000,50000,Datafono,Campanula (paquete),,"hojas de punto de venta, cuenta poscdreamscanbloom (Drive)"
2026-06-27,26,San Lucas,Campanula,1,50000,50000,Efectivo,Campanula (paquete),,"hojas de punto de venta, cuenta poscdreamscanbloom (Drive)"
2026-06-27,26,San Lucas,Paquete amaranto velvet,1,45000,36000,Transferencia,,,"hojas de punto de venta, cuenta poscdreamscanbloom (Drive)"
2026-06-27,26,Tesoro,Bocas de dragon,1,38000,38000,Transferencia,Bocas de dragón (paquete),,"hojas de punto de venta, cuenta poscdreamscanbloom (Drive)"
2026-06-27,26,Tesoro,Bocas de dragon,1,38000,38000,Transferencia,Bocas de dragón (paquete),,"hojas de punto de venta, cuenta poscdreamscanbloom (Drive)"
2026-06-27,26,Tesoro,Campanula,1,50000,50000,Transferencia,Campanula (paquete),Camapanulas con bocas,"hojas de punto de venta, cuenta poscdreamscanbloom (Drive)"
2026-06-27,26,Tesoro,Campanula,1,50000,50000,Efectivo,Campanula (paquete),,"hojas de punto de venta, cuenta poscdreamscanbloom (Drive)"
2026-06-27,26,Tesoro,My love,1,65000,0,Salida por daño,,,"hojas de punto de venta, cuenta poscdreamscanbloom (Drive)"
2026-06-27,26,Tesoro,Paquete campanulas y bocas,1,45000,0,Salida por daño,Paquete campanulas y bocas,,"hojas de punto de venta, cuenta poscdreamscanbloom (Drive)"
2026-06-28,26,Jardines,Bocas de dragon,1,38000,38000,Transferencia,Bocas de dragón (paquete),,"hojas de punto de venta, cuenta poscdreamscanbloom (Drive)"
2026-06-28,26,Jardines,Bocas de dragon,1,38000,38000,Transferencia,Bocas de dragón (paquete),,"hojas de punto de venta, cuenta poscdreamscanbloom (Drive)"
2026-06-28,26,Jardines,Campanulas y statice,1,55000,49500,Efectivo,Campanulas y statice (paquete),"50,000.00","hojas de punto de venta, cuenta poscdreamscanbloom (Drive)"
2026-06-28,26,Jardines,Edicion Especial Lisianthus,1,75000,60000,Transferencia,Edicion Especial Lisianthus,,"hojas de punto de venta, cuenta poscdreamscanbloom (Drive)"
2026-06-28,26,San Lucas,Bocas de dragon,1,38000,38000,Transferencia,Bocas de dragón (paquete),,"hojas de punto de venta, cuenta poscdreamscanbloom (Drive)"
2026-06-28,26,San Lucas,My love,1,65000,65000,Transferencia,,,"hojas de punto de venta, cuenta poscdreamscanbloom (Drive)"
2026-06-28,26,San Lucas,Nigellas,1,40000,40000,Efectivo,,,"hojas de punto de venta, cuenta poscdreamscanbloom (Drive)"
2026-06-28,26,Tesoro,Bocas de dragon,1,38000,38000,Datafono,Bocas de dragón (paquete),,"hojas de punto de venta, cuenta poscdreamscanbloom (Drive)"
2026-06-28,26,Tesoro,Bocas de dragon,2,38000,0,Salida por daño,Bocas de dragón (paquete),,"hojas de punto de venta, cuenta poscdreamscanbloom (Drive)"
2026-06-28,26,Tesoro,Cosecha Grande,1,125000,0,Salida por daño,Cosecha Grande,,"hojas de punto de venta, cuenta poscdreamscanbloom (Drive)"
2026-06-28,26,Tesoro,Paquete campanulas y bocas,1,45000,0,Obsequio,Paquete campanulas y bocas,,"hojas de punto de venta, cuenta poscdreamscanbloom (Drive)"
2026-06-29,27,Jardines,Amaranto cascada,1,45000,45000,Transferencia,Amaranto cascada (paquete),,"hojas de punto de venta, cuenta poscdreamscanbloom (Drive)"
2026-06-29,27,Jardines,Campanulas y statice,1,55000,49500,Datafono,Campanulas y statice (paquete),,"hojas de punto de venta, cuenta poscdreamscanbloom (Drive)"
2026-06-29,27,Jardines,Cosecha Pequeño,1,105000,105000,Transferencia,Cosecha Pequeño,,"hojas de punto de venta, cuenta poscdreamscanbloom (Drive)"
2026-06-29,27,Jardines,Cosecha Pequeño,1,105000,105000,Efectivo,Cosecha Pequeño,,"hojas de punto de venta, cuenta poscdreamscanbloom (Drive)"
2026-06-29,27,Jardines,Paquete campanulas y bocas,1,45000,45000,Transferencia,Paquete campanulas y bocas,"50,000.00","hojas de punto de venta, cuenta poscdreamscanbloom (Drive)"
2026-06-29,27,Jardines,Paquete gomphrenas rose,1,45000,45000,Transferencia,,,"hojas de punto de venta, cuenta poscdreamscanbloom (Drive)"
2026-06-29,27,San Lucas,Amaranto cascada,1,45000,45000,Efectivo,Amaranto cascada (paquete),,"hojas de punto de venta, cuenta poscdreamscanbloom (Drive)"
2026-06-29,27,San Lucas,Bocas de dragon,1,38000,38000,Transferencia,Bocas de dragón (paquete),,"hojas de punto de venta, cuenta poscdreamscanbloom (Drive)"
2026-06-29,27,San Lucas,Edicion especial lisianthus,1,75000,63750,Transferencia,Edicion Especial Lisianthus,Paga 65.000,"hojas de punto de venta, cuenta poscdreamscanbloom (Drive)"
2026-06-29,27,San Lucas,Paquete ammi majus,1,40000,40000,Efectivo,,,"hojas de punto de venta, cuenta poscdreamscanbloom (Drive)"
2026-06-29,27,Tesoro,Bocas de dragon,1,38000,0,Salida por daño,Bocas de dragón (paquete),,"hojas de punto de venta, cuenta poscdreamscanbloom (Drive)"
2026-06-29,27,Tesoro,Bouquet Greenery,1,90000,90000,Transferencia,,,"hojas de punto de venta, cuenta poscdreamscanbloom (Drive)"
2026-06-29,27,Tesoro,My love,1,65000,52000,Datafono,,,"hojas de punto de venta, cuenta poscdreamscanbloom (Drive)"
2026-06-29,27,Tesoro,My love,1,65000,0,Salida por daño,,,"hojas de punto de venta, cuenta poscdreamscanbloom (Drive)"
2026-06-29,27,Tesoro,Paquete campanulas y bocas,1,45000,45000,Transferencia,Paquete campanulas y bocas,"50,000.00","hojas de punto de venta, cuenta poscdreamscanbloom (Drive)"
2026-06-29,27,Tesoro,Strawflower dream mix &#9;,1,40000,40000,Efectivo,,,"hojas de punto de venta, cuenta poscdreamscanbloom (Drive)"
2026-06-30,27,Jardines,Bocas de dragon,3,38000,114000,Efectivo,Bocas de dragón (paquete),,"hojas de punto de venta, cuenta poscdreamscanbloom (Drive)"
2026-06-30,27,Jardines,Bouquet forever Dream pequeño,1,85000,85000,Efectivo,,,"hojas de punto de venta, cuenta poscdreamscanbloom (Drive)"
2026-06-30,27,Jardines,Campanula,1,50000,50000,Efectivo,Campanula (paquete),,"hojas de punto de venta, cuenta poscdreamscanbloom (Drive)"
2026-06-30,27,Jardines,Cosecha Grande,1,125000,100000,Datafono,Cosecha Grande,,"hojas de punto de venta, cuenta poscdreamscanbloom (Drive)"
2026-06-30,27,Jardines,Cosecha Grande,1,125000,125000,Transferencia,Cosecha Grande,,"hojas de punto de venta, cuenta poscdreamscanbloom (Drive)"
2026-06-30,27,Jardines,Cosecha Pequeño,1,105000,105000,Transferencia,Cosecha Pequeño,,"hojas de punto de venta, cuenta poscdreamscanbloom (Drive)"
2026-06-30,27,Jardines,My love,1,65000,65000,Efectivo,,,"hojas de punto de venta, cuenta poscdreamscanbloom (Drive)"
2026-06-30,27,Jardines,My love,1,65000,65000,Efectivo,,,"hojas de punto de venta, cuenta poscdreamscanbloom (Drive)"
2026-06-30,27,Jardines,Paquete campanulas y bocas,1,45000,45000,Transferencia,Paquete campanulas y bocas,"50,000.00","hojas de punto de venta, cuenta poscdreamscanbloom (Drive)"
2026-06-30,27,Jardines,Paquete campanulas y bocas,1,45000,45000,Transferencia,Paquete campanulas y bocas,"50,000.00","hojas de punto de venta, cuenta poscdreamscanbloom (Drive)"
2026-06-30,27,Jardines,Paquete campanulas y bocas,1,45000,45000,Transferencia,Paquete campanulas y bocas,,"hojas de punto de venta, cuenta poscdreamscanbloom (Drive)"
2026-06-30,27,Jardines,Paquete campanulas y bocas,1,45000,45000,Efectivo,Paquete campanulas y bocas,,"hojas de punto de venta, cuenta poscdreamscanbloom (Drive)"
2026-06-30,27,Jardines,Paquete gomphrenas rose,2,45000,90000,Datafono,,,"hojas de punto de venta, cuenta poscdreamscanbloom (Drive)"
2026-06-30,27,Jardines,Sobres,1,9500,9500,Transferencia,,,"hojas de punto de venta, cuenta poscdreamscanbloom (Drive)"
2026-06-30,27,Jardines,Strawflower dream mix,1,40000,40000,Transferencia,Strawflower dream mix,,"hojas de punto de venta, cuenta poscdreamscanbloom (Drive)"
2026-06-30,27,Online,Bocas de dragon,3,38000,114000,Transferencia,Bocas de dragón (paquete),FE-1718,"hojas de punto de venta, cuenta poscdreamscanbloom (Drive)"
2026-06-30,27,Online,Bouquet pureza,1,160000,160000,Transferencia,Bouquet pureza,FE-1664,"hojas de punto de venta, cuenta poscdreamscanbloom (Drive)"
2026-06-30,27,Online,Celosias plumosas,3,50000,150000,Transferencia,Celosias plumosas,FE-1717,"hojas de punto de venta, cuenta poscdreamscanbloom (Drive)"
2026-06-30,27,Online,Cosecha Grande,1,125000,125000,Transferencia,Cosecha Grande,FE-1647,"hojas de punto de venta, cuenta poscdreamscanbloom (Drive)"
2026-06-30,27,Online,Cosecha Grande,1,125000,125000,Transferencia,Cosecha Grande,FE-1647,"hojas de punto de venta, cuenta poscdreamscanbloom (Drive)"
2026-06-30,27,Online,Cosecha Pequeño,1,105000,105000,Transferencia,Cosecha Pequeño,FE-1646,"hojas de punto de venta, cuenta poscdreamscanbloom (Drive)"
2026-06-30,27,Online,Cosecha Pequeño,1,105000,105000,Transferencia,Cosecha Pequeño,FE-1645,"hojas de punto de venta, cuenta poscdreamscanbloom (Drive)"
2026-06-30,27,Online,Event amaranto cascada magenta 10 tll,24,38250,918000,Transferencia,,FE-1547,"hojas de punto de venta, cuenta poscdreamscanbloom (Drive)"
2026-06-30,27,Online,Event bocas de dragon 10 tallos,1,32300,32300,Transferencia,,FE-1610,"hojas de punto de venta, cuenta poscdreamscanbloom (Drive)"
2026-06-30,27,Online,Event campanulas blancas 8-10 tallos,1,38250,38250,Transferencia,,FE-1610,"hojas de punto de venta, cuenta poscdreamscanbloom (Drive)"
2026-06-30,27,Online,Event campanulas blancas 8-10 tallos,2,38250,76500,Transferencia,,FE-1717,"hojas de punto de venta, cuenta poscdreamscanbloom (Drive)"
2026-06-30,27,Online,Event gomphenas blancas,1,38250,38250,Transferencia,Event gomphenas blancas,FE-1610,"hojas de punto de venta, cuenta poscdreamscanbloom (Drive)"
2026-06-30,27,Online,Event zinnias 10 tallos,1,45000,45000,Transferencia,,FE-1610,"hojas de punto de venta, cuenta poscdreamscanbloom (Drive)"
2026-06-30,27,Online,Green ball,1,40000,40000,Transferencia,Green ball (paquete),FE-1610,"hojas de punto de venta, cuenta poscdreamscanbloom (Drive)"
2026-06-30,27,Online,My love,1,65000,65000,Transferencia,,FE-1644,"hojas de punto de venta, cuenta poscdreamscanbloom (Drive)"
2026-06-30,27,Online,Paquete de lisianthus solo,2,60000,120000,Transferencia,,FE-1717,"hojas de punto de venta, cuenta poscdreamscanbloom (Drive)"
2026-06-30,27,Online,Paquete zinnias sunset,1,58000,58000,Transferencia,Paquete zinnias sunset,FE-1717,"hojas de punto de venta, cuenta poscdreamscanbloom (Drive)"
2026-06-30,27,San Lucas,Bocas de dragon,1,38000,30400,Datafono,Bocas de dragón (paquete),,"hojas de punto de venta, cuenta poscdreamscanbloom (Drive)"
2026-06-30,27,San Lucas,Bocas de dragon,1,38000,38000,Transferencia,Bocas de dragón (paquete),,"hojas de punto de venta, cuenta poscdreamscanbloom (Drive)"
2026-06-30,27,San Lucas,Bouquet Greenery,1,90000,81000,Datafono,,Paga 82.000,"hojas de punto de venta, cuenta poscdreamscanbloom (Drive)"
2026-06-30,27,San Lucas,Cosecha Pequeño,1,105000,0,Online,Cosecha Pequeño,,"hojas de punto de venta, cuenta poscdreamscanbloom (Drive)"
2026-06-30,27,Tesoro,Bocas de dragon,1,38000,38000,Efectivo,Bocas de dragón (paquete),,"hojas de punto de venta, cuenta poscdreamscanbloom (Drive)"
2026-06-30,27,Tesoro,Bocas de dragon,3,38000,114000,Datafono,Bocas de dragón (paquete),,"hojas de punto de venta, cuenta poscdreamscanbloom (Drive)"
2026-06-30,27,Tesoro,Bocas de dragon,2,38000,0,Obsequio,Bocas de dragón (paquete),,"hojas de punto de venta, cuenta poscdreamscanbloom (Drive)"
2026-06-30,27,Tesoro,Cosecha Grande,1,125000,93750,Datafono,Cosecha Grande,,"hojas de punto de venta, cuenta poscdreamscanbloom (Drive)"
2026-06-30,27,Tesoro,My love,1,65000,65000,Transferencia,,,"hojas de punto de venta, cuenta poscdreamscanbloom (Drive)"
2026-06-30,27,Tesoro,Paquete de lisianthus solo,1,60000,60000,Efectivo,,,"hojas de punto de venta, cuenta poscdreamscanbloom (Drive)"
2026-06-30,27,Tesoro,Strawflower dream mix &#9;,1,40000,40000,Efectivo,,,"hojas de punto de venta, cuenta poscdreamscanbloom (Drive)"
2026-07-01,27,Jardines,Amaranto cascada,1,45000,0,Salida por daño,Amaranto cascada (paquete),,"hojas de punto de venta, cuenta poscdreamscanbloom (Drive)"
2026-07-01,27,Jardines,Bocas de dragon,1,38000,38000,Transferencia,Bocas de dragón (paquete),,"hojas de punto de venta, cuenta poscdreamscanbloom (Drive)"
2026-07-01,27,Jardines,Bocas de dragon,1,38000,38000,Transferencia,Bocas de dragón (paquete),,"hojas de punto de venta, cuenta poscdreamscanbloom (Drive)"
2026-07-01,27,Jardines,Bouquet forever Dream pequeño,1,85000,85000,Datafono,,,"hojas de punto de venta, cuenta poscdreamscanbloom (Drive)"
2026-07-01,27,Jardines,Bouquet petit,1,65000,58500,Datafono,,,"hojas de punto de venta, cuenta poscdreamscanbloom (Drive)"
2026-07-01,27,Jardines,Cosecha Grande,1,125000,125000,Transferencia,Cosecha Grande,,"hojas de punto de venta, cuenta poscdreamscanbloom (Drive)"
2026-07-01,27,Jardines,Cosecha Pequeño,1,105000,94500,Datafono,Cosecha Pequeño,,"hojas de punto de venta, cuenta poscdreamscanbloom (Drive)"
2026-07-01,27,Jardines,Paquete ammi majus,1,40000,0,Salida por daño,,,"hojas de punto de venta, cuenta poscdreamscanbloom (Drive)"
2026-07-01,27,Jardines,Paquete campanulas lavanda,1,45000,0,Salida por daño,,,"hojas de punto de venta, cuenta poscdreamscanbloom (Drive)"
2026-07-01,27,Jardines,Paquete campanulas lavanda,1,45000,45000,Datafono,,,"hojas de punto de venta, cuenta poscdreamscanbloom (Drive)"
2026-07-01,27,Jardines,Paquete campanulas y bocas,2,45000,90000,Transferencia,Paquete campanulas y bocas,,"hojas de punto de venta, cuenta poscdreamscanbloom (Drive)"
2026-07-01,27,Jardines,Paquete campanulas y bocas,1,45000,45000,Efectivo,Paquete campanulas y bocas,,"hojas de punto de venta, cuenta poscdreamscanbloom (Drive)"
2026-07-01,27,Jardines,Paquete frambuesa pop,1,65000,0,Salida por daño,,,"hojas de punto de venta, cuenta poscdreamscanbloom (Drive)"
2026-07-01,27,Jardines,Paquete lisianthus solo,1,50000,50000,Transferencia,Paquete lisianthus solo,50.000 precio de catálogo,"hojas de punto de venta, cuenta poscdreamscanbloom (Drive)"
2026-07-01,27,Jardines,Sobres,1,9500,9500,Transferencia,,,"hojas de punto de venta, cuenta poscdreamscanbloom (Drive)"
2026-07-01,27,Jardines,Sobres,1,9500,9500,Efectivo,,,"hojas de punto de venta, cuenta poscdreamscanbloom (Drive)"
2026-07-01,27,Jardines,Strawflower dream mix,1,40000,40000,Efectivo,Strawflower dream mix,,"hojas de punto de venta, cuenta poscdreamscanbloom (Drive)"
2026-07-01,27,Online,Bocas de dragon,1,38000,38000,Transferencia,Bocas de dragón (paquete),FE-1719,"hojas de punto de venta, cuenta poscdreamscanbloom (Drive)"
2026-07-01,27,Online,Bocas de dragon,1,38000,38000,Transferencia,Bocas de dragón (paquete),FE-1726,"hojas de punto de venta, cuenta poscdreamscanbloom (Drive)"
2026-07-01,27,Online,Campanula,1,50000,0,Obsequio,Campanula (paquete),E,"hojas de punto de venta, cuenta poscdreamscanbloom (Drive)"
2026-07-01,27,Online,Cosecha Grande,1,125000,125000,Transferencia,Cosecha Grande,FE-1720,"hojas de punto de venta, cuenta poscdreamscanbloom (Drive)"
2026-07-01,27,Online,Cosecha Grande,1,125000,125000,Transferencia,Cosecha Grande,FE-1721,"hojas de punto de venta, cuenta poscdreamscanbloom (Drive)"
2026-07-01,27,Online,Cosecha Grande,1,125000,106250,Transferencia,Cosecha Grande,FE-1723,"hojas de punto de venta, cuenta poscdreamscanbloom (Drive)"
2026-07-01,27,Online,Cosecha Pequeño,2,105000,210000,Transferencia,Cosecha Pequeño,FE-1722,"hojas de punto de venta, cuenta poscdreamscanbloom (Drive)"
2026-07-01,27,Online,Cosecha Pequeño,1,105000,105000,Transferencia,Cosecha Pequeño,FE-1725,"hojas de punto de venta, cuenta poscdreamscanbloom (Drive)"
2026-07-01,27,Online,Cosecha Pequeño,1,105000,0,Obsequio,Cosecha Pequeño,E,"hojas de punto de venta, cuenta poscdreamscanbloom (Drive)"
2026-07-01,27,Online,My love,1,65000,65000,Transferencia,,FE-1721,"hojas de punto de venta, cuenta poscdreamscanbloom (Drive)"
2026-07-01,27,Online,My love,1,65000,65000,Transferencia,,FE-1724,"hojas de punto de venta, cuenta poscdreamscanbloom (Drive)"
2026-07-01,27,San Lucas,Bocas de dragon,1,38000,38000,Datafono,Bocas de dragón (paquete),,"hojas de punto de venta, cuenta poscdreamscanbloom (Drive)"
2026-07-01,27,San Lucas,Bocas de dragon,1,38000,38000,Efectivo,Bocas de dragón (paquete),,"hojas de punto de venta, cuenta poscdreamscanbloom (Drive)"
2026-07-01,27,San Lucas,Bouquet petit,1,65000,65000,Efectivo,,,"hojas de punto de venta, cuenta poscdreamscanbloom (Drive)"
2026-07-01,27,San Lucas,Campanula,2,50000,0,Salida por daño,Campanula (paquete),,"hojas de punto de venta, cuenta poscdreamscanbloom (Drive)"
2026-07-01,27,San Lucas,Cosecha Grande,1,125000,125000,Transferencia,Cosecha Grande,,"hojas de punto de venta, cuenta poscdreamscanbloom (Drive)"
2026-07-01,27,San Lucas,Cosecha Grande,2,125000,0,Online,Cosecha Grande,,"hojas de punto de venta, cuenta poscdreamscanbloom (Drive)"
2026-07-01,27,San Lucas,Cosecha Pequeño,1,105000,0,Online,Cosecha Pequeño,,"hojas de punto de venta, cuenta poscdreamscanbloom (Drive)"
2026-07-01,27,San Lucas,Paquete lisianthus solo,3,50000,0,Salida por daño,Paquete lisianthus solo,,"hojas de punto de venta, cuenta poscdreamscanbloom (Drive)"
2026-07-01,27,San Lucas,Strawflower dream mix &#9;,1,40000,40000,Efectivo,,,"hojas de punto de venta, cuenta poscdreamscanbloom (Drive)"
2026-07-01,27,Tesoro,Campanula,1,50000,50000,Efectivo,Campanula (paquete),,"hojas de punto de venta, cuenta poscdreamscanbloom (Drive)"
2026-07-01,27,Tesoro,Campanula,1,50000,0,Online,Campanula (paquete),,"hojas de punto de venta, cuenta poscdreamscanbloom (Drive)"
2026-07-01,27,Tesoro,Cosecha Grande,1,125000,0,Online,Cosecha Grande,,"hojas de punto de venta, cuenta poscdreamscanbloom (Drive)"
2026-07-01,27,Tesoro,Cosecha Grande,1,125000,118750,Datafono,Cosecha Grande,Paga 120.000,"hojas de punto de venta, cuenta poscdreamscanbloom (Drive)"
2026-07-01,27,Tesoro,Cosecha Pequeño,1,105000,0,Obsequio,Cosecha Pequeño,,"hojas de punto de venta, cuenta poscdreamscanbloom (Drive)"
2026-07-01,27,Tesoro,Cosecha Pequeño,2,105000,0,Online,Cosecha Pequeño,,"hojas de punto de venta, cuenta poscdreamscanbloom (Drive)"
2026-07-01,27,Tesoro,Cosecha Pequeño,1,105000,0,Online,Cosecha Pequeño,,"hojas de punto de venta, cuenta poscdreamscanbloom (Drive)"
2026-07-01,27,Tesoro,Paquete statice pink dreams,1,40000,40000,Transferencia,Paquete statice pink dreams,,"hojas de punto de venta, cuenta poscdreamscanbloom (Drive)"
2026-07-02,27,Jardines,Amaranto cascada,1,45000,45000,Datafono,Amaranto cascada (paquete),,"hojas de punto de venta, cuenta poscdreamscanbloom (Drive)"
2026-07-02,27,Jardines,Amaranto cascada,1,45000,45000,Datafono,Amaranto cascada (paquete),,"hojas de punto de venta, cuenta poscdreamscanbloom (Drive)"
2026-07-02,27,Jardines,Bocas de dragon,2,38000,76000,Datafono,Bocas de dragón (paquete),,"hojas de punto de venta, cuenta poscdreamscanbloom (Drive)"
2026-07-02,27,Jardines,Bocas de dragon,1,38000,38000,Datafono,Bocas de dragón (paquete),,"hojas de punto de venta, cuenta poscdreamscanbloom (Drive)"
2026-07-02,27,Jardines,Bocas de dragon,1,38000,38000,Efectivo,Bocas de dragón (paquete),,"hojas de punto de venta, cuenta poscdreamscanbloom (Drive)"
2026-07-02,27,Jardines,Bocas de dragon,1,38000,38000,Transferencia,Bocas de dragón (paquete),,"hojas de punto de venta, cuenta poscdreamscanbloom (Drive)"
2026-07-02,27,Jardines,Bouquet forever Dream mediano,1,120000,120000,Efectivo,,,"hojas de punto de venta, cuenta poscdreamscanbloom (Drive)"
2026-07-02,27,Jardines,Bouquet forever Dream pequeño,1,85000,85000,Datafono,,,"hojas de punto de venta, cuenta poscdreamscanbloom (Drive)"
2026-07-02,27,Jardines,Campanula,1,50000,50000,Transferencia,Campanula (paquete),,"hojas de punto de venta, cuenta poscdreamscanbloom (Drive)"
2026-07-02,27,Jardines,Cosecha Grande,1,125000,0,Obsequio,Cosecha Grande,Garantia,"hojas de punto de venta, cuenta poscdreamscanbloom (Drive)"
2026-07-02,27,Jardines,Matricaria,1,45000,40500,Datafono,,,"hojas de punto de venta, cuenta poscdreamscanbloom (Drive)"
2026-07-02,27,Jardines,Paquete ammi majus,1,40000,40000,Datafono,,,"hojas de punto de venta, cuenta poscdreamscanbloom (Drive)"
2026-07-02,27,Jardines,Paquete plumas con celosias,1,,0,Transferencia,,,"hojas de punto de venta, cuenta poscdreamscanbloom (Drive)"
2026-07-02,27,Jardines,Paquete plumas con celosias,1,,0,Datafono,,,"hojas de punto de venta, cuenta poscdreamscanbloom (Drive)"
2026-07-02,27,Jardines,Strawflower dream mix,1,40000,40000,Datafono,Strawflower dream mix,,"hojas de punto de venta, cuenta poscdreamscanbloom (Drive)"
2026-07-02,27,Jardines,Strawflower dream mix,1,40000,40000,Efectivo,Strawflower dream mix,,"hojas de punto de venta, cuenta poscdreamscanbloom (Drive)"
2026-07-02,27,Jardines,Strawflower dream mix,1,40000,40000,Datafono,Strawflower dream mix,,"hojas de punto de venta, cuenta poscdreamscanbloom (Drive)"
2026-07-02,27,Online,Bocas de dragon y plumas,1,,0,Transferencia,,FE-1730,"hojas de punto de venta, cuenta poscdreamscanbloom (Drive)"
2026-07-02,27,Online,Bocas de dragon y plumas,1,,0,Transferencia,,FE-1731,"hojas de punto de venta, cuenta poscdreamscanbloom (Drive)"
2026-07-02,27,Online,Cosecha Grande,1,125000,125000,Transferencia,Cosecha Grande,FE-1727,"hojas de punto de venta, cuenta poscdreamscanbloom (Drive)"
2026-07-02,27,Online,Cosecha Pequeño,1,105000,89250,Transferencia,Cosecha Pequeño,FE-1729,"hojas de punto de venta, cuenta poscdreamscanbloom (Drive)"
2026-07-02,27,San Lucas,Bocas de dragon,3,38000,0,Salida por daño,Bocas de dragón (paquete),,"hojas de punto de venta, cuenta poscdreamscanbloom (Drive)"
2026-07-02,27,San Lucas,Campanula,3,50000,0,Salida por daño,Campanula (paquete),,"hojas de punto de venta, cuenta poscdreamscanbloom (Drive)"
2026-07-02,27,San Lucas,Edicion Especial Lisianthus,1,75000,75000,Transferencia,Edicion Especial Lisianthus,,"hojas de punto de venta, cuenta poscdreamscanbloom (Drive)"
2026-07-02,27,San Lucas,Edicion especial lisianthus,1,75000,75000,Transferencia,Edicion Especial Lisianthus,,"hojas de punto de venta, cuenta poscdreamscanbloom (Drive)"
2026-07-02,27,San Lucas,Paquete campanulas y bocas,1,45000,45000,Transferencia,Paquete campanulas y bocas,,"hojas de punto de venta, cuenta poscdreamscanbloom (Drive)"
2026-07-02,27,San Lucas,Paquete celosias y campanulas,2,65000,0,Salida por daño,,,"hojas de punto de venta, cuenta poscdreamscanbloom (Drive)"
2026-07-02,27,San Lucas,Paquete frambuesa pop,1,65000,65000,Transferencia,,,"hojas de punto de venta, cuenta poscdreamscanbloom (Drive)"
2026-07-02,27,San Lucas,Strawflower dream mix &#9;,1,40000,40000,Efectivo,,,"hojas de punto de venta, cuenta poscdreamscanbloom (Drive)"
2026-07-02,27,Tesoro,Bocas de dragon,1,38000,38000,Transferencia,Bocas de dragón (paquete),,"hojas de punto de venta, cuenta poscdreamscanbloom (Drive)"
2026-07-02,27,Tesoro,Bocas de dragon,1,38000,0,Salida por daño,Bocas de dragón (paquete),,"hojas de punto de venta, cuenta poscdreamscanbloom (Drive)"
2026-07-02,27,Tesoro,Campanula,1,50000,45000,Datafono,Campanula (paquete),,"hojas de punto de venta, cuenta poscdreamscanbloom (Drive)"
2026-07-02,27,Tesoro,Campanula,1,50000,0,Salida por daño,Campanula (paquete),,"hojas de punto de venta, cuenta poscdreamscanbloom (Drive)"
2026-07-02,27,Tesoro,Cosecha Grande,1,125000,125000,Datafono,Cosecha Grande,,"hojas de punto de venta, cuenta poscdreamscanbloom (Drive)"
2026-07-02,27,Tesoro,Edicion Especial Lisianthus,1,75000,63750,Transferencia,Edicion Especial Lisianthus,,"hojas de punto de venta, cuenta poscdreamscanbloom (Drive)"
2026-07-02,27,Tesoro,Gomphenas snow,1,45000,45000,Datafono,Gomphenas snow,,"hojas de punto de venta, cuenta poscdreamscanbloom (Drive)"
2026-07-02,27,Tesoro,Paquete ammi majus,1,40000,0,Salida por daño,,,"hojas de punto de venta, cuenta poscdreamscanbloom (Drive)"
2026-07-02,27,Tesoro,Paquete campanulas y bocas,1,45000,45000,Transferencia,Paquete campanulas y bocas,Valor 50.000,"hojas de punto de venta, cuenta poscdreamscanbloom (Drive)"
2026-07-02,27,Tesoro,Paquete campanulas y bocas,1,45000,0,Salida por daño,Paquete campanulas y bocas,,"hojas de punto de venta, cuenta poscdreamscanbloom (Drive)"
2026-07-03,27,Jardines,Bocas de dragon,1,38000,38000,Transferencia,Bocas de dragón (paquete),,"hojas de punto de venta, cuenta poscdreamscanbloom (Drive)"
2026-07-03,27,Jardines,Bocas de dragon,2,38000,76000,Efectivo,Bocas de dragón (paquete),,"hojas de punto de venta, cuenta poscdreamscanbloom (Drive)"
2026-07-03,27,Jardines,Bocas de dragon,1,38000,38000,Datafono,Bocas de dragón (paquete),,"hojas de punto de venta, cuenta poscdreamscanbloom (Drive)"
2026-07-03,27,Jardines,Bouquet forever Dream pequeño,1,85000,85000,Transferencia,,,"hojas de punto de venta, cuenta poscdreamscanbloom (Drive)"
2026-07-03,27,Jardines,Campanula,1,50000,42500,Efectivo,Campanula (paquete),Paga 42.000,"hojas de punto de venta, cuenta poscdreamscanbloom (Drive)"
2026-07-03,27,Jardines,Cosecha Grande,1,125000,125000,Online,Cosecha Grande,,"hojas de punto de venta, cuenta poscdreamscanbloom (Drive)"
2026-07-03,27,Jardines,Cosecha Grande,1,125000,100000,Transferencia,Cosecha Grande,,"hojas de punto de venta, cuenta poscdreamscanbloom (Drive)"
2026-07-03,27,Jardines,Cosecha Pequeño,2,105000,189000,Datafono,Cosecha Pequeño,Pago 188.000,"hojas de punto de venta, cuenta poscdreamscanbloom (Drive)"
2026-07-03,27,Online,Amaranto cascada,1,45000,45000,Transferencia,Amaranto cascada (paquete),FE-1743,"hojas de punto de venta, cuenta poscdreamscanbloom (Drive)"
2026-07-03,27,Online,Bocas de dragon,1,38000,38000,Transferencia,Bocas de dragón (paquete),FE-1735,"hojas de punto de venta, cuenta poscdreamscanbloom (Drive)"
2026-07-03,27,Online,Bocas de dragon,1,38000,38000,Transferencia,Bocas de dragón (paquete),FE-1739,"hojas de punto de venta, cuenta poscdreamscanbloom (Drive)"
2026-07-03,27,Online,Bouquet Greenery,1,90000,90000,Transferencia,,FE-1744,"hojas de punto de venta, cuenta poscdreamscanbloom (Drive)"
2026-07-03,27,Online,Bouquet petit,1,65000,45500,Transferencia,,FE-1737,"hojas de punto de venta, cuenta poscdreamscanbloom (Drive)"
2026-07-03,27,Online,Cosecha Grande,1,125000,125000,Transferencia,Cosecha Grande,FE-1736,"hojas de punto de venta, cuenta poscdreamscanbloom (Drive)"
2026-07-03,27,Online,Cosecha Grande,1,125000,125000,Transferencia,Cosecha Grande,FE-1741,"hojas de punto de venta, cuenta poscdreamscanbloom (Drive)"
2026-07-03,27,Online,Edicion especial lisianthus,1,75000,75000,Transferencia,Edicion Especial Lisianthus,FE-1742,"hojas de punto de venta, cuenta poscdreamscanbloom (Drive)"
2026-07-03,27,Online,Green ball,1,40000,40000,Transferencia,Green ball (paquete),FE-1743,"hojas de punto de venta, cuenta poscdreamscanbloom (Drive)"
2026-07-03,27,Online,My love,1,65000,65000,Transferencia,,FE-1740,"hojas de punto de venta, cuenta poscdreamscanbloom (Drive)"
2026-07-03,27,Online,Paquete ammi majus,1,40000,40000,Transferencia,,FE-1743,"hojas de punto de venta, cuenta poscdreamscanbloom (Drive)"
2026-07-03,27,Online,Paquete lisianthus solo,1,50000,42500,Transferencia,Paquete lisianthus solo,FE-1733,"hojas de punto de venta, cuenta poscdreamscanbloom (Drive)"
2026-07-03,27,Online,Paquete lisianthus solo,2,50000,100000,Transferencia,Paquete lisianthus solo,FE-1735,"hojas de punto de venta, cuenta poscdreamscanbloom (Drive)"
2026-07-03,27,Online,Paquete lisianthus solo,1,50000,50000,Transferencia,Paquete lisianthus solo,FE-1743,"hojas de punto de venta, cuenta poscdreamscanbloom (Drive)"
2026-07-03,27,San Lucas,Bocas de dragon,1,38000,0,Salida por daño,Bocas de dragón (paquete),,"hojas de punto de venta, cuenta poscdreamscanbloom (Drive)"
2026-07-03,27,San Lucas,Bocas de dragon,1,38000,32300,Transferencia,Bocas de dragón (paquete),,"hojas de punto de venta, cuenta poscdreamscanbloom (Drive)"
2026-07-03,27,San Lucas,Bouquet petit,1,65000,0,Online,,,"hojas de punto de venta, cuenta poscdreamscanbloom (Drive)"
2026-07-03,27,San Lucas,Campanula,2,50000,0,Salida por daño,Campanula (paquete),,"hojas de punto de venta, cuenta poscdreamscanbloom (Drive)"
2026-07-03,27,San Lucas,Cosecha Grande,1,125000,125000,Transferencia,Cosecha Grande,,"hojas de punto de venta, cuenta poscdreamscanbloom (Drive)"
2026-07-03,27,San Lucas,Cosecha Grande,1,125000,0,Online,Cosecha Grande,,"hojas de punto de venta, cuenta poscdreamscanbloom (Drive)"
2026-07-03,27,San Lucas,Cosecha Pequeño,1,105000,105000,Datafono,Cosecha Pequeño,,"hojas de punto de venta, cuenta poscdreamscanbloom (Drive)"
2026-07-03,27,San Lucas,My love,1,65000,0,Online,,,"hojas de punto de venta, cuenta poscdreamscanbloom (Drive)"
2026-07-03,27,San Lucas,Paquete ammi majus,1,40000,0,Salida por daño,,,"hojas de punto de venta, cuenta poscdreamscanbloom (Drive)"
2026-07-03,27,San Lucas,Paquete ammi majus,2,40000,68000,Transferencia,,,"hojas de punto de venta, cuenta poscdreamscanbloom (Drive)"
2026-07-03,27,San Lucas,Paquete campanulas y bocas,1,45000,45000,Transferencia,Paquete campanulas y bocas,,"hojas de punto de venta, cuenta poscdreamscanbloom (Drive)"
2026-07-03,27,San Lucas,Paquete frambuesa pop,1,65000,65000,Datafono,,,"hojas de punto de venta, cuenta poscdreamscanbloom (Drive)"
2026-07-03,27,Tesoro,Bocas de dragon,1,38000,38000,Transferencia,Bocas de dragón (paquete),,"hojas de punto de venta, cuenta poscdreamscanbloom (Drive)"
2026-07-03,27,Tesoro,Cosecha Grande,1,125000,125000,Datafono,Cosecha Grande,,"hojas de punto de venta, cuenta poscdreamscanbloom (Drive)"
2026-07-03,27,Tesoro,Gomphenas snow,1,45000,45000,Datafono,Gomphenas snow,,"hojas de punto de venta, cuenta poscdreamscanbloom (Drive)"
2026-07-03,27,Tesoro,Paquete campanulas y bocas,1,45000,45000,Datafono,Paquete campanulas y bocas,,"hojas de punto de venta, cuenta poscdreamscanbloom (Drive)"
2026-07-03,27,Tesoro,Paquete lisianthus solo,1,50000,47500,Datafono,Paquete lisianthus solo,Valor 48.000 Greenery,"hojas de punto de venta, cuenta poscdreamscanbloom (Drive)"
2026-07-03,27,Tesoro,Paquete plumas con lisianthus,1,60000,60000,Datafono,,Plumas con Lisianthus,"hojas de punto de venta, cuenta poscdreamscanbloom (Drive)"
2026-07-04,27,Jardines,Bocas de dragon,1,38000,0,Online,Bocas de dragón (paquete),,"hojas de punto de venta, cuenta poscdreamscanbloom (Drive)"
2026-07-04,27,Jardines,Bocas de dragon,1,38000,38000,Efectivo,Bocas de dragón (paquete),,"hojas de punto de venta, cuenta poscdreamscanbloom (Drive)"
2026-07-04,27,Jardines,Bocas de dragon,1,38000,38000,Transferencia,Bocas de dragón (paquete),,"hojas de punto de venta, cuenta poscdreamscanbloom (Drive)"
2026-07-04,27,Jardines,Bouquet Greenery,1,90000,90000,Transferencia,,"95,000.00","hojas de punto de venta, cuenta poscdreamscanbloom (Drive)"
2026-07-04,27,Jardines,Bouquet Greenery,1,90000,90000,Efectivo,,"95,000.00","hojas de punto de venta, cuenta poscdreamscanbloom (Drive)"
2026-07-04,27,Jardines,Bouquet forever Dream grande,1,140000,140000,Efectivo,,,"hojas de punto de venta, cuenta poscdreamscanbloom (Drive)"
2026-07-04,27,Jardines,Bouquet forever Dream grande,2,140000,0,Salida por daño,,,"hojas de punto de venta, cuenta poscdreamscanbloom (Drive)"
2026-07-04,27,Jardines,Centro de mesa pequeño,1,145000,0,Salida por daño,Centro de mesa pequeño,,"hojas de punto de venta, cuenta poscdreamscanbloom (Drive)"
2026-07-04,27,Jardines,Cosecha Grande,1,125000,0,Online,Cosecha Grande,,"hojas de punto de venta, cuenta poscdreamscanbloom (Drive)"
2026-07-04,27,Jardines,Cosecha Grande,1,125000,125000,Efectivo,Cosecha Grande,,"hojas de punto de venta, cuenta poscdreamscanbloom (Drive)"
2026-07-04,27,Jardines,Cosecha Grande,1,125000,125000,Transferencia,Cosecha Grande,,"hojas de punto de venta, cuenta poscdreamscanbloom (Drive)"
2026-07-04,27,Jardines,Cosecha Pequeño,2,105000,210000,Efectivo,Cosecha Pequeño,,"hojas de punto de venta, cuenta poscdreamscanbloom (Drive)"
2026-07-04,27,Jardines,Cosecha Pequeño,1,105000,105000,Transferencia,Cosecha Pequeño,,"hojas de punto de venta, cuenta poscdreamscanbloom (Drive)"
2026-07-04,27,Jardines,Edicion Especial Lisianthus,1,75000,75000,Datafono,Edicion Especial Lisianthus,,"hojas de punto de venta, cuenta poscdreamscanbloom (Drive)"
2026-07-04,27,Jardines,Esparragos con ammi,1,45000,45000,Datafono,,,"hojas de punto de venta, cuenta poscdreamscanbloom (Drive)"
2026-07-04,27,Jardines,Matricaria,1,45000,0,Salida por daño,,,"hojas de punto de venta, cuenta poscdreamscanbloom (Drive)"
2026-07-04,27,Jardines,My love,1,65000,65000,Datafono,,,"hojas de punto de venta, cuenta poscdreamscanbloom (Drive)"
2026-07-04,27,Jardines,Paquete ammi majus,1,40000,0,Salida por daño,,,"hojas de punto de venta, cuenta poscdreamscanbloom (Drive)"
2026-07-04,27,Jardines,Paquete campanulas y bocas,1,45000,45000,Datafono,Paquete campanulas y bocas,,"hojas de punto de venta, cuenta poscdreamscanbloom (Drive)"
2026-07-04,27,Jardines,Paquete frambuesa pop,1,65000,65000,Datafono,,,"hojas de punto de venta, cuenta poscdreamscanbloom (Drive)"
2026-07-04,27,Jardines,Paquete lisianthus solo,1,50000,50000,Datafono,Paquete lisianthus solo,,"hojas de punto de venta, cuenta poscdreamscanbloom (Drive)"
2026-07-04,27,Jardines,Paquete lisianthus solo,3,50000,150000,Efectivo,Paquete lisianthus solo,,"hojas de punto de venta, cuenta poscdreamscanbloom (Drive)"
2026-07-04,27,Jardines,Paquete statice pink dreams,1,40000,0,Salida por daño,Paquete statice pink dreams,,"hojas de punto de venta, cuenta poscdreamscanbloom (Drive)"
2026-07-04,27,Jardines,Paquete statice pink dreams,1,40000,40000,Datafono,Paquete statice pink dreams,"45,000.00","hojas de punto de venta, cuenta poscdreamscanbloom (Drive)"
2026-07-04,27,Online,Bocas de dragon,1,38000,38000,Transferencia,Bocas de dragón (paquete),FE-1747,"hojas de punto de venta, cuenta poscdreamscanbloom (Drive)"
2026-07-04,27,Online,Bocas de dragon,1,38000,38000,Transferencia,Bocas de dragón (paquete),FE-1748,"hojas de punto de venta, cuenta poscdreamscanbloom (Drive)"
2026-07-04,27,Online,Cosecha Grande,1,125000,125000,Transferencia,Cosecha Grande,FE-1745,"hojas de punto de venta, cuenta poscdreamscanbloom (Drive)"
2026-07-04,27,Online,Edicion Especial Lisianthus,2,75000,150000,Transferencia,Edicion Especial Lisianthus,FE-1745,"hojas de punto de venta, cuenta poscdreamscanbloom (Drive)"
2026-07-04,27,Online,Edicion Especial Lisianthus,1,75000,75000,Transferencia,Edicion Especial Lisianthus,FE-1746,"hojas de punto de venta, cuenta poscdreamscanbloom (Drive)"
2026-07-04,27,San Lucas,Bocas de dragon,1,38000,38000,Transferencia,Bocas de dragón (paquete),,"hojas de punto de venta, cuenta poscdreamscanbloom (Drive)"
2026-07-04,27,San Lucas,Paquete plumas con lisianthus,1,60000,60000,Efectivo,,,"hojas de punto de venta, cuenta poscdreamscanbloom (Drive)"
2026-07-04,27,Tesoro,Ammi y matricaria,1,,0,Datafono,,,"hojas de punto de venta, cuenta poscdreamscanbloom (Drive)"
2026-07-04,27,Tesoro,Ammi y matricaria,1,,0,Efectivo,,,"hojas de punto de venta, cuenta poscdreamscanbloom (Drive)"
2026-07-04,27,Tesoro,Bocas de dragon,1,38000,38000,Datafono,Bocas de dragón (paquete),,"hojas de punto de venta, cuenta poscdreamscanbloom (Drive)"
2026-07-04,27,Tesoro,Bocas de dragon,1,38000,38000,Datafono,Bocas de dragón (paquete),,"hojas de punto de venta, cuenta poscdreamscanbloom (Drive)"
2026-07-04,27,Tesoro,Bocas de dragon,1,38000,38000,Datafono,Bocas de dragón (paquete),,"hojas de punto de venta, cuenta poscdreamscanbloom (Drive)"
2026-07-04,27,Tesoro,Bouquet forever Dream pequeño,1,85000,85000,Transferencia,,,"hojas de punto de venta, cuenta poscdreamscanbloom (Drive)"
2026-07-04,27,Tesoro,Centro de mesa grande,1,235000,0,Salida por daño,,Se desarmó y se deja como pequeña,"hojas de punto de venta, cuenta poscdreamscanbloom (Drive)"
2026-07-04,27,Tesoro,Paquete ammobium,1,45000,0,Salida por daño,Paquete ammobium,,"hojas de punto de venta, cuenta poscdreamscanbloom (Drive)"
2026-07-04,27,Tesoro,Paquete campanulas y bocas,2,45000,90000,Datafono,Paquete campanulas y bocas,,"hojas de punto de venta, cuenta poscdreamscanbloom (Drive)"
2026-07-04,27,Tesoro,Paquete celosias y campanulas,2,65000,130000,Datafono,,Celosías Cristata,"hojas de punto de venta, cuenta poscdreamscanbloom (Drive)"
2026-07-04,27,Tesoro,Paquete celosias y campanulas,1,65000,0,Salida por daño,,"Celosías crestas L, se desarmó uno para maquillar los demás que tenía en el punto","hojas de punto de venta, cuenta poscdreamscanbloom (Drive)"
2026-07-04,27,Tesoro,Paquete lisianthus solo,1,50000,50000,Datafono,Paquete lisianthus solo,,"hojas de punto de venta, cuenta poscdreamscanbloom (Drive)"
2026-07-04,27,Tesoro,Strawflower dream mix &#9;,1,40000,40000,Datafono,,Valor 45.000,"hojas de punto de venta, cuenta poscdreamscanbloom (Drive)"
2026-07-04,27,Tesoro,Strawflower dream mix &#9;,1,40000,0,Salida por daño,,,"hojas de punto de venta, cuenta poscdreamscanbloom (Drive)"
2026-07-05,27,Jardines,Bocas de dragon,1,38000,38000,Datafono,Bocas de dragón (paquete),,"hojas de punto de venta, cuenta poscdreamscanbloom (Drive)"
2026-07-05,27,Jardines,Bouquet forever Dream mediano,1,120000,120000,Datafono,,,"hojas de punto de venta, cuenta poscdreamscanbloom (Drive)"
2026-07-05,27,Jardines,Cosecha Pequeño,1,105000,105000,Datafono,Cosecha Pequeño,,"hojas de punto de venta, cuenta poscdreamscanbloom (Drive)"
2026-07-05,27,Jardines,Cosecha Pequeño,1,105000,84000,Datafono,Cosecha Pequeño,,"hojas de punto de venta, cuenta poscdreamscanbloom (Drive)"
2026-07-05,27,Jardines,Edicion Especial Lisianthus,1,75000,75000,Transferencia,Edicion Especial Lisianthus,,"hojas de punto de venta, cuenta poscdreamscanbloom (Drive)"
2026-07-05,27,Jardines,Edicion Especial Lisianthus,1,75000,75000,Transferencia,Edicion Especial Lisianthus,,"hojas de punto de venta, cuenta poscdreamscanbloom (Drive)"
2026-07-05,27,Jardines,Paquete campanulas lavanda,1,45000,0,Salida por daño,,,"hojas de punto de venta, cuenta poscdreamscanbloom (Drive)"
2026-07-05,27,Jardines,Paquete campanulas y bocas,1,45000,40500,Datafono,Paquete campanulas y bocas,,"hojas de punto de venta, cuenta poscdreamscanbloom (Drive)"
2026-07-05,27,Jardines,Paquete campanulas y bocas,1,45000,0,Salida por daño,Paquete campanulas y bocas,,"hojas de punto de venta, cuenta poscdreamscanbloom (Drive)"
2026-07-05,27,Jardines,Paquete lisianthus solo,1,50000,50000,Transferencia,Paquete lisianthus solo,bocas y statice,"hojas de punto de venta, cuenta poscdreamscanbloom (Drive)"
2026-07-05,27,Jardines,Paquete plumas con lisianthus,1,60000,60000,Datafono,,,"hojas de punto de venta, cuenta poscdreamscanbloom (Drive)"
2026-07-05,27,Jardines,Sobres,1,9500,9500,Transferencia,,,"hojas de punto de venta, cuenta poscdreamscanbloom (Drive)"
2026-07-05,27,San Lucas,Bocas de dragon,1,38000,38000,Transferencia,Bocas de dragón (paquete),,"hojas de punto de venta, cuenta poscdreamscanbloom (Drive)"
2026-07-05,27,San Lucas,Green ball con statice,1,45000,45000,Transferencia,,,"hojas de punto de venta, cuenta poscdreamscanbloom (Drive)"
2026-07-05,27,San Lucas,Paquete frambuesa pop,1,65000,65000,Transferencia,,,"hojas de punto de venta, cuenta poscdreamscanbloom (Drive)"
2026-07-05,27,Tesoro,Bocas de dragon,2,38000,76000,Obsequio,Bocas de dragón (paquete),Compraron una cosecha grande una edición de Lisianthus y un Forever mediano,"hojas de punto de venta, cuenta poscdreamscanbloom (Drive)"
2026-07-05,27,Tesoro,Bouquet forever Dream mediano,1,120000,120000,Transferencia,,,"hojas de punto de venta, cuenta poscdreamscanbloom (Drive)"
2026-07-05,27,Tesoro,Cosecha Grande,1,125000,125000,Transferencia,Cosecha Grande,,"hojas de punto de venta, cuenta poscdreamscanbloom (Drive)"
2026-07-05,27,Tesoro,Cosecha Pequeño,1,105000,105000,Datafono,Cosecha Pequeño,,"hojas de punto de venta, cuenta poscdreamscanbloom (Drive)"
2026-07-05,27,Tesoro,Edicion especial lisianthus,1,75000,75000,Transferencia,Edicion Especial Lisianthus,,"hojas de punto de venta, cuenta poscdreamscanbloom (Drive)"
2026-07-05,27,Tesoro,Edicion especial lisianthus,1,75000,75000,Datafono,Edicion Especial Lisianthus,,"hojas de punto de venta, cuenta poscdreamscanbloom (Drive)"
2026-07-05,27,Tesoro,Paquete ammi majus,2,40000,0,Salida por daño,,2 paquetes de Statice se devuelven,"hojas de punto de venta, cuenta poscdreamscanbloom (Drive)"
2026-07-05,27,Tesoro,Paquete celosias y campanulas,1,65000,65000,Transferencia,,Celosías con crestas,"hojas de punto de venta, cuenta poscdreamscanbloom (Drive)"
2026-07-05,27,Tesoro,Paquete lisianthus solo,1,50000,50000,Efectivo,Paquete lisianthus solo,,"hojas de punto de venta, cuenta poscdreamscanbloom (Drive)"
2026-07-06,28,Jardines,Bocas de dragon,1,38000,34200,Datafono,Bocas de dragón (paquete),,"hojas de punto de venta, cuenta poscdreamscanbloom (Drive)"
2026-07-06,28,Jardines,Campanula,1,50000,40000,Transferencia,Campanula (paquete),,"hojas de punto de venta, cuenta poscdreamscanbloom (Drive)"
2026-07-06,28,Jardines,Campanula,1,50000,0,Salida por daño,Campanula (paquete),,"hojas de punto de venta, cuenta poscdreamscanbloom (Drive)"
2026-07-06,28,Jardines,Campanulas y statice,1,55000,35750,Transferencia,Campanulas y statice (paquete),50.000 con descuento 36.000,"hojas de punto de venta, cuenta poscdreamscanbloom (Drive)"
2026-07-06,28,Jardines,Cosecha Grande,1,125000,125000,Transferencia,Cosecha Grande,,"hojas de punto de venta, cuenta poscdreamscanbloom (Drive)"
2026-07-06,28,Jardines,Esparragos con ammi,2,45000,90000,Efectivo,,,"hojas de punto de venta, cuenta poscdreamscanbloom (Drive)"
2026-07-06,28,Jardines,Paquete ammi y matricaria,2,55000,110000,Efectivo,,,"hojas de punto de venta, cuenta poscdreamscanbloom (Drive)"
2026-07-06,28,Jardines,Paquete campanulas y bocas,1,45000,40500,Transferencia,Paquete campanulas y bocas,,"hojas de punto de venta, cuenta poscdreamscanbloom (Drive)"
2026-07-06,28,Jardines,Paquete plumas con lisianthus,1,60000,60000,Transferencia,,,"hojas de punto de venta, cuenta poscdreamscanbloom (Drive)"
2026-07-06,28,Jardines,Paquete statice pink dreams,1,40000,0,Salida por daño,Paquete statice pink dreams,,"hojas de punto de venta, cuenta poscdreamscanbloom (Drive)"
2026-07-06,28,Online,Amaranto cascada,1,45000,45000,Transferencia,Amaranto cascada (paquete),FE-1752,"hojas de punto de venta, cuenta poscdreamscanbloom (Drive)"
2026-07-06,28,Online,Bouquet  Dream Land,1,285000,285000,Transferencia,,FE-1749,"hojas de punto de venta, cuenta poscdreamscanbloom (Drive)"
2026-07-06,28,Online,Cosecha Grande,1,125000,125000,Transferencia,Cosecha Grande,FE-1753,"hojas de punto de venta, cuenta poscdreamscanbloom (Drive)"
2026-07-06,28,Online,Cosecha Grande,1,125000,125000,Transferencia,Cosecha Grande,FE-1756,"hojas de punto de venta, cuenta poscdreamscanbloom (Drive)"
2026-07-06,28,Online,Dream majesty,1,400000,400000,Transferencia,,FE-1754,"hojas de punto de venta, cuenta poscdreamscanbloom (Drive)"
2026-07-06,28,Online,Edicion Especial Lisianthus,1,75000,75000,Transferencia,Edicion Especial Lisianthus,FE-1755,"hojas de punto de venta, cuenta poscdreamscanbloom (Drive)"
2026-07-06,28,Online,Edicion Especial Lisianthus,1,75000,75000,Transferencia,Edicion Especial Lisianthus,FE-1759,"hojas de punto de venta, cuenta poscdreamscanbloom (Drive)"
2026-07-06,28,Online,Paquete frambuesa pop,1,45000,45000,Transferencia,,FE-1751,"hojas de punto de venta, cuenta poscdreamscanbloom (Drive)"
2026-07-06,28,Online,Paquete lisianthus solo,1,50000,50000,Transferencia,Paquete lisianthus solo,FE-1750,"hojas de punto de venta, cuenta poscdreamscanbloom (Drive)"
2026-07-06,28,Online,Paquete lisianthus solo,1,50000,50000,Transferencia,Paquete lisianthus solo,FE-1752,"hojas de punto de venta, cuenta poscdreamscanbloom (Drive)"
2026-07-06,28,Online,Paquete lisianthus solo,2,50000,100000,Transferencia,Paquete lisianthus solo,FE-1757,"hojas de punto de venta, cuenta poscdreamscanbloom (Drive)"
2026-07-06,28,Online,Paquete lisianthus solo,1,50000,50000,Transferencia,Paquete lisianthus solo,FE-1758,"hojas de punto de venta, cuenta poscdreamscanbloom (Drive)"
2026-07-06,28,Online,Paquete zinnias sunset,1,58000,58000,Transferencia,Paquete zinnias sunset,FE-1752,"hojas de punto de venta, cuenta poscdreamscanbloom (Drive)"
2026-07-06,28,Online,Strawflower dream mix,1,40000,40000,Transferencia,Strawflower dream mix,FE-1757,"hojas de punto de venta, cuenta poscdreamscanbloom (Drive)"
2026-07-06,28,San Lucas,Bocas de dragon,2,38000,0,Salida por daño,Bocas de dragón (paquete),,"hojas de punto de venta, cuenta poscdreamscanbloom (Drive)"
2026-07-06,28,San Lucas,Bocas de dragon,1,38000,38000,Datafono,Bocas de dragón (paquete),,"hojas de punto de venta, cuenta poscdreamscanbloom (Drive)"
2026-07-06,28,San Lucas,Bocas de dragon,1,38000,38000,Efectivo,Bocas de dragón (paquete),,"hojas de punto de venta, cuenta poscdreamscanbloom (Drive)"
2026-07-06,28,San Lucas,Cosecha Grande,1,125000,118750,Transferencia,Cosecha Grande,,"hojas de punto de venta, cuenta poscdreamscanbloom (Drive)"
2026-07-06,28,San Lucas,Edicion Especial Lisianthus,1,75000,67500,Transferencia,Edicion Especial Lisianthus,,"hojas de punto de venta, cuenta poscdreamscanbloom (Drive)"
2026-07-06,28,San Lucas,Edicion especial lisianthus,1,75000,75000,Datafono,Edicion Especial Lisianthus,,"hojas de punto de venta, cuenta poscdreamscanbloom (Drive)"
2026-07-06,28,San Lucas,Edicion especial lisianthus,1,75000,67500,Datafono,Edicion Especial Lisianthus,,"hojas de punto de venta, cuenta poscdreamscanbloom (Drive)"
2026-07-06,28,San Lucas,Esparragos con ammi,1,45000,45000,Efectivo,,,"hojas de punto de venta, cuenta poscdreamscanbloom (Drive)"
2026-07-06,28,San Lucas,Esparragos con ammi,1,45000,45000,Datafono,,,"hojas de punto de venta, cuenta poscdreamscanbloom (Drive)"
2026-07-06,28,San Lucas,Green ball con statice,1,45000,45000,Datafono,,,"hojas de punto de venta, cuenta poscdreamscanbloom (Drive)"
2026-07-06,28,Tesoro,Amaranto cascada,1,45000,45000,Transferencia,Amaranto cascada (paquete),,"hojas de punto de venta, cuenta poscdreamscanbloom (Drive)"
2026-07-06,28,Tesoro,Bocas de dragon,1,38000,38000,Transferencia,Bocas de dragón (paquete),,"hojas de punto de venta, cuenta poscdreamscanbloom (Drive)"
2026-07-06,28,Tesoro,Cosecha Pequeño,1,105000,105000,Transferencia,Cosecha Pequeño,,"hojas de punto de venta, cuenta poscdreamscanbloom (Drive)"
2026-07-06,28,Tesoro,Green ball con statice,1,45000,45000,Datafono,,,"hojas de punto de venta, cuenta poscdreamscanbloom (Drive)"
2026-07-06,28,Tesoro,Paquete statice pink dreams,1,40000,40000,Efectivo,Paquete statice pink dreams,,"hojas de punto de venta, cuenta poscdreamscanbloom (Drive)"
2026-07-07,28,Jardines,Bocas de dragon,1,38000,32300,Efectivo,Bocas de dragón (paquete),,"hojas de punto de venta, cuenta poscdreamscanbloom (Drive)"
2026-07-07,28,Jardines,Bocas de dragon y statice,1,45000,38250,Datafono,,,"hojas de punto de venta, cuenta poscdreamscanbloom (Drive)"
2026-07-07,28,Jardines,Campanula,1,50000,0,Salida por daño,Campanula (paquete),,"hojas de punto de venta, cuenta poscdreamscanbloom (Drive)"
2026-07-07,28,Jardines,Cosecha Grande,1,125000,125000,Transferencia,Cosecha Grande,,"hojas de punto de venta, cuenta poscdreamscanbloom (Drive)"
2026-07-07,28,Jardines,Edicion Especial Lisianthus,1,75000,75000,Efectivo,Edicion Especial Lisianthus,,"hojas de punto de venta, cuenta poscdreamscanbloom (Drive)"
2026-07-07,28,Jardines,Edicion Especial Lisianthus,1,75000,75000,Datafono,Edicion Especial Lisianthus,,"hojas de punto de venta, cuenta poscdreamscanbloom (Drive)"
2026-07-07,28,Jardines,Edicion Especial Lisianthus,1,75000,75000,Efectivo,Edicion Especial Lisianthus,,"hojas de punto de venta, cuenta poscdreamscanbloom (Drive)"
2026-07-07,28,Jardines,Esparragos con ammi,1,45000,45000,Transferencia,,,"hojas de punto de venta, cuenta poscdreamscanbloom (Drive)"
2026-07-07,28,Jardines,Esparragos con ammi,1,45000,45000,Efectivo,,,"hojas de punto de venta, cuenta poscdreamscanbloom (Drive)"
2026-07-07,28,Jardines,Esparragos con ammi,1,45000,45000,Efectivo,,,"hojas de punto de venta, cuenta poscdreamscanbloom (Drive)"
2026-07-07,28,Jardines,Paquete ammi y matricaria,1,55000,55000,Efectivo,,,"hojas de punto de venta, cuenta poscdreamscanbloom (Drive)"
2026-07-07,28,Jardines,Paquete campanulas y bocas,1,45000,36000,Efectivo,Paquete campanulas y bocas,,"hojas de punto de venta, cuenta poscdreamscanbloom (Drive)"
2026-07-07,28,Jardines,Paquete campanulas y bocas,1,45000,0,Salida por daño,Paquete campanulas y bocas,,"hojas de punto de venta, cuenta poscdreamscanbloom (Drive)"
2026-07-07,28,Jardines,Paquete campanulas y bocas,1,45000,31500,Efectivo,Paquete campanulas y bocas,,"hojas de punto de venta, cuenta poscdreamscanbloom (Drive)"
2026-07-07,28,Jardines,Paquete frambuesa pop,1,45000,45000,Efectivo,,,"hojas de punto de venta, cuenta poscdreamscanbloom (Drive)"
2026-07-07,28,Jardines,Rayito de sol,1,65000,65000,Efectivo,Rayito de sol,frambuesa pop de la semana pasada,"hojas de punto de venta, cuenta poscdreamscanbloom (Drive)"
2026-07-07,28,Online,Bouquet petit,1,65000,65000,Transferencia,,FE-1765,"hojas de punto de venta, cuenta poscdreamscanbloom (Drive)"
2026-07-07,28,Online,Celosias plumosas,1,50000,50000,Transferencia,Celosias plumosas,FE-1728,"hojas de punto de venta, cuenta poscdreamscanbloom (Drive)"
2026-07-07,28,Online,Cosecha Grande,1,125000,125000,Transferencia,Cosecha Grande,FE-1761,"hojas de punto de venta, cuenta poscdreamscanbloom (Drive)"
2026-07-07,28,Online,Cosecha Pequeño,1,105000,105000,Transferencia,Cosecha Pequeño,FE-1764,"hojas de punto de venta, cuenta poscdreamscanbloom (Drive)"
2026-07-07,28,Online,Dahlias,1,70000,70000,Transferencia,,FE-1728,"hojas de punto de venta, cuenta poscdreamscanbloom (Drive)"
2026-07-07,28,Online,Dream Big,1,270000,229500,Transferencia,Dream Big,FE-1760,"hojas de punto de venta, cuenta poscdreamscanbloom (Drive)"
2026-07-07,28,Online,Dream majesty,1,400000,400000,Transferencia,,FE-1762,"hojas de punto de venta, cuenta poscdreamscanbloom (Drive)"
2026-07-07,28,Online,Event bocas de dragon 10 tallos,1,32300,32300,Transferencia,,FE-1637,"hojas de punto de venta, cuenta poscdreamscanbloom (Drive)"
2026-07-07,28,Online,Event bocas de dragon 10 tallos,1,32300,32300,Transferencia,,FE-1728,"hojas de punto de venta, cuenta poscdreamscanbloom (Drive)"
2026-07-07,28,Online,Event campanulas blancas 8-10 tallos,1,38250,38250,Transferencia,,FE-1637,"hojas de punto de venta, cuenta poscdreamscanbloom (Drive)"
2026-07-07,28,Online,Event campanulas blancas 8-10 tallos,1,38250,38250,Transferencia,,FE-1728,"hojas de punto de venta, cuenta poscdreamscanbloom (Drive)"
2026-07-07,28,Online,Event gomphenas rose 30 tallos,1,38250,38250,Transferencia,Event gomphenas rose 30 tallos,FE-1728,"hojas de punto de venta, cuenta poscdreamscanbloom (Drive)"
2026-07-07,28,Online,Event zinnias 10 tallos,1,45000,45000,Transferencia,,FE-1637,"hojas de punto de venta, cuenta poscdreamscanbloom (Drive)"
2026-07-07,28,Online,Paquete lisianthus solo,1,50000,50000,Transferencia,Paquete lisianthus solo,FE-1763,"hojas de punto de venta, cuenta poscdreamscanbloom (Drive)"
2026-07-07,28,Online,Paquete lisianthus solo,1,50000,50000,Transferencia,Paquete lisianthus solo,FE-1728,"hojas de punto de venta, cuenta poscdreamscanbloom (Drive)"
2026-07-07,28,Online,Paquete statice lilac dreams,1,40000,40000,Transferencia,,FE-1760,"hojas de punto de venta, cuenta poscdreamscanbloom (Drive)"
2026-07-07,28,Online,Strawflower dream mix,1,40000,40000,Transferencia,Strawflower dream mix,FE-1728,"hojas de punto de venta, cuenta poscdreamscanbloom (Drive)"
2026-07-07,28,Online,Zinnias,1,50000,50000,Transferencia,,FE-1763,"hojas de punto de venta, cuenta poscdreamscanbloom (Drive)"
2026-07-07,28,San Lucas,Bouquet petit,1,65000,65000,Transferencia,,,"hojas de punto de venta, cuenta poscdreamscanbloom (Drive)"
2026-07-07,28,San Lucas,Cosecha Grande,1,125000,93750,Datafono,Cosecha Grande,Paga 94.000,"hojas de punto de venta, cuenta poscdreamscanbloom (Drive)"
2026-07-07,28,San Lucas,Cosecha Pequeño,1,105000,94500,Datafono,Cosecha Pequeño,,"hojas de punto de venta, cuenta poscdreamscanbloom (Drive)"
2026-07-07,28,San Lucas,Green ball con statice,1,45000,45000,Datafono,,,"hojas de punto de venta, cuenta poscdreamscanbloom (Drive)"
2026-07-07,28,San Lucas,Matricaria,1,45000,45000,Transferencia,,Matricaria con snowball con descuento paga 46.000,"hojas de punto de venta, cuenta poscdreamscanbloom (Drive)"
2026-07-07,28,Tesoro,Bocas de dragon,1,38000,0,Obsequio,Bocas de dragón (paquete),Se utilizó para maquillar los demás Lisianthus,"hojas de punto de venta, cuenta poscdreamscanbloom (Drive)"
2026-07-07,28,Tesoro,Edicion especial lisianthus,1,75000,75000,Efectivo,Edicion Especial Lisianthus,,"hojas de punto de venta, cuenta poscdreamscanbloom (Drive)"
2026-07-07,28,Tesoro,Edicion especial lisianthus,1,75000,0,Salida por daño,Edicion Especial Lisianthus,,"hojas de punto de venta, cuenta poscdreamscanbloom (Drive)"
2026-07-07,28,Tesoro,Paquete lisianthus solo,1,50000,50000,Datafono,Paquete lisianthus solo,,"hojas de punto de venta, cuenta poscdreamscanbloom (Drive)"
2026-07-08,28,Jardines,Bocas de dragon,1,38000,26600,Datafono,Bocas de dragón (paquete),,"hojas de punto de venta, cuenta poscdreamscanbloom (Drive)"
2026-07-08,28,Jardines,Bocas de dragon,3,38000,0,Salida por daño,Bocas de dragón (paquete),,"hojas de punto de venta, cuenta poscdreamscanbloom (Drive)"
2026-07-08,28,Jardines,Bocas de dragon,1,38000,30400,Datafono,Bocas de dragón (paquete),,"hojas de punto de venta, cuenta poscdreamscanbloom (Drive)"
2026-07-08,28,Jardines,Bocas de dragon y statice,1,45000,40500,Transferencia,,,"hojas de punto de venta, cuenta poscdreamscanbloom (Drive)"
2026-07-08,28,Jardines,Bouquet forever Dream pequeño,1,85000,85000,Transferencia,,,"hojas de punto de venta, cuenta poscdreamscanbloom (Drive)"
2026-07-08,28,Jardines,Cosecha Grande,1,125000,100000,Datafono,Cosecha Grande,,"hojas de punto de venta, cuenta poscdreamscanbloom (Drive)"
2026-07-08,28,Jardines,Cosecha Grande,1,125000,125000,Datafono,Cosecha Grande,,"hojas de punto de venta, cuenta poscdreamscanbloom (Drive)"
2026-07-08,28,Jardines,Cosecha Pequeño,2,105000,210000,Datafono,Cosecha Pequeño,,"hojas de punto de venta, cuenta poscdreamscanbloom (Drive)"
2026-07-08,28,Jardines,Edicion Especial Lisianthus,1,75000,75000,Datafono,Edicion Especial Lisianthus,,"hojas de punto de venta, cuenta poscdreamscanbloom (Drive)"
2026-07-08,28,Jardines,Paquete amaranto cascada verde,1,40000,40000,Transferencia,,,"hojas de punto de venta, cuenta poscdreamscanbloom (Drive)"
2026-07-08,28,Jardines,Paquete plumas con lisianthus,1,60000,54000,Transferencia,,,"hojas de punto de venta, cuenta poscdreamscanbloom (Drive)"
2026-07-08,28,Jardines,Sobres,1,9500,9500,Datafono,,,"hojas de punto de venta, cuenta poscdreamscanbloom (Drive)"
2026-07-08,28,Online,Bouquet petit,1,65000,65000,Transferencia,,FE-1769,"hojas de punto de venta, cuenta poscdreamscanbloom (Drive)"
2026-07-08,28,Online,Cosecha Pequeño,1,105000,105000,Transferencia,Cosecha Pequeño,FE-1767,"hojas de punto de venta, cuenta poscdreamscanbloom (Drive)"
2026-07-08,28,San Lucas,Bocas de dragon,1,38000,38000,Transferencia,Bocas de dragón (paquete),,"hojas de punto de venta, cuenta poscdreamscanbloom (Drive)"
2026-07-08,28,San Lucas,Bocas de dragon,1,38000,38000,Transferencia,Bocas de dragón (paquete),,"hojas de punto de venta, cuenta poscdreamscanbloom (Drive)"
2026-07-08,28,San Lucas,Bocas de dragon,1,38000,38000,Transferencia,Bocas de dragón (paquete),,"hojas de punto de venta, cuenta poscdreamscanbloom (Drive)"
2026-07-08,28,San Lucas,Bocas de dragon y statice,1,45000,0,Online,,,"hojas de punto de venta, cuenta poscdreamscanbloom (Drive)"
2026-07-08,28,San Lucas,Bouquet Greenery,1,90000,0,Salida por daño,,,"hojas de punto de venta, cuenta poscdreamscanbloom (Drive)"
2026-07-08,28,San Lucas,Cosecha Pequeño,1,105000,0,Online,Cosecha Pequeño,,"hojas de punto de venta, cuenta poscdreamscanbloom (Drive)"
2026-07-08,28,San Lucas,Paquete de lisianthus solo,1,60000,60000,Transferencia,,,"hojas de punto de venta, cuenta poscdreamscanbloom (Drive)"
2026-07-08,28,Tesoro,Bocas de dragon,1,38000,38000,Efectivo,Bocas de dragón (paquete),,"hojas de punto de venta, cuenta poscdreamscanbloom (Drive)"
2026-07-08,28,Tesoro,Bocas de dragon,1,38000,38000,Datafono,Bocas de dragón (paquete),,"hojas de punto de venta, cuenta poscdreamscanbloom (Drive)"
2026-07-08,28,Tesoro,Cosecha Grande,1,125000,100000,Efectivo,Cosecha Grande,,"hojas de punto de venta, cuenta poscdreamscanbloom (Drive)"
2026-07-08,28,Tesoro,Cosecha Pequeño,1,105000,105000,Efectivo,Cosecha Pequeño,,"hojas de punto de venta, cuenta poscdreamscanbloom (Drive)"
2026-07-08,28,Tesoro,Cosecha Pequeño,1,105000,99750,Efectivo,Cosecha Pequeño,Paga 100.000,"hojas de punto de venta, cuenta poscdreamscanbloom (Drive)"
2026-07-08,28,Tesoro,Matricaria,1,45000,45000,Efectivo,,Matricaria con Snowball 55.000,"hojas de punto de venta, cuenta poscdreamscanbloom (Drive)"
2026-07-08,28,Tesoro,Paquete ammi majus,1,45000,40500,Efectivo,,,"hojas de punto de venta, cuenta poscdreamscanbloom (Drive)"
2026-07-08,28,Tesoro,Paquete celosias cristata y statice,1,57000,57000,Datafono,,Paga 65.000,"hojas de punto de venta, cuenta poscdreamscanbloom (Drive)"
2026-07-09,28,Jardines,Amaranto cascada,1,45000,45000,Datafono,Amaranto cascada (paquete),,"hojas de punto de venta, cuenta poscdreamscanbloom (Drive)"
2026-07-09,28,Jardines,Bocas de dragon,1,38000,38000,Transferencia,Bocas de dragón (paquete),,"hojas de punto de venta, cuenta poscdreamscanbloom (Drive)"
2026-07-09,28,Jardines,Bocas de dragon,1,38000,38000,Transferencia,Bocas de dragón (paquete),,"hojas de punto de venta, cuenta poscdreamscanbloom (Drive)"
2026-07-09,28,Jardines,Bocas de dragon y statice,1,45000,40500,Transferencia,,,"hojas de punto de venta, cuenta poscdreamscanbloom (Drive)"
2026-07-09,28,Jardines,Bouquet Greenery,1,90000,81000,Datafono,,,"hojas de punto de venta, cuenta poscdreamscanbloom (Drive)"
2026-07-09,28,Jardines,Bouquet petit,1,65000,58500,Transferencia,,,"hojas de punto de venta, cuenta poscdreamscanbloom (Drive)"
2026-07-09,28,Jardines,Bouquet petit,1,65000,55250,Efectivo,,,"hojas de punto de venta, cuenta poscdreamscanbloom (Drive)"
2026-07-09,28,Jardines,Celosias plumosas,1,50000,50000,Datafono,Celosias plumosas,,"hojas de punto de venta, cuenta poscdreamscanbloom (Drive)"
2026-07-09,28,Jardines,Cosecha Grande,1,125000,125000,Datafono,Cosecha Grande,,"hojas de punto de venta, cuenta poscdreamscanbloom (Drive)"
2026-07-09,28,Jardines,Cosecha Grande,1,125000,125000,Transferencia,Cosecha Grande,,"hojas de punto de venta, cuenta poscdreamscanbloom (Drive)"
2026-07-09,28,Jardines,Edicion Especial Lisianthus,1,75000,63750,Transferencia,Edicion Especial Lisianthus,,"hojas de punto de venta, cuenta poscdreamscanbloom (Drive)"
2026-07-09,28,Jardines,Esparragos con ammi,3,45000,135000,Datafono,,,"hojas de punto de venta, cuenta poscdreamscanbloom (Drive)"
2026-07-09,28,Jardines,My love,1,65000,65000,Efectivo,,,"hojas de punto de venta, cuenta poscdreamscanbloom (Drive)"
2026-07-09,28,Jardines,Paquete celosias cristata y statice,1,57000,57000,Datafono,,,"hojas de punto de venta, cuenta poscdreamscanbloom (Drive)"
2026-07-09,28,Jardines,Paquete gomphrenas rose,1,45000,40500,Datafono,,500 pesos efectivo,"hojas de punto de venta, cuenta poscdreamscanbloom (Drive)"
2026-07-09,28,Jardines,Paquete lisianthus solo,1,50000,50000,Efectivo,Paquete lisianthus solo,,"hojas de punto de venta, cuenta poscdreamscanbloom (Drive)"
2026-07-09,28,Jardines,Sobres,1,9500,9500,Efectivo,,,"hojas de punto de venta, cuenta poscdreamscanbloom (Drive)"
2026-07-09,28,Jardines,Strawflower dream mix,1,40000,40000,Datafono,Strawflower dream mix,,"hojas de punto de venta, cuenta poscdreamscanbloom (Drive)"
2026-07-09,28,Online,Bocas de dragon,1,38000,38000,Transferencia,Bocas de dragón (paquete),FE-1772,"hojas de punto de venta, cuenta poscdreamscanbloom (Drive)"
2026-07-09,28,Online,Bocas de dragon,1,38000,38000,Transferencia,Bocas de dragón (paquete),FE-1774,"hojas de punto de venta, cuenta poscdreamscanbloom (Drive)"
2026-07-09,28,Online,Cosecha Grande,1,125000,125000,Transferencia,Cosecha Grande,FE-1773,"hojas de punto de venta, cuenta poscdreamscanbloom (Drive)"
2026-07-09,28,Online,Edicion especial lisianthus,2,75000,150000,Transferencia,Edicion Especial Lisianthus,FE-1771,"hojas de punto de venta, cuenta poscdreamscanbloom (Drive)"
2026-07-09,28,Online,Paquete amaranto cascada verde,1,40000,40000,Transferencia,,FE-1772,"hojas de punto de venta, cuenta poscdreamscanbloom (Drive)"
2026-07-09,28,Online,Paquete frambuesa pop,1,45000,45000,Transferencia,,FE-1775,"hojas de punto de venta, cuenta poscdreamscanbloom (Drive)"
2026-07-09,28,San Lucas,Amaranto cascada,1,45000,40500,Efectivo,Amaranto cascada (paquete),,"hojas de punto de venta, cuenta poscdreamscanbloom (Drive)"
2026-07-09,28,San Lucas,Bocas de dragon,1,38000,0,Salida por daño,Bocas de dragón (paquete),,"hojas de punto de venta, cuenta poscdreamscanbloom (Drive)"
2026-07-09,28,San Lucas,Bocas de dragon,1,38000,30400,Transferencia,Bocas de dragón (paquete),,"hojas de punto de venta, cuenta poscdreamscanbloom (Drive)"
2026-07-09,28,San Lucas,Bocas de dragon y statice,1,45000,45000,Transferencia,,,"hojas de punto de venta, cuenta poscdreamscanbloom (Drive)"
2026-07-09,28,San Lucas,Cosecha Pequeño,1,105000,105000,Transferencia,Cosecha Pequeño,,"hojas de punto de venta, cuenta poscdreamscanbloom (Drive)"
2026-07-09,28,San Lucas,Dahlias,1,70000,45500,Transferencia,,,"hojas de punto de venta, cuenta poscdreamscanbloom (Drive)"
2026-07-09,28,San Lucas,Esparragos con ammi,1,45000,45000,Efectivo,,,"hojas de punto de venta, cuenta poscdreamscanbloom (Drive)"
2026-07-09,28,San Lucas,Green ball con statice,1,45000,0,Salida por daño,,,"hojas de punto de venta, cuenta poscdreamscanbloom (Drive)"
2026-07-09,28,San Lucas,Paquete ammi majus,1,45000,0,Salida por daño,,,"hojas de punto de venta, cuenta poscdreamscanbloom (Drive)"
2026-07-09,28,San Lucas,Paquete de lisianthus solo,1,60000,51000,Transferencia,,,"hojas de punto de venta, cuenta poscdreamscanbloom (Drive)"
2026-07-09,28,San Lucas,Paquete de lisianthus solo,1,60000,60000,Transferencia,,,"hojas de punto de venta, cuenta poscdreamscanbloom (Drive)"
2026-07-09,28,San Lucas,Paquete frambuesa pop,1,45000,40500,Efectivo,,,"hojas de punto de venta, cuenta poscdreamscanbloom (Drive)"
2026-07-09,28,San Lucas,Paquete frambuesa pop,1,45000,40500,Transferencia,,,"hojas de punto de venta, cuenta poscdreamscanbloom (Drive)"
2026-07-09,28,San Lucas,Paquete lisianthus solo,1,50000,0,Salida por daño,Paquete lisianthus solo,,"hojas de punto de venta, cuenta poscdreamscanbloom (Drive)"
2026-07-09,28,Tesoro,Bocas de dragon,1,38000,38000,Transferencia,Bocas de dragón (paquete),,"hojas de punto de venta, cuenta poscdreamscanbloom (Drive)"
2026-07-09,28,Tesoro,Bocas de dragon,1,38000,38000,Efectivo,Bocas de dragón (paquete),,"hojas de punto de venta, cuenta poscdreamscanbloom (Drive)"
2026-07-09,28,Tesoro,Celosias plumosas,1,50000,50000,Transferencia,Celosias plumosas,,"hojas de punto de venta, cuenta poscdreamscanbloom (Drive)"
2026-07-09,28,Tesoro,Cosecha Grande,1,125000,125000,Transferencia,Cosecha Grande,,"hojas de punto de venta, cuenta poscdreamscanbloom (Drive)"
2026-07-09,28,Tesoro,Edicion Especial Lisianthus,1,75000,75000,Transferencia,Edicion Especial Lisianthus,,"hojas de punto de venta, cuenta poscdreamscanbloom (Drive)"
2026-07-09,28,Tesoro,Esparragos con ammi,1,45000,45000,Transferencia,,,"hojas de punto de venta, cuenta poscdreamscanbloom (Drive)"
2026-07-09,28,Tesoro,Paquete frambuesa pop,1,45000,45000,Transferencia,,,"hojas de punto de venta, cuenta poscdreamscanbloom (Drive)"
2026-07-10,28,Jardines,Bocas de dragon y statice,1,45000,36000,Efectivo,,,"hojas de punto de venta, cuenta poscdreamscanbloom (Drive)"
2026-07-10,28,Jardines,Bocas de dragon y statice,1,45000,33750,Datafono,,,"hojas de punto de venta, cuenta poscdreamscanbloom (Drive)"
2026-07-10,28,Jardines,Cosecha Grande,1,125000,125000,Datafono,Cosecha Grande,,"hojas de punto de venta, cuenta poscdreamscanbloom (Drive)"
2026-07-10,28,Jardines,Edicion Especial Lisianthus,1,75000,67500,Transferencia,Edicion Especial Lisianthus,,"hojas de punto de venta, cuenta poscdreamscanbloom (Drive)"
2026-07-10,28,Jardines,Paquete amaranto cascada verde,1,40000,40000,Datafono,,,"hojas de punto de venta, cuenta poscdreamscanbloom (Drive)"
2026-07-10,28,Jardines,Paquete campanulas y bocas,2,45000,0,Salida por daño,Paquete campanulas y bocas,,"hojas de punto de venta, cuenta poscdreamscanbloom (Drive)"
2026-07-10,28,Jardines,Paquete lisianthus solo,1,50000,50000,Datafono,Paquete lisianthus solo,"60,000.00","hojas de punto de venta, cuenta poscdreamscanbloom (Drive)"
2026-07-10,28,Online,Cosecha Grande,2,125000,212500,Transferencia,Cosecha Grande,FE-1776,"hojas de punto de venta, cuenta poscdreamscanbloom (Drive)"
2026-07-10,28,Online,Cosecha Pequeño,2,105000,178500,Transferencia,Cosecha Pequeño,FE-1777,"hojas de punto de venta, cuenta poscdreamscanbloom (Drive)"
2026-07-10,28,Online,Cosecha Pequeño,1,105000,105000,Transferencia,Cosecha Pequeño,FE-1778,"hojas de punto de venta, cuenta poscdreamscanbloom (Drive)"
2026-07-10,28,Online,Event amaranto cascada magenta 10 tll,18,38250,688500,Transferencia,,Falta,"hojas de punto de venta, cuenta poscdreamscanbloom (Drive)"
2026-07-10,28,Online,Event ammi majus 10 tallos,2,38000,76000,Transferencia,,FE-1779,"hojas de punto de venta, cuenta poscdreamscanbloom (Drive)"
2026-07-10,28,Online,Green ball,2,40000,68000,Transferencia,Green ball (paquete),FE-1779,"hojas de punto de venta, cuenta poscdreamscanbloom (Drive)"
2026-07-10,28,Online,Matricaria,2,45000,76500,Transferencia,,FE-1779,"hojas de punto de venta, cuenta poscdreamscanbloom (Drive)"
2026-07-10,28,Online,Paquete ammi majus,1,45000,45000,Transferencia,,FE-1780,"hojas de punto de venta, cuenta poscdreamscanbloom (Drive)"
2026-07-10,28,Online,Paquete zinnias sunset,1,58000,58000,Transferencia,Paquete zinnias sunset,FE-1780,"hojas de punto de venta, cuenta poscdreamscanbloom (Drive)"
2026-07-10,28,Online,Strawflower dream mix,1,40000,40000,Transferencia,Strawflower dream mix,FE-1780,"hojas de punto de venta, cuenta poscdreamscanbloom (Drive)"
2026-07-10,28,San Lucas,Amaranto cascada,1,45000,45000,Transferencia,Amaranto cascada (paquete),,"hojas de punto de venta, cuenta poscdreamscanbloom (Drive)"
2026-07-10,28,San Lucas,Bouquet Greenery,2,90000,0,Salida por daño,,,"hojas de punto de venta, cuenta poscdreamscanbloom (Drive)"
2026-07-10,28,San Lucas,Celosias plumosas,1,50000,50000,Datafono,Celosias plumosas,,"hojas de punto de venta, cuenta poscdreamscanbloom (Drive)"
2026-07-10,28,San Lucas,Celosias plumosas,1,50000,50000,Transferencia,Celosias plumosas,,"hojas de punto de venta, cuenta poscdreamscanbloom (Drive)"
2026-07-10,28,San Lucas,Cosecha Grande,1,125000,112500,Datafono,Cosecha Grande,,"hojas de punto de venta, cuenta poscdreamscanbloom (Drive)"
2026-07-10,28,San Lucas,Dahlias,2,70000,0,Salida por daño,,,"hojas de punto de venta, cuenta poscdreamscanbloom (Drive)"
2026-07-10,28,San Lucas,Edicion Especial Lisianthus,1,75000,75000,Efectivo,Edicion Especial Lisianthus,,"hojas de punto de venta, cuenta poscdreamscanbloom (Drive)"
2026-07-10,28,San Lucas,Esparragos con ammi,1,45000,40500,Datafono,,,"hojas de punto de venta, cuenta poscdreamscanbloom (Drive)"
2026-07-10,28,San Lucas,Paquete celosias cristata y statice,1,57000,0,Salida por daño,,,"hojas de punto de venta, cuenta poscdreamscanbloom (Drive)"
2026-07-10,28,San Lucas,Paquete frambuesa pop,1,45000,38250,Transferencia,,,"hojas de punto de venta, cuenta poscdreamscanbloom (Drive)"
2026-07-10,28,San Lucas,Paquete frambuesa pop,1,45000,38250,Transferencia,,,"hojas de punto de venta, cuenta poscdreamscanbloom (Drive)"
2026-07-10,28,San Lucas,Paquete statice lilac dreams,3,40000,0,Salida por daño,,,"hojas de punto de venta, cuenta poscdreamscanbloom (Drive)"
2026-07-10,28,San Lucas,Statice ruso con statice,1,45000,45000,Transferencia,,,"hojas de punto de venta, cuenta poscdreamscanbloom (Drive)"
2026-07-10,28,San Lucas,Statice ruso con statice,1,45000,45000,Datafono,,,"hojas de punto de venta, cuenta poscdreamscanbloom (Drive)"
2026-07-10,28,Tesoro,Bocas de dragon y statice,2,45000,90000,Transferencia,,,"hojas de punto de venta, cuenta poscdreamscanbloom (Drive)"
2026-07-10,28,Tesoro,Bouquet forever Dream mediano,3,120000,0,Salida por daño,,,"hojas de punto de venta, cuenta poscdreamscanbloom (Drive)"
2026-07-10,28,Tesoro,Bouquet forever Dream pequeño,1,85000,0,Salida por daño,,,"hojas de punto de venta, cuenta poscdreamscanbloom (Drive)"
2026-07-10,28,Tesoro,Cosecha Pequeño,1,105000,105000,Transferencia,Cosecha Pequeño,,"hojas de punto de venta, cuenta poscdreamscanbloom (Drive)"
2026-07-10,28,Tesoro,My love,1,65000,0,Salida por daño,,,"hojas de punto de venta, cuenta poscdreamscanbloom (Drive)"
2026-07-10,28,Tesoro,Paquete ammi y matricaria,1,55000,0,Salida por daño,,,"hojas de punto de venta, cuenta poscdreamscanbloom (Drive)"
2026-07-10,28,Tesoro,Paquete lisianthus solo,1,50000,50000,Transferencia,Paquete lisianthus solo,,"hojas de punto de venta, cuenta poscdreamscanbloom (Drive)"
2026-07-11,28,Jardines,Anemonas,1,65000,58500,Datafono,,pop viejo,"hojas de punto de venta, cuenta poscdreamscanbloom (Drive)"
2026-07-11,28,Jardines,Anemonas,1,65000,58500,Transferencia,,pop viejo,"hojas de punto de venta, cuenta poscdreamscanbloom (Drive)"
2026-07-11,28,Jardines,Bocas de dragon,1,38000,38000,Datafono,Bocas de dragón (paquete),,"hojas de punto de venta, cuenta poscdreamscanbloom (Drive)"
2026-07-11,28,Jardines,Bocas de dragon,1,38000,38000,Transferencia,Bocas de dragón (paquete),,"hojas de punto de venta, cuenta poscdreamscanbloom (Drive)"
2026-07-11,28,Jardines,Bocas de dragon,1,38000,38000,Efectivo,Bocas de dragón (paquete),,"hojas de punto de venta, cuenta poscdreamscanbloom (Drive)"
2026-07-11,28,Jardines,Bocas de dragon y statice,1,45000,45000,Datafono,,,"hojas de punto de venta, cuenta poscdreamscanbloom (Drive)"
2026-07-11,28,Jardines,Bouquet forever Dream grande,1,140000,140000,Datafono,,,"hojas de punto de venta, cuenta poscdreamscanbloom (Drive)"
2026-07-11,28,Jardines,Campanulas y statice,1,55000,55000,Transferencia,Campanulas y statice (paquete),celosías con eucalipto,"hojas de punto de venta, cuenta poscdreamscanbloom (Drive)"
2026-07-11,28,Jardines,Cosecha Grande,1,125000,125000,Transferencia,Cosecha Grande,,"hojas de punto de venta, cuenta poscdreamscanbloom (Drive)"
2026-07-11,28,Jardines,Cosecha Grande,1,125000,125000,Transferencia,Cosecha Grande,,"hojas de punto de venta, cuenta poscdreamscanbloom (Drive)"
2026-07-11,28,Jardines,Cosecha Pequeño,1,105000,105000,Transferencia,Cosecha Pequeño,,"hojas de punto de venta, cuenta poscdreamscanbloom (Drive)"
2026-07-11,28,Jardines,Cosecha Pequeño,1,105000,105000,Datafono,Cosecha Pequeño,,"hojas de punto de venta, cuenta poscdreamscanbloom (Drive)"
2026-07-11,28,Jardines,Edicion Especial Lisianthus,1,75000,75000,Transferencia,Edicion Especial Lisianthus,,"hojas de punto de venta, cuenta poscdreamscanbloom (Drive)"
2026-07-11,28,Jardines,Edicion especial lisianthus,1,75000,75000,Transferencia,Edicion Especial Lisianthus,,"hojas de punto de venta, cuenta poscdreamscanbloom (Drive)"
2026-07-11,28,Jardines,Esparragos con ammi,1,45000,42750,Efectivo,,cliente frecuente descuento,"hojas de punto de venta, cuenta poscdreamscanbloom (Drive)"
2026-07-11,28,Jardines,Esparragos con ammi,1,45000,45000,Datafono,,,"hojas de punto de venta, cuenta poscdreamscanbloom (Drive)"
2026-07-11,28,Jardines,Esparragos con ammi,1,45000,45000,Efectivo,,,"hojas de punto de venta, cuenta poscdreamscanbloom (Drive)"
2026-07-11,28,Jardines,Paquete amaranto cascada verde,1,40000,40000,Transferencia,,,"hojas de punto de venta, cuenta poscdreamscanbloom (Drive)"
2026-07-11,28,Jardines,Paquete amaranto cascada verde,1,40000,40000,Efectivo,,,"hojas de punto de venta, cuenta poscdreamscanbloom (Drive)"
2026-07-11,28,Jardines,Paquete frambuesa pop,1,45000,40500,Transferencia,,,"hojas de punto de venta, cuenta poscdreamscanbloom (Drive)"
2026-07-11,28,Jardines,Paquete lisianthus solo,1,50000,50000,Efectivo,Paquete lisianthus solo,60.00,"hojas de punto de venta, cuenta poscdreamscanbloom (Drive)"
2026-07-11,28,Jardines,Paquete lisianthus solo,1,50000,50000,Datafono,Paquete lisianthus solo,60.00,"hojas de punto de venta, cuenta poscdreamscanbloom (Drive)"
2026-07-11,28,Jardines,Paquete lisianthus solo,1,50000,50000,Efectivo,Paquete lisianthus solo,,"hojas de punto de venta, cuenta poscdreamscanbloom (Drive)"
2026-07-11,28,Jardines,Sobres,1,9500,9500,Datafono,,,"hojas de punto de venta, cuenta poscdreamscanbloom (Drive)"
2026-07-11,28,Jardines,Statice ruso con statice,1,45000,45000,Datafono,,,"hojas de punto de venta, cuenta poscdreamscanbloom (Drive)"
2026-07-11,28,Online,Event bocas de dragon 10 tallos,1,32300,32300,Transferencia,,FE-1781,"hojas de punto de venta, cuenta poscdreamscanbloom (Drive)"
2026-07-11,28,Online,Event lisianthus 5 tallos,2,42500,85000,Transferencia,,FE-1781,"hojas de punto de venta, cuenta poscdreamscanbloom (Drive)"
2026-07-11,28,Online,Event strawflower dreams 10 tallos,1,38250,38250,Transferencia,,FE-1781,"hojas de punto de venta, cuenta poscdreamscanbloom (Drive)"
2026-07-11,28,Online,Event zinnias 10 tallos,2,45000,90000,Transferencia,,FE-1781,"hojas de punto de venta, cuenta poscdreamscanbloom (Drive)"
2026-07-11,28,Online,Matricaria,1,45000,36000,Transferencia,,FE-1781,"hojas de punto de venta, cuenta poscdreamscanbloom (Drive)"
2026-07-11,28,San Lucas,Bocas de dragon,1,38000,38000,Transferencia,Bocas de dragón (paquete),,"hojas de punto de venta, cuenta poscdreamscanbloom (Drive)"
2026-07-11,28,San Lucas,Bocas de dragon,1,38000,38000,Datafono,Bocas de dragón (paquete),,"hojas de punto de venta, cuenta poscdreamscanbloom (Drive)"
2026-07-11,28,San Lucas,Bocas de dragon,1,38000,38000,Datafono,Bocas de dragón (paquete),,"hojas de punto de venta, cuenta poscdreamscanbloom (Drive)"
2026-07-11,28,San Lucas,Celosias plumosas,1,50000,50000,Transferencia,Celosias plumosas,,"hojas de punto de venta, cuenta poscdreamscanbloom (Drive)"
2026-07-11,28,San Lucas,Cosecha Grande,1,125000,125000,Efectivo,Cosecha Grande,,"hojas de punto de venta, cuenta poscdreamscanbloom (Drive)"
2026-07-11,28,San Lucas,Cosecha Grande,1,125000,125000,Efectivo,Cosecha Grande,,"hojas de punto de venta, cuenta poscdreamscanbloom (Drive)"
2026-07-11,28,San Lucas,Esparragos con ammi,1,45000,45000,Efectivo,,,"hojas de punto de venta, cuenta poscdreamscanbloom (Drive)"
2026-07-11,28,San Lucas,Paquete celosias cristata y statice,1,57000,57000,Transferencia,,Paga 45.000 transferencia y 12.000 en efectivo,"hojas de punto de venta, cuenta poscdreamscanbloom (Drive)"
2026-07-11,28,San Lucas,Paquete lisianthus solo,1,50000,50000,Efectivo,Paquete lisianthus solo,Apricot 60.000,"hojas de punto de venta, cuenta poscdreamscanbloom (Drive)"
2026-07-11,28,San Lucas,Paquete lisianthus solo,1,50000,50000,Efectivo,Paquete lisianthus solo,Paquete lisianthus 60.000,"hojas de punto de venta, cuenta poscdreamscanbloom (Drive)"
2026-07-11,28,San Lucas,Statice ruso con statice,1,45000,45000,Transferencia,,,"hojas de punto de venta, cuenta poscdreamscanbloom (Drive)"
2026-07-11,28,Tesoro,Cosecha Grande,1,125000,125000,Transferencia,Cosecha Grande,Online,"hojas de punto de venta, cuenta poscdreamscanbloom (Drive)"
2026-07-11,28,Tesoro,Cosecha Grande,1,125000,125000,Efectivo,Cosecha Grande,,"hojas de punto de venta, cuenta poscdreamscanbloom (Drive)"
2026-07-11,28,Tesoro,Edicion especial lisianthus,1,75000,75000,Transferencia,Edicion Especial Lisianthus,,"hojas de punto de venta, cuenta poscdreamscanbloom (Drive)"
2026-07-11,28,Tesoro,Statice ruso con statice,1,45000,45000,Efectivo,,,"hojas de punto de venta, cuenta poscdreamscanbloom (Drive)"
2026-07-12,28,Jardines,Bocas de dragon,1,38000,38000,Datafono,Bocas de dragón (paquete),,"hojas de punto de venta, cuenta poscdreamscanbloom (Drive)"
2026-07-12,28,Jardines,Bocas de dragon y statice,1,45000,45000,Efectivo,,,"hojas de punto de venta, cuenta poscdreamscanbloom (Drive)"
2026-07-12,28,Jardines,Bocas de dragon y statice,1,45000,45000,Efectivo,,,"hojas de punto de venta, cuenta poscdreamscanbloom (Drive)"
2026-07-12,28,Jardines,Bouquet forever Dream pequeño,1,85000,85000,Efectivo,,,"hojas de punto de venta, cuenta poscdreamscanbloom (Drive)"
2026-07-12,28,Jardines,Bouquet forever Dream pequeño,1,85000,85000,Efectivo,,,"hojas de punto de venta, cuenta poscdreamscanbloom (Drive)"
2026-07-12,28,Jardines,Paquete celosias cristata y statice,1,57000,54150,Transferencia,,Paga 55.000,"hojas de punto de venta, cuenta poscdreamscanbloom (Drive)"
2026-07-12,28,Jardines,Paquete lisianthus solo,1,50000,50000,Datafono,Paquete lisianthus solo,Paga 60.000,"hojas de punto de venta, cuenta poscdreamscanbloom (Drive)"
2026-07-12,28,Jardines,Paquete lisianthus solo,1,50000,50000,Transferencia,Paquete lisianthus solo,Paga 60.000,"hojas de punto de venta, cuenta poscdreamscanbloom (Drive)"
2026-07-12,28,Jardines,Paquete lisianthus solo,1,50000,50000,Transferencia,Paquete lisianthus solo,Paga 60.000,"hojas de punto de venta, cuenta poscdreamscanbloom (Drive)"
2026-07-12,28,Jardines,Paquete statice lilac dreams,1,40000,40000,Datafono,,,"hojas de punto de venta, cuenta poscdreamscanbloom (Drive)"
2026-07-12,28,Jardines,Paquete statice pink dreams,1,40000,40000,Efectivo,Paquete statice pink dreams,,"hojas de punto de venta, cuenta poscdreamscanbloom (Drive)"
2026-07-12,28,Jardines,Statice ruso con statice,1,45000,40500,Efectivo,,Paga 40.000,"hojas de punto de venta, cuenta poscdreamscanbloom (Drive)"
2026-07-12,28,San Lucas,Paquete statice pink dreams,1,40000,40000,Transferencia,Paquete statice pink dreams,,"hojas de punto de venta, cuenta poscdreamscanbloom (Drive)"
2026-07-12,28,Tesoro,Bocas de dragon,1,38000,38000,Transferencia,Bocas de dragón (paquete),,"hojas de punto de venta, cuenta poscdreamscanbloom (Drive)"
2026-07-12,28,Tesoro,Bouquet forever Dream pequeño,1,85000,85000,Datafono,,,"hojas de punto de venta, cuenta poscdreamscanbloom (Drive)"
2026-07-12,28,Tesoro,Celosias plumosas,1,50000,50000,Datafono,Celosias plumosas,,"hojas de punto de venta, cuenta poscdreamscanbloom (Drive)"
2026-07-12,28,Tesoro,Cosecha Pequeño,1,105000,105000,Datafono,Cosecha Pequeño,,"hojas de punto de venta, cuenta poscdreamscanbloom (Drive)"
2026-07-12,28,Tesoro,Paquete ammi y matricaria,1,55000,0,Salida por daño,,,"hojas de punto de venta, cuenta poscdreamscanbloom (Drive)"
2026-07-12,28,Tesoro,Paquete frambuesa pop,1,45000,45000,Transferencia,,,"hojas de punto de venta, cuenta poscdreamscanbloom (Drive)"
2026-07-12,28,Tesoro,Paquete frambuesa pop,1,45000,45000,Transferencia,,,"hojas de punto de venta, cuenta poscdreamscanbloom (Drive)"
2026-07-12,28,Tesoro,Paquete lisianthus solo,1,50000,50000,Transferencia,Paquete lisianthus solo,,"hojas de punto de venta, cuenta poscdreamscanbloom (Drive)"
2026-07-12,28,Tesoro,Paquete statice lilac dreams,1,40000,40000,Transferencia,,,"hojas de punto de venta, cuenta poscdreamscanbloom (Drive)"
2026-07-13,29,Jardines,Anemonas,1,65000,58500,Efectivo,,frambuesa pop viejo,"hojas de punto de venta, cuenta poscdreamscanbloom (Drive)"
2026-07-13,29,Jardines,Bocas de dragon y statice,1,45000,40500,Transferencia,,,"hojas de punto de venta, cuenta poscdreamscanbloom (Drive)"
2026-07-13,29,Jardines,Bouquet Greenery,1,90000,81000,Datafono,,,"hojas de punto de venta, cuenta poscdreamscanbloom (Drive)"
2026-07-13,29,Jardines,Bouquet forever Dream pequeño,1,85000,85000,Datafono,,,"hojas de punto de venta, cuenta poscdreamscanbloom (Drive)"
2026-07-13,29,Jardines,Campanulas y statice,1,55000,55000,Datafono,Campanulas y statice (paquete),celosías y eucalipto,"hojas de punto de venta, cuenta poscdreamscanbloom (Drive)"
2026-07-13,29,Jardines,Green ball con statice,1,45000,0,Salida por daño,,,"hojas de punto de venta, cuenta poscdreamscanbloom (Drive)"
2026-07-13,29,Jardines,Paquete frambuesa pop,1,45000,40500,Efectivo,,,"hojas de punto de venta, cuenta poscdreamscanbloom (Drive)"
2026-07-13,29,Jardines,Paquete lisianthus solo,1,50000,50000,Transferencia,Paquete lisianthus solo,54.000 10% descuento,"hojas de punto de venta, cuenta poscdreamscanbloom (Drive)"
2026-07-13,29,Jardines,Paquete statice lilac dreams,1,40000,38000,Datafono,,,"hojas de punto de venta, cuenta poscdreamscanbloom (Drive)"
2026-07-13,29,Jardines,Paquete statice lilac dreams,1,40000,0,Salida por daño,,,"hojas de punto de venta, cuenta poscdreamscanbloom (Drive)"
2026-07-13,29,Jardines,Paquete zinnias pink,1,58000,52200,Datafono,,,"hojas de punto de venta, cuenta poscdreamscanbloom (Drive)"
2026-07-13,29,Jardines,Strawflower dream mix,1,40000,40000,Datafono,Strawflower dream mix,,"hojas de punto de venta, cuenta poscdreamscanbloom (Drive)"
2026-07-13,29,Jardines,Strawflower dream mix,1,40000,40000,Efectivo,Strawflower dream mix,,"hojas de punto de venta, cuenta poscdreamscanbloom (Drive)"
2026-07-13,29,San Lucas,Amaranto cascada,1,45000,40500,Transferencia,Amaranto cascada (paquete),,"hojas de punto de venta, cuenta poscdreamscanbloom (Drive)"
2026-07-13,29,San Lucas,Edicion Especial Lisianthus,1,75000,71250,Datafono,Edicion Especial Lisianthus,,"hojas de punto de venta, cuenta poscdreamscanbloom (Drive)"
2026-07-13,29,San Lucas,Paquete ammi majus,1,45000,40500,Transferencia,,,"hojas de punto de venta, cuenta poscdreamscanbloom (Drive)"
2026-07-13,29,Tesoro,Paquete lisianthus solo,1,50000,50000,Transferencia,Paquete lisianthus solo,Online,"hojas de punto de venta, cuenta poscdreamscanbloom (Drive)"
2026-07-14,29,Jardines,Bocas de dragon,2,38000,76000,Datafono,Bocas de dragón (paquete),,"hojas de punto de venta, cuenta poscdreamscanbloom (Drive)"
2026-07-14,29,Jardines,Cosecha Pequeño,1,105000,105000,Datafono,Cosecha Pequeño,,"hojas de punto de venta, cuenta poscdreamscanbloom (Drive)"
2026-07-14,29,Jardines,Edicion Especial Lisianthus,1,75000,75000,Transferencia,Edicion Especial Lisianthus,,"hojas de punto de venta, cuenta poscdreamscanbloom (Drive)"
2026-07-14,29,Jardines,Green ball con statice,1,45000,40500,Datafono,,,"hojas de punto de venta, cuenta poscdreamscanbloom (Drive)"
2026-07-14,29,Jardines,Matricaria,1,45000,45000,Datafono,,Snowball con descuento,"hojas de punto de venta, cuenta poscdreamscanbloom (Drive)"
2026-07-14,29,Online,Centro de mesa pequeño,6,145000,870000,Transferencia,Centro de mesa pequeño,FE-1783,"hojas de punto de venta, cuenta poscdreamscanbloom (Drive)"
2026-07-14,29,Online,Cosecha Pequeño,1,105000,105000,Transferencia,Cosecha Pequeño,FE-1784,"hojas de punto de venta, cuenta poscdreamscanbloom (Drive)"
2026-07-14,29,Online,Paquete lisianthus solo,1,50000,50000,Transferencia,Paquete lisianthus solo,FE-1782,"hojas de punto de venta, cuenta poscdreamscanbloom (Drive)"
2026-07-14,29,Online,Yugo pequeño,1,155400,155400,Transferencia,Yugo pequeño,FE-1783,"hojas de punto de venta, cuenta poscdreamscanbloom (Drive)"
2026-07-14,29,San Lucas,Bocas de dragon,1,38000,0,Online,Bocas de dragón (paquete),,"hojas de punto de venta, cuenta poscdreamscanbloom (Drive)"
2026-07-14,29,San Lucas,Celosias plumosas,1,50000,0,Online,Celosias plumosas,,"hojas de punto de venta, cuenta poscdreamscanbloom (Drive)"
2026-07-14,29,San Lucas,Celosias plumosas,1,50000,50000,Datafono,Celosias plumosas,,"hojas de punto de venta, cuenta poscdreamscanbloom (Drive)"
2026-07-14,29,San Lucas,Cosecha Grande,1,125000,125000,Datafono,Cosecha Grande,,"hojas de punto de venta, cuenta poscdreamscanbloom (Drive)"
2026-07-14,29,San Lucas,Cosecha Pequeño,1,105000,0,Online,Cosecha Pequeño,,"hojas de punto de venta, cuenta poscdreamscanbloom (Drive)"
2026-07-14,29,San Lucas,Cosecha Pequeño,1,105000,105000,Datafono,Cosecha Pequeño,,"hojas de punto de venta, cuenta poscdreamscanbloom (Drive)"
2026-07-14,29,San Lucas,Matricaria,1,45000,45000,Datafono,,,"hojas de punto de venta, cuenta poscdreamscanbloom (Drive)"
2026-07-14,29,San Lucas,Paquete ammi majus,1,45000,45000,Datafono,,,"hojas de punto de venta, cuenta poscdreamscanbloom (Drive)"
2026-07-14,29,San Lucas,Paquete ammi majus,1,45000,45000,Transferencia,,,"hojas de punto de venta, cuenta poscdreamscanbloom (Drive)"
2026-07-14,29,San Lucas,Paquete de lisianthus solo,1,60000,54000,Transferencia,,,"hojas de punto de venta, cuenta poscdreamscanbloom (Drive)"
2026-07-14,29,Tesoro,Bocas de dragon,1,38000,0,Salida por daño,Bocas de dragón (paquete),,"hojas de punto de venta, cuenta poscdreamscanbloom (Drive)"
2026-07-14,29,Tesoro,Bocas de dragon,1,38000,0,Obsequio,Bocas de dragón (paquete),,"hojas de punto de venta, cuenta poscdreamscanbloom (Drive)"
2026-07-14,29,Tesoro,Bouquet petit,2,65000,0,Salida por daño,,,"hojas de punto de venta, cuenta poscdreamscanbloom (Drive)"
2026-07-14,29,Tesoro,Paquete statice y larkspur,1,65000,65000,Datafono,,"Celoso creta, gomphrenas y Statice","hojas de punto de venta, cuenta poscdreamscanbloom (Drive)"
2026-07-15,29,Jardines,Amaranto cascada,1,45000,45000,Datafono,Amaranto cascada (paquete),,"hojas de punto de venta, cuenta poscdreamscanbloom (Drive)"
2026-07-15,29,Jardines,Bocas de dragon y statice,1,45000,45000,Datafono,,,"hojas de punto de venta, cuenta poscdreamscanbloom (Drive)"
2026-07-15,29,Jardines,Cosecha Grande,1,125000,125000,Datafono,Cosecha Grande,,"hojas de punto de venta, cuenta poscdreamscanbloom (Drive)"
2026-07-15,29,Jardines,Cosecha Grande,1,125000,125000,Datafono,Cosecha Grande,,"hojas de punto de venta, cuenta poscdreamscanbloom (Drive)"
2026-07-15,29,Jardines,Cosecha Pequeño,1,105000,94500,Efectivo,Cosecha Pequeño,Paga 94.000,"hojas de punto de venta, cuenta poscdreamscanbloom (Drive)"
2026-07-15,29,Jardines,Edicion Especial Lisianthus,1,75000,75000,Datafono,Edicion Especial Lisianthus,,"hojas de punto de venta, cuenta poscdreamscanbloom (Drive)"
2026-07-15,29,Jardines,Paquete celosias dream mix,2,50000,80000,Efectivo,Paquete celosias dream mix,,"hojas de punto de venta, cuenta poscdreamscanbloom (Drive)"
2026-07-15,29,Jardines,Paquete statice pink dreams,1,40000,40000,Datafono,Paquete statice pink dreams,,"hojas de punto de venta, cuenta poscdreamscanbloom (Drive)"
2026-07-15,29,Online,Amaranto cascada,1,45000,45000,Transferencia,Amaranto cascada (paquete),FE-1797,"hojas de punto de venta, cuenta poscdreamscanbloom (Drive)"
2026-07-15,29,Online,Bocas de dragon,1,38000,38000,Transferencia,Bocas de dragón (paquete),FE-1787,"hojas de punto de venta, cuenta poscdreamscanbloom (Drive)"
2026-07-15,29,Online,Bocas de dragon,1,38000,38000,Transferencia,Bocas de dragón (paquete),FE-1791,"hojas de punto de venta, cuenta poscdreamscanbloom (Drive)"
2026-07-15,29,Online,Bocas de dragon,2,38000,76000,Transferencia,Bocas de dragón (paquete),FE-1798,"hojas de punto de venta, cuenta poscdreamscanbloom (Drive)"
2026-07-15,29,Online,Bouquet pureza,1,160000,160000,Transferencia,Bouquet pureza,FE-1796,"hojas de punto de venta, cuenta poscdreamscanbloom (Drive)"
2026-07-15,29,Online,Celosias plumosas,1,50000,50000,Transferencia,Celosias plumosas,FE-1789,"hojas de punto de venta, cuenta poscdreamscanbloom (Drive)"
2026-07-15,29,Online,Celosias plumosas,1,50000,50000,Transferencia,Celosias plumosas,FE-1791,"hojas de punto de venta, cuenta poscdreamscanbloom (Drive)"
2026-07-15,29,Online,Cosecha Grande,1,125000,125000,Transferencia,Cosecha Grande,FE-1790,"hojas de punto de venta, cuenta poscdreamscanbloom (Drive)"
2026-07-15,29,Online,Cosecha Grande,1,125000,125000,Transferencia,Cosecha Grande,FE-1798,"hojas de punto de venta, cuenta poscdreamscanbloom (Drive)"
2026-07-15,29,Online,Dream Big,1,270000,270000,Transferencia,Dream Big,FE-1794,"hojas de punto de venta, cuenta poscdreamscanbloom (Drive)"
2026-07-15,29,Online,Event bocas de dragon 10 tallos,1,32300,32300,Transferencia,,FE-1788,"hojas de punto de venta, cuenta poscdreamscanbloom (Drive)"
2026-07-15,29,Online,Event celosias cristata,2,42500,85000,Transferencia,,FE-1795,"hojas de punto de venta, cuenta poscdreamscanbloom (Drive)"
2026-07-15,29,Online,Event celosias dream,1,38250,38250,Transferencia,,FE-1788,"hojas de punto de venta, cuenta poscdreamscanbloom (Drive)"
2026-07-15,29,Online,Event celosias dream,1,38250,38250,Transferencia,,FE-1795,"hojas de punto de venta, cuenta poscdreamscanbloom (Drive)"
2026-07-15,29,Online,Event lisianthus 5 tallos,2,42500,85000,Transferencia,,FE-1788,"hojas de punto de venta, cuenta poscdreamscanbloom (Drive)"
2026-07-15,29,Online,Event statice ruso solo,1,40000,40000,Transferencia,,FE-1788,"hojas de punto de venta, cuenta poscdreamscanbloom (Drive)"
2026-07-15,29,Online,Event strawflower dreams 10 tallos,2,38250,76500,Transferencia,,FE-1788,"hojas de punto de venta, cuenta poscdreamscanbloom (Drive)"
2026-07-15,29,Online,Event zinnias 10 tallos,2,45000,90000,Transferencia,,FE-1788,"hojas de punto de venta, cuenta poscdreamscanbloom (Drive)"
2026-07-15,29,Online,Event zinnias 10 tallos,3,45000,94500,Transferencia,,FE-1795,"hojas de punto de venta, cuenta poscdreamscanbloom (Drive)"
2026-07-15,29,Online,Paquete amaranto cascada verde,1,40000,40000,Transferencia,,FE-1793,"hojas de punto de venta, cuenta poscdreamscanbloom (Drive)"
2026-07-15,29,Online,Paquete zinnias sunset,1,58000,58000,Transferencia,Paquete zinnias sunset,FE-1797,"hojas de punto de venta, cuenta poscdreamscanbloom (Drive)"
2026-07-15,29,Online,Yugo pequeño,1,155400,155400,Transferencia,Yugo pequeño,FE-1786,"hojas de punto de venta, cuenta poscdreamscanbloom (Drive)"
2026-07-15,29,San Lucas,Bocas de dragon,1,38000,0,Online,Bocas de dragón (paquete),,"hojas de punto de venta, cuenta poscdreamscanbloom (Drive)"
2026-07-15,29,San Lucas,Bocas de dragon,1,38000,38000,Datafono,Bocas de dragón (paquete),,"hojas de punto de venta, cuenta poscdreamscanbloom (Drive)"
2026-07-15,29,San Lucas,Bocas de dragon,1,38000,38000,Datafono,Bocas de dragón (paquete),,"hojas de punto de venta, cuenta poscdreamscanbloom (Drive)"
2026-07-15,29,San Lucas,Cosecha Grande,1,125000,125000,Transferencia,Cosecha Grande,,"hojas de punto de venta, cuenta poscdreamscanbloom (Drive)"
2026-07-15,29,San Lucas,Cosecha Grande,1,125000,125000,Transferencia,Cosecha Grande,,"hojas de punto de venta, cuenta poscdreamscanbloom (Drive)"
2026-07-15,29,San Lucas,Paquete celosias dream mix,1,50000,0,Online,Paquete celosias dream mix,,"hojas de punto de venta, cuenta poscdreamscanbloom (Drive)"
2026-07-15,29,San Lucas,Paquete celosias dream mix,1,50000,50000,Datafono,Paquete celosias dream mix,,"hojas de punto de venta, cuenta poscdreamscanbloom (Drive)"
2026-07-15,29,San Lucas,Statice ruso con statice,1,45000,45000,Transferencia,,,"hojas de punto de venta, cuenta poscdreamscanbloom (Drive)"
2026-07-15,29,Tesoro,Bocas de dragon,1,38000,0,Obsequio,Bocas de dragón (paquete),,"hojas de punto de venta, cuenta poscdreamscanbloom (Drive)"
2026-07-15,29,Tesoro,Bocas de dragon y statice,1,45000,45000,Transferencia,,,"hojas de punto de venta, cuenta poscdreamscanbloom (Drive)"
2026-07-15,29,Tesoro,Bocas de dragon y statice,1,45000,45000,Datafono,,,"hojas de punto de venta, cuenta poscdreamscanbloom (Drive)"
2026-07-15,29,Tesoro,Edicion Especial Lisianthus,1,75000,75000,Datafono,Edicion Especial Lisianthus,,"hojas de punto de venta, cuenta poscdreamscanbloom (Drive)"
2026-07-15,29,Tesoro,Paquete ammi y matricaria,1,55000,46750,Transferencia,,,"hojas de punto de venta, cuenta poscdreamscanbloom (Drive)"
2026-07-15,29,Tesoro,Statice ruso con statice,1,45000,45000,Datafono,,,"hojas de punto de venta, cuenta poscdreamscanbloom (Drive)"
2026-07-16,29,Jardines,Amaranto cascada,1,45000,45000,Datafono,Amaranto cascada (paquete),,"hojas de punto de venta, cuenta poscdreamscanbloom (Drive)"
2026-07-16,29,Jardines,Bocas de dragon,2,38000,76000,Efectivo,Bocas de dragón (paquete),,"hojas de punto de venta, cuenta poscdreamscanbloom (Drive)"
2026-07-16,29,Jardines,Bocas de dragon,1,38000,38000,Datafono,Bocas de dragón (paquete),,"hojas de punto de venta, cuenta poscdreamscanbloom (Drive)"
2026-07-16,29,Jardines,Bocas de dragon y statice,1,45000,45000,Efectivo,,,"hojas de punto de venta, cuenta poscdreamscanbloom (Drive)"
2026-07-16,29,Jardines,Bocas de dragon y statice,2,45000,90000,Transferencia,,,"hojas de punto de venta, cuenta poscdreamscanbloom (Drive)"
2026-07-16,29,Jardines,Bocas de dragon y statice,1,45000,45000,Datafono,,,"hojas de punto de venta, cuenta poscdreamscanbloom (Drive)"
2026-07-16,29,Jardines,Bouquet forever Dream pequeño,1,85000,85000,Datafono,,,"hojas de punto de venta, cuenta poscdreamscanbloom (Drive)"
2026-07-16,29,Jardines,Cosecha Grande,1,125000,0,Online,Cosecha Grande,,"hojas de punto de venta, cuenta poscdreamscanbloom (Drive)"
2026-07-16,29,Jardines,Edicion Especial Lisianthus,1,75000,75000,Transferencia,Edicion Especial Lisianthus,,"hojas de punto de venta, cuenta poscdreamscanbloom (Drive)"
2026-07-16,29,Jardines,Edicion especial lisianthus,1,75000,75000,Datafono,Edicion Especial Lisianthus,,"hojas de punto de venta, cuenta poscdreamscanbloom (Drive)"
2026-07-16,29,Jardines,Greenery con lisianthus,1,75000,75000,Datafono,,,"hojas de punto de venta, cuenta poscdreamscanbloom (Drive)"
2026-07-16,29,Jardines,Matricaria,1,45000,36000,Datafono,,Snowball paga 35.000,"hojas de punto de venta, cuenta poscdreamscanbloom (Drive)"
2026-07-16,29,Jardines,Paquete ammi majus,1,45000,45000,Datafono,,,"hojas de punto de venta, cuenta poscdreamscanbloom (Drive)"
2026-07-16,29,Jardines,Paquete celosias cristata y statice,1,57000,45600,Datafono,,,"hojas de punto de venta, cuenta poscdreamscanbloom (Drive)"
2026-07-16,29,Jardines,Paquete lisianthus solo,1,50000,50000,Transferencia,Paquete lisianthus solo,Paga 60.000,"hojas de punto de venta, cuenta poscdreamscanbloom (Drive)"
2026-07-16,29,Online,Amaranto cascada,1,45000,45000,Transferencia,Amaranto cascada (paquete),FE-1801,"hojas de punto de venta, cuenta poscdreamscanbloom (Drive)"
2026-07-16,29,Online,Bocas de dragon,4,38000,152000,Transferencia,Bocas de dragón (paquete),FE-1802,"hojas de punto de venta, cuenta poscdreamscanbloom (Drive)"
2026-07-16,29,Online,Bocas de dragon y statice,1,45000,45000,Transferencia,,FE-1804,"hojas de punto de venta, cuenta poscdreamscanbloom (Drive)"
2026-07-16,29,Online,Bouquet  Dream Land,1,285000,285000,Transferencia,,FE-1807,"hojas de punto de venta, cuenta poscdreamscanbloom (Drive)"
2026-07-16,29,Online,Boutonnieres,1,21000,21000,Transferencia,,FE-1802,"hojas de punto de venta, cuenta poscdreamscanbloom (Drive)"
2026-07-16,29,Online,Cosecha Grande,1,125000,125000,Transferencia,Cosecha Grande,FE-1799,"hojas de punto de venta, cuenta poscdreamscanbloom (Drive)"
2026-07-16,29,Online,Cosecha Grande,1,125000,125000,Transferencia,Cosecha Grande,FE-1800,"hojas de punto de venta, cuenta poscdreamscanbloom (Drive)"
2026-07-16,29,Online,Cosecha Grande,1,125000,125000,Transferencia,Cosecha Grande,FE-1805,"hojas de punto de venta, cuenta poscdreamscanbloom (Drive)"
2026-07-16,29,Online,Cosecha Grande,1,125000,125000,Transferencia,Cosecha Grande,FE-1806,"hojas de punto de venta, cuenta poscdreamscanbloom (Drive)"
2026-07-16,29,Online,Cosecha Pequeño,1,105000,105000,Transferencia,Cosecha Pequeño,FE-1804,"hojas de punto de venta, cuenta poscdreamscanbloom (Drive)"
2026-07-16,29,Online,Cosecha Pequeño,1,105000,105000,Transferencia,Cosecha Pequeño,FE-1808,"hojas de punto de venta, cuenta poscdreamscanbloom (Drive)"
2026-07-16,29,Online,Paquete ammi majus,1,45000,45000,Transferencia,,FE-1801,"hojas de punto de venta, cuenta poscdreamscanbloom (Drive)"
2026-07-16,29,Online,Paquete ammi majus,1,45000,45000,Transferencia,,FE-1803,"hojas de punto de venta, cuenta poscdreamscanbloom (Drive)"
2026-07-16,29,Online,Paquete matricarias snowball,1,40000,40000,Transferencia,,FE-1801,"hojas de punto de venta, cuenta poscdreamscanbloom (Drive)"
2026-07-16,29,Online,Statice ruso con statice,1,45000,45000,Transferencia,,FE-1804,"hojas de punto de venta, cuenta poscdreamscanbloom (Drive)"
2026-07-16,29,Online,Yugo pequeño,1,155400,155400,Transferencia,Yugo pequeño,FE-1802,"hojas de punto de venta, cuenta poscdreamscanbloom (Drive)"
2026-07-16,29,San Lucas,Amaranto cascada,1,45000,40500,Datafono,Amaranto cascada (paquete),,"hojas de punto de venta, cuenta poscdreamscanbloom (Drive)"
2026-07-16,29,San Lucas,Bocas de dragon,1,38000,38000,Datafono,Bocas de dragón (paquete),,"hojas de punto de venta, cuenta poscdreamscanbloom (Drive)"
2026-07-16,29,San Lucas,Bocas de dragon,1,38000,38000,Transferencia,Bocas de dragón (paquete),,"hojas de punto de venta, cuenta poscdreamscanbloom (Drive)"
2026-07-16,29,San Lucas,Bocas de dragon y statice,1,45000,0,Online,,,"hojas de punto de venta, cuenta poscdreamscanbloom (Drive)"
2026-07-16,29,San Lucas,Cosecha Grande,1,125000,0,Online,Cosecha Grande,,"hojas de punto de venta, cuenta poscdreamscanbloom (Drive)"
2026-07-16,29,San Lucas,Cosecha Pequeño,1,105000,0,Online,Cosecha Pequeño,,"hojas de punto de venta, cuenta poscdreamscanbloom (Drive)"
2026-07-16,29,San Lucas,Greenery con lisianthus,1,75000,75000,Datafono,,,"hojas de punto de venta, cuenta poscdreamscanbloom (Drive)"
2026-07-16,29,San Lucas,Paquete celosias dream mix,1,50000,50000,Transferencia,Paquete celosias dream mix,,"hojas de punto de venta, cuenta poscdreamscanbloom (Drive)"
2026-07-16,29,San Lucas,Paquete de lisianthus solo,1,60000,51000,Efectivo,,,"hojas de punto de venta, cuenta poscdreamscanbloom (Drive)"
2026-07-16,29,San Lucas,Statice ruso con statice,1,45000,0,Online,,,"hojas de punto de venta, cuenta poscdreamscanbloom (Drive)"
2026-07-16,29,Tesoro,Amaranto cascada,1,45000,45000,Salida por daño,Amaranto cascada (paquete),,"hojas de punto de venta, cuenta poscdreamscanbloom (Drive)"
2026-07-16,29,Tesoro,Bocas de dragon y statice,1,45000,45000,Transferencia,,,"hojas de punto de venta, cuenta poscdreamscanbloom (Drive)"
2026-07-16,29,Tesoro,Esparragos con ammi,1,45000,38250,Datafono,,,"hojas de punto de venta, cuenta poscdreamscanbloom (Drive)"
2026-07-16,29,Tesoro,Gomphenas snow,1,45000,0,Salida por daño,Gomphenas snow,,"hojas de punto de venta, cuenta poscdreamscanbloom (Drive)"
2026-07-16,29,Tesoro,Paquete matricarias snowball,1,40000,34000,Datafono,,,"hojas de punto de venta, cuenta poscdreamscanbloom (Drive)"
2026-07-17,29,Jardines,Amaranto cascada,1,45000,45000,Transferencia,Amaranto cascada (paquete),,"hojas de punto de venta, cuenta poscdreamscanbloom (Drive)"
2026-07-17,29,Jardines,Bocas de dragon,2,38000,76000,Transferencia,Bocas de dragón (paquete),,"hojas de punto de venta, cuenta poscdreamscanbloom (Drive)"
2026-07-17,29,Jardines,Bocas de dragon y statice,1,45000,45000,Datafono,,,"hojas de punto de venta, cuenta poscdreamscanbloom (Drive)"
2026-07-17,29,Jardines,Bocas de dragon y statice,1,45000,45000,Transferencia,,,"hojas de punto de venta, cuenta poscdreamscanbloom (Drive)"
2026-07-17,29,Jardines,Bouquet forever Dream pequeño,1,85000,85000,Transferencia,,,"hojas de punto de venta, cuenta poscdreamscanbloom (Drive)"
2026-07-17,29,Jardines,Cosecha Grande,1,125000,125000,Transferencia,Cosecha Grande,,"hojas de punto de venta, cuenta poscdreamscanbloom (Drive)"
2026-07-17,29,Jardines,Cosecha Grande,2,125000,250000,Transferencia,Cosecha Grande,,"hojas de punto de venta, cuenta poscdreamscanbloom (Drive)"
2026-07-17,29,Jardines,Cosecha Grande,1,125000,125000,Efectivo,Cosecha Grande,,"hojas de punto de venta, cuenta poscdreamscanbloom (Drive)"
2026-07-17,29,Jardines,Cosecha Pequeño,1,105000,105000,Transferencia,Cosecha Pequeño,,"hojas de punto de venta, cuenta poscdreamscanbloom (Drive)"
2026-07-17,29,Jardines,Edicion Especial Lisianthus,1,75000,75000,Efectivo,Edicion Especial Lisianthus,,"hojas de punto de venta, cuenta poscdreamscanbloom (Drive)"
2026-07-17,29,Jardines,Edicion Especial Lisianthus,1,75000,75000,Datafono,Edicion Especial Lisianthus,,"hojas de punto de venta, cuenta poscdreamscanbloom (Drive)"
2026-07-17,29,Jardines,Edicion Especial Lisianthus,1,75000,75000,Datafono,Edicion Especial Lisianthus,,"hojas de punto de venta, cuenta poscdreamscanbloom (Drive)"
2026-07-17,29,Jardines,Edicion Especial Lisianthus,1,75000,75000,Efectivo,Edicion Especial Lisianthus,,"hojas de punto de venta, cuenta poscdreamscanbloom (Drive)"
2026-07-17,29,Jardines,Paquete ammi majus,1,45000,40500,Efectivo,,,"hojas de punto de venta, cuenta poscdreamscanbloom (Drive)"
2026-07-17,29,Jardines,Paquete lisianthus solo,1,50000,50000,Datafono,Paquete lisianthus solo,,"hojas de punto de venta, cuenta poscdreamscanbloom (Drive)"
2026-07-17,29,Jardines,Statice ruso con statice,1,45000,45000,Datafono,,,"hojas de punto de venta, cuenta poscdreamscanbloom (Drive)"
2026-07-17,29,Jardines,Strawflower dream mix,1,40000,40000,Datafono,Strawflower dream mix,,"hojas de punto de venta, cuenta poscdreamscanbloom (Drive)"
2026-07-17,29,Jardines,Strawflower dream mix,1,40000,0,Salida por daño,Strawflower dream mix,,"hojas de punto de venta, cuenta poscdreamscanbloom (Drive)"
2026-07-17,29,Online,Bouquet  Dream Land,1,285000,285000,Transferencia,,FE-1810,"hojas de punto de venta, cuenta poscdreamscanbloom (Drive)"
2026-07-17,29,Online,Boutonnieres,1,21000,21000,Transferencia,,FE-1809,"hojas de punto de venta, cuenta poscdreamscanbloom (Drive)"
2026-07-17,29,Online,Cosecha Grande,1,125000,125000,Transferencia,Cosecha Grande,FE-1812,"hojas de punto de venta, cuenta poscdreamscanbloom (Drive)"
2026-07-17,29,Online,Cosecha Pequeño,1,105000,105000,Transferencia,Cosecha Pequeño,FE-1811,"hojas de punto de venta, cuenta poscdreamscanbloom (Drive)"
2026-07-17,29,Online,Edicion Especial Lisianthus,1,75000,75000,Transferencia,Edicion Especial Lisianthus,FE-1812,"hojas de punto de venta, cuenta poscdreamscanbloom (Drive)"
2026-07-17,29,Online,Yugo pequeño,1,155400,155400,Transferencia,Yugo pequeño,FE-1809,"hojas de punto de venta, cuenta poscdreamscanbloom (Drive)"
2026-07-17,29,San Lucas,Bocas de dragon,1,38000,38000,Transferencia,Bocas de dragón (paquete),,"hojas de punto de venta, cuenta poscdreamscanbloom (Drive)"
2026-07-17,29,San Lucas,Cosecha Grande,1,125000,125000,Transferencia,Cosecha Grande,,"hojas de punto de venta, cuenta poscdreamscanbloom (Drive)"
2026-07-17,29,San Lucas,Cosecha Pequeño,1,105000,105000,Transferencia,Cosecha Pequeño,,"hojas de punto de venta, cuenta poscdreamscanbloom (Drive)"
2026-07-17,29,Tesoro,Amaranto cascada,1,45000,0,Online,Amaranto cascada (paquete),,"hojas de punto de venta, cuenta poscdreamscanbloom (Drive)"
2026-07-17,29,Tesoro,Bocas de dragon,1,38000,38000,Transferencia,Bocas de dragón (paquete),Boca dragón con statice 45.000,"hojas de punto de venta, cuenta poscdreamscanbloom (Drive)"
2026-07-17,29,Tesoro,Bocas de dragon,1,38000,0,Online,Bocas de dragón (paquete),,"hojas de punto de venta, cuenta poscdreamscanbloom (Drive)"
2026-07-17,29,Tesoro,Celosias baby con follaje,1,75000,75000,Transferencia,,Celosía cristata verde 45.000,"hojas de punto de venta, cuenta poscdreamscanbloom (Drive)"
2026-07-17,29,Tesoro,Celosias plumosas,1,50000,0,Online,Celosias plumosas,,"hojas de punto de venta, cuenta poscdreamscanbloom (Drive)"
2026-07-17,29,Tesoro,Cosecha Grande,1,125000,125000,Datafono,Cosecha Grande,,"hojas de punto de venta, cuenta poscdreamscanbloom (Drive)"
2026-07-17,29,Tesoro,Edicion Especial Lisianthus,2,75000,0,Online,Edicion Especial Lisianthus,,"hojas de punto de venta, cuenta poscdreamscanbloom (Drive)"
2026-07-17,29,Tesoro,Gomphrenas,1,45000,0,Online,Gomphrenas (paquete grande),,"hojas de punto de venta, cuenta poscdreamscanbloom (Drive)"
2026-07-17,29,Tesoro,Green ball con statice,1,45000,45000,Transferencia,,,"hojas de punto de venta, cuenta poscdreamscanbloom (Drive)"
2026-07-17,29,Tesoro,Strawflower dream mix &#9;,3,40000,0,Online,,,"hojas de punto de venta, cuenta poscdreamscanbloom (Drive)"
2026-07-17,29,Tesoro,Zinnias,1,50000,0,Online,,,"hojas de punto de venta, cuenta poscdreamscanbloom (Drive)"
2026-07-17,29,Tesoro,Zinnias,1,50000,0,Online,,Reposición de zinnias a clienta,"hojas de punto de venta, cuenta poscdreamscanbloom (Drive)"
2026-07-18,29,Jardines,Bocas de dragon,1,38000,38000,Datafono,Bocas de dragón (paquete),,"hojas de punto de venta, cuenta poscdreamscanbloom (Drive)"
2026-07-18,29,Jardines,Bocas de dragon,3,38000,114000,Datafono,Bocas de dragón (paquete),,"hojas de punto de venta, cuenta poscdreamscanbloom (Drive)"
2026-07-18,29,Jardines,Bocas de dragon,2,38000,76000,Datafono,Bocas de dragón (paquete),,"hojas de punto de venta, cuenta poscdreamscanbloom (Drive)"
2026-07-18,29,Jardines,Bocas de dragon,1,38000,38000,Transferencia,Bocas de dragón (paquete),,"hojas de punto de venta, cuenta poscdreamscanbloom (Drive)"
2026-07-18,29,Jardines,Bocas de dragon y statice,1,45000,45000,Efectivo,,,"hojas de punto de venta, cuenta poscdreamscanbloom (Drive)"
2026-07-18,29,Jardines,Bouquet forever Dream mediano,2,120000,240000,Efectivo,,,"hojas de punto de venta, cuenta poscdreamscanbloom (Drive)"
2026-07-18,29,Jardines,Bouquet forever Dream pequeño,1,85000,85000,Datafono,,,"hojas de punto de venta, cuenta poscdreamscanbloom (Drive)"
2026-07-18,29,Jardines,Bouquet forever Dream pequeño,1,85000,85000,Datafono,,,"hojas de punto de venta, cuenta poscdreamscanbloom (Drive)"
2026-07-18,29,Jardines,Cosecha Grande,1,125000,125000,Transferencia,Cosecha Grande,,"hojas de punto de venta, cuenta poscdreamscanbloom (Drive)"
2026-07-18,29,Jardines,Cosecha Pequeño,1,105000,105000,Datafono,Cosecha Pequeño,,"hojas de punto de venta, cuenta poscdreamscanbloom (Drive)"
2026-07-18,29,Jardines,Cosecha Pequeño,1,105000,105000,Datafono,Cosecha Pequeño,,"hojas de punto de venta, cuenta poscdreamscanbloom (Drive)"
2026-07-18,29,Jardines,Edicion Especial Lisianthus,1,75000,75000,Datafono,Edicion Especial Lisianthus,,"hojas de punto de venta, cuenta poscdreamscanbloom (Drive)"
2026-07-18,29,Jardines,Edicion Especial Lisianthus,1,75000,75000,Datafono,Edicion Especial Lisianthus,Nuevo,"hojas de punto de venta, cuenta poscdreamscanbloom (Drive)"
2026-07-18,29,Jardines,Greenery con lisianthus,1,75000,75000,Datafono,,,"hojas de punto de venta, cuenta poscdreamscanbloom (Drive)"
2026-07-18,29,Jardines,Paquete celosias dream mix,1,50000,50000,Datafono,Paquete celosias dream mix,,"hojas de punto de venta, cuenta poscdreamscanbloom (Drive)"
2026-07-18,29,Jardines,Paquete celosias dream mix,1,50000,50000,Efectivo,Paquete celosias dream mix,,"hojas de punto de venta, cuenta poscdreamscanbloom (Drive)"
2026-07-18,29,Jardines,Paquete lisianthus solo,1,50000,50000,Efectivo,Paquete lisianthus solo,Paga 60.000,"hojas de punto de venta, cuenta poscdreamscanbloom (Drive)"
2026-07-18,29,Jardines,Paquete lisianthus solo,1,50000,50000,Transferencia,Paquete lisianthus solo,Paga 60.000,"hojas de punto de venta, cuenta poscdreamscanbloom (Drive)"
2026-07-18,29,Jardines,Paquete statice lilac dreams,1,40000,40000,Transferencia,,,"hojas de punto de venta, cuenta poscdreamscanbloom (Drive)"
2026-07-18,29,Jardines,Statice ruso con statice,1,45000,45000,Datafono,,,"hojas de punto de venta, cuenta poscdreamscanbloom (Drive)"
2026-07-18,29,Jardines,Statice ruso con statice,1,45000,45000,Datafono,,,"hojas de punto de venta, cuenta poscdreamscanbloom (Drive)"
2026-07-18,29,Jardines,Statice ruso con statice,1,45000,45000,Datafono,,,"hojas de punto de venta, cuenta poscdreamscanbloom (Drive)"
2026-07-18,29,Jardines,Strawflower dream mix,1,40000,40000,Efectivo,Strawflower dream mix,,"hojas de punto de venta, cuenta poscdreamscanbloom (Drive)"
2026-07-18,29,Online,Cosecha Pequeño,2,105000,178500,Transferencia,Cosecha Pequeño,FE-1815,"hojas de punto de venta, cuenta poscdreamscanbloom (Drive)"
2026-07-18,29,Online,Yugo pequeño,1,155400,155400,Transferencia,Yugo pequeño,FE-1814,"hojas de punto de venta, cuenta poscdreamscanbloom (Drive)"
2026-07-18,29,San Lucas,Bocas de dragon,1,38000,38000,Datafono,Bocas de dragón (paquete),,"hojas de punto de venta, cuenta poscdreamscanbloom (Drive)"
2026-07-18,29,San Lucas,Bocas de dragon,1,38000,34200,Efectivo,Bocas de dragón (paquete),,"hojas de punto de venta, cuenta poscdreamscanbloom (Drive)"
2026-07-18,29,San Lucas,Bocas de dragon,1,38000,38000,Transferencia,Bocas de dragón (paquete),,"hojas de punto de venta, cuenta poscdreamscanbloom (Drive)"
2026-07-18,29,San Lucas,Bocas de dragon,1,38000,38000,Datafono,Bocas de dragón (paquete),,"hojas de punto de venta, cuenta poscdreamscanbloom (Drive)"
2026-07-18,29,San Lucas,Bocas de dragon y statice,1,45000,45000,Datafono,,,"hojas de punto de venta, cuenta poscdreamscanbloom (Drive)"
2026-07-18,29,San Lucas,Cosecha Grande,1,125000,125000,Datafono,Cosecha Grande,,"hojas de punto de venta, cuenta poscdreamscanbloom (Drive)"
2026-07-18,29,San Lucas,Cosecha Grande,1,125000,125000,Transferencia,Cosecha Grande,,"hojas de punto de venta, cuenta poscdreamscanbloom (Drive)"
2026-07-18,29,San Lucas,Cosecha Pequeño,1,105000,105000,Transferencia,Cosecha Pequeño,,"hojas de punto de venta, cuenta poscdreamscanbloom (Drive)"
2026-07-18,29,San Lucas,Edicion Especial Lisianthus,1,75000,75000,Datafono,Edicion Especial Lisianthus,,"hojas de punto de venta, cuenta poscdreamscanbloom (Drive)"
2026-07-18,29,San Lucas,Edicion Especial Lisianthus,1,75000,75000,Transferencia,Edicion Especial Lisianthus,,"hojas de punto de venta, cuenta poscdreamscanbloom (Drive)"
2026-07-18,29,San Lucas,Edicion Especial Lisianthus,1,75000,75000,Transferencia,Edicion Especial Lisianthus,,"hojas de punto de venta, cuenta poscdreamscanbloom (Drive)"
2026-07-18,29,San Lucas,Green ball,1,40000,40000,Datafono,Green ball (paquete),Celosías crestas,"hojas de punto de venta, cuenta poscdreamscanbloom (Drive)"
2026-07-18,29,San Lucas,Green ball con statice,1,45000,45000,Transferencia,,,"hojas de punto de venta, cuenta poscdreamscanbloom (Drive)"
2026-07-18,29,Tesoro,Bocas de dragon,1,38000,38000,Datafono,Bocas de dragón (paquete),,"hojas de punto de venta, cuenta poscdreamscanbloom (Drive)"
2026-07-18,29,Tesoro,Bocas de dragon,2,38000,76000,Transferencia,Bocas de dragón (paquete),,"hojas de punto de venta, cuenta poscdreamscanbloom (Drive)"
2026-07-18,29,Tesoro,Bocas de dragon y statice,1,45000,45000,Transferencia,,,"hojas de punto de venta, cuenta poscdreamscanbloom (Drive)"
2026-07-18,29,Tesoro,Celosias baby con follaje,1,75000,67500,Datafono,,"Celosía cristata verde a 45, de le hace el descuento de 10%","hojas de punto de venta, cuenta poscdreamscanbloom (Drive)"
2026-07-18,29,Tesoro,Cosecha Grande,1,125000,125000,Datafono,Cosecha Grande,,"hojas de punto de venta, cuenta poscdreamscanbloom (Drive)"
2026-07-18,29,Tesoro,Green ball con statice,1,45000,45000,Efectivo,,,"hojas de punto de venta, cuenta poscdreamscanbloom (Drive)"
2026-07-19,29,Jardines,Bocas de dragon y statice,2,45000,90000,Datafono,,2 compras en 1,"hojas de punto de venta, cuenta poscdreamscanbloom (Drive)"
2026-07-19,29,Jardines,Bocas de dragon y statice,1,45000,45000,Transferencia,,,"hojas de punto de venta, cuenta poscdreamscanbloom (Drive)"
2026-07-19,29,Jardines,Bouquet forever Dream pequeño,1,85000,85000,Efectivo,,,"hojas de punto de venta, cuenta poscdreamscanbloom (Drive)"
2026-07-19,29,Jardines,Celosias plumosas,1,50000,50000,Efectivo,Celosias plumosas,,"hojas de punto de venta, cuenta poscdreamscanbloom (Drive)"
2026-07-19,29,Jardines,Cosecha Grande,1,125000,125000,Efectivo,Cosecha Grande,,"hojas de punto de venta, cuenta poscdreamscanbloom (Drive)"
2026-07-19,29,Jardines,Cosecha Grande,1,125000,125000,Datafono,Cosecha Grande,,"hojas de punto de venta, cuenta poscdreamscanbloom (Drive)"
2026-07-19,29,Jardines,Cosecha Pequeño,1,105000,105000,Efectivo,Cosecha Pequeño,,"hojas de punto de venta, cuenta poscdreamscanbloom (Drive)"
2026-07-19,29,Jardines,Cosecha Pequeño,1,105000,105000,Datafono,Cosecha Pequeño,,"hojas de punto de venta, cuenta poscdreamscanbloom (Drive)"
2026-07-19,29,Jardines,Edicion Especial Lisianthus,1,75000,75000,Datafono,Edicion Especial Lisianthus,,"hojas de punto de venta, cuenta poscdreamscanbloom (Drive)"
2026-07-19,29,Jardines,Green ball con statice,1,45000,40500,Datafono,,,"hojas de punto de venta, cuenta poscdreamscanbloom (Drive)"
2026-07-19,29,Jardines,Green ball y mini green,2,40000,80000,Efectivo,,cristata verde,"hojas de punto de venta, cuenta poscdreamscanbloom (Drive)"
2026-07-19,29,Jardines,Paquete amaranto cascada verde,1,40000,40000,Efectivo,,,"hojas de punto de venta, cuenta poscdreamscanbloom (Drive)"
2026-07-19,29,Jardines,Paquete amaranto cascada verde,1,40000,40000,Transferencia,,,"hojas de punto de venta, cuenta poscdreamscanbloom (Drive)"
2026-07-19,29,Jardines,Sobres,1,9500,9500,Transferencia,,,"hojas de punto de venta, cuenta poscdreamscanbloom (Drive)"
2026-07-19,29,Jardines,Sobres,1,9500,9500,Datafono,,,"hojas de punto de venta, cuenta poscdreamscanbloom (Drive)"
2026-07-19,29,Jardines,Statice ruso con statice,1,45000,45000,Efectivo,,,"hojas de punto de venta, cuenta poscdreamscanbloom (Drive)"
2026-07-19,29,Jardines,Strawflower dream mix,1,40000,0,Salida por daño,Strawflower dream mix,,"hojas de punto de venta, cuenta poscdreamscanbloom (Drive)"
2026-07-19,29,San Lucas,Bocas de dragon,1,38000,38000,Transferencia,Bocas de dragón (paquete),,"hojas de punto de venta, cuenta poscdreamscanbloom (Drive)"
2026-07-19,29,San Lucas,Bocas de dragon y statice,1,45000,45000,Datafono,,,"hojas de punto de venta, cuenta poscdreamscanbloom (Drive)"
2026-07-19,29,San Lucas,Bocas de dragon y statice,2,45000,90000,Transferencia,,,"hojas de punto de venta, cuenta poscdreamscanbloom (Drive)"
2026-07-19,29,San Lucas,Cosecha Grande,1,125000,125000,Datafono,Cosecha Grande,,"hojas de punto de venta, cuenta poscdreamscanbloom (Drive)"
2026-07-19,29,San Lucas,Paquete celosias dream mix,1,50000,50000,Datafono,Paquete celosias dream mix,,"hojas de punto de venta, cuenta poscdreamscanbloom (Drive)"
2026-07-19,29,Tesoro,Bocas de dragon y statice,2,45000,90000,Transferencia,,,"hojas de punto de venta, cuenta poscdreamscanbloom (Drive)"
2026-07-19,29,Tesoro,Paquete ammi majus,1,45000,0,Salida por daño,,,"hojas de punto de venta, cuenta poscdreamscanbloom (Drive)"
2026-07-19,29,Tesoro,Paquete celosias cristata y statice,1,57000,0,Salida por daño,,,"hojas de punto de venta, cuenta poscdreamscanbloom (Drive)"
2026-07-19,29,Tesoro,Paquete lisianthus solo,2,50000,0,Salida por daño,Paquete lisianthus solo,,"hojas de punto de venta, cuenta poscdreamscanbloom (Drive)"
2026-07-20,30,Jardines,Bocas de dragon,1,38000,38000,Efectivo,Bocas de dragón (paquete),,"hojas de punto de venta, cuenta poscdreamscanbloom (Drive)"
2026-07-20,30,Jardines,Bocas de dragon,1,38000,38000,Efectivo,Bocas de dragón (paquete),,"hojas de punto de venta, cuenta poscdreamscanbloom (Drive)"
2026-07-20,30,Jardines,Bocas de dragon y statice,2,45000,90000,Efectivo,,,"hojas de punto de venta, cuenta poscdreamscanbloom (Drive)"
2026-07-20,30,Jardines,Bocas de dragon y statice,1,45000,42750,Efectivo,,,"hojas de punto de venta, cuenta poscdreamscanbloom (Drive)"
2026-07-20,30,Jardines,Bocas de dragon y statice,1,45000,45000,Transferencia,,,"hojas de punto de venta, cuenta poscdreamscanbloom (Drive)"
2026-07-20,30,Jardines,Bouquet forever Dream grande,1,140000,140000,Transferencia,,,"hojas de punto de venta, cuenta poscdreamscanbloom (Drive)"
2026-07-20,30,Jardines,Bouquet forever Dream pequeño,1,85000,85000,Datafono,,,"hojas de punto de venta, cuenta poscdreamscanbloom (Drive)"
2026-07-20,30,Jardines,Bouquet forever Dream pequeño,1,85000,85000,Datafono,,,"hojas de punto de venta, cuenta poscdreamscanbloom (Drive)"
2026-07-20,30,Jardines,Cosecha Pequeño,1,105000,105000,Efectivo,Cosecha Pequeño,,"hojas de punto de venta, cuenta poscdreamscanbloom (Drive)"
2026-07-20,30,Jardines,Green ball con statice,1,45000,45000,Transferencia,,,"hojas de punto de venta, cuenta poscdreamscanbloom (Drive)"
2026-07-20,30,Jardines,Paquete statice lilac dreams,1,40000,40000,Datafono,,,"hojas de punto de venta, cuenta poscdreamscanbloom (Drive)"
2026-07-20,30,Jardines,Paquete statice lilac dreams,1,40000,38000,Transferencia,,,"hojas de punto de venta, cuenta poscdreamscanbloom (Drive)"
2026-07-20,30,San Lucas,Green ball con statice,1,45000,0,Salida por daño,,,"hojas de punto de venta, cuenta poscdreamscanbloom (Drive)"
2026-07-20,30,San Lucas,Paquete celosias cristata y statice,2,57000,0,Salida por daño,,,"hojas de punto de venta, cuenta poscdreamscanbloom (Drive)"
2026-07-20,30,San Lucas,Paquete celosias dream mix,1,50000,45000,Datafono,Paquete celosias dream mix,,"hojas de punto de venta, cuenta poscdreamscanbloom (Drive)"
2026-07-20,30,San Lucas,Paquete de lisianthus solo,1,60000,60000,Transferencia,,,"hojas de punto de venta, cuenta poscdreamscanbloom (Drive)"
2026-07-20,30,San Lucas,Paquete de lisianthus solo,1,60000,54000,Datafono,,,"hojas de punto de venta, cuenta poscdreamscanbloom (Drive)"
2026-07-20,30,San Lucas,Statice ruso con statice,1,45000,40500,Transferencia,,,"hojas de punto de venta, cuenta poscdreamscanbloom (Drive)"
2026-07-20,30,San Lucas,Statice ruso con statice,2,45000,0,Salida por daño,,,"hojas de punto de venta, cuenta poscdreamscanbloom (Drive)"
2026-07-20,30,Tesoro,Bocas de dragon,1,38000,38000,Efectivo,Bocas de dragón (paquete),,"hojas de punto de venta, cuenta poscdreamscanbloom (Drive)"
2026-07-20,30,Tesoro,Cosecha Grande,1,125000,125000,Transferencia,Cosecha Grande,,"hojas de punto de venta, cuenta poscdreamscanbloom (Drive)"
2026-07-20,30,Tesoro,Edicion Especial Lisianthus,1,75000,75000,Datafono,Edicion Especial Lisianthus,,"hojas de punto de venta, cuenta poscdreamscanbloom (Drive)"
2026-07-20,30,Tesoro,Edicion Especial Lisianthus,1,75000,75000,Datafono,Edicion Especial Lisianthus,,"hojas de punto de venta, cuenta poscdreamscanbloom (Drive)"
2026-07-21,30,Online,Bocas de dragon y statice,1,45000,45000,Transferencia,,FE-1822,"hojas de punto de venta, cuenta poscdreamscanbloom (Drive)"
2026-07-21,30,Online,Bocas de dragon y statice,1,45000,45000,Transferencia,,FE-1825,"hojas de punto de venta, cuenta poscdreamscanbloom (Drive)"
2026-07-21,30,Online,Bouquet forever Dream pequeño,1,85000,85000,Transferencia,,FE-1822,"hojas de punto de venta, cuenta poscdreamscanbloom (Drive)"
2026-07-21,30,Online,Cosecha Grande,1,125000,125000,Transferencia,Cosecha Grande,FE-1816,"hojas de punto de venta, cuenta poscdreamscanbloom (Drive)"
2026-07-21,30,Online,Cosecha Grande,1,125000,125000,Transferencia,Cosecha Grande,FE-1819,"hojas de punto de venta, cuenta poscdreamscanbloom (Drive)"
2026-07-21,30,Online,Cosecha Grande,6,125000,637500,Transferencia,Cosecha Grande,FE-1821,"hojas de punto de venta, cuenta poscdreamscanbloom (Drive)"
2026-07-21,30,Online,Cosecha Pequeño,1,105000,105000,Transferencia,Cosecha Pequeño,FE-1818,"hojas de punto de venta, cuenta poscdreamscanbloom (Drive)"
2026-07-21,30,Online,Cosecha Pequeño,1,105000,105000,Transferencia,Cosecha Pequeño,FE-1824,"hojas de punto de venta, cuenta poscdreamscanbloom (Drive)"
2026-07-21,30,Online,Cosecha Pequeño,1,105000,0,Obsequio,Cosecha Pequeño,Prueba E,"hojas de punto de venta, cuenta poscdreamscanbloom (Drive)"
2026-07-21,30,Online,Dream Big,1,270000,270000,Transferencia,Dream Big,FE-1820,"hojas de punto de venta, cuenta poscdreamscanbloom (Drive)"
2026-07-21,30,Online,Paquete celosias dream mix,1,50000,50000,Transferencia,Paquete celosias dream mix,FE-1826,"hojas de punto de venta, cuenta poscdreamscanbloom (Drive)"
2026-07-21,30,Online,Paquete gomphrenas rose,1,45000,45000,Transferencia,,FE-1826,"hojas de punto de venta, cuenta poscdreamscanbloom (Drive)"
2026-07-21,30,Online,Paquete lisianthus solo,2,50000,100000,Transferencia,Paquete lisianthus solo,FE-1823,"hojas de punto de venta, cuenta poscdreamscanbloom (Drive)"
2026-07-21,30,Online,Paquete lisianthus solo,1,50000,50000,Transferencia,Paquete lisianthus solo,FE-1826,"hojas de punto de venta, cuenta poscdreamscanbloom (Drive)"
2026-07-21,30,San Lucas,Bocas de dragon,1,38000,38000,Efectivo,Bocas de dragón (paquete),,"hojas de punto de venta, cuenta poscdreamscanbloom (Drive)"
2026-07-21,30,San Lucas,Cosecha Grande,1,125000,0,Online,Cosecha Grande,,"hojas de punto de venta, cuenta poscdreamscanbloom (Drive)"
2026-07-21,30,San Lucas,Cosecha Pequeño,1,105000,0,Online,Cosecha Pequeño,,"hojas de punto de venta, cuenta poscdreamscanbloom (Drive)"
2026-07-21,30,San Lucas,Esparragos con ammi,1,45000,45000,Datafono,,,"hojas de punto de venta, cuenta poscdreamscanbloom (Drive)"
2026-07-21,30,San Lucas,Paquete celosias cristata y statice,3,57000,0,Salida por daño,,,"hojas de punto de venta, cuenta poscdreamscanbloom (Drive)"
2026-07-21,30,San Lucas,Statice ruso con statice,3,45000,0,Salida por daño,,,"hojas de punto de venta, cuenta poscdreamscanbloom (Drive)"
2026-07-21,30,Tesoro,Amaranto cascada,1,45000,0,Salida por daño,Amaranto cascada (paquete),,"hojas de punto de venta, cuenta poscdreamscanbloom (Drive)"
2026-07-21,30,Tesoro,Bocas de dragon,1,38000,32300,Transferencia,Bocas de dragón (paquete),,"hojas de punto de venta, cuenta poscdreamscanbloom (Drive)"
2026-07-21,30,Tesoro,Edicion Especial Lisianthus,1,75000,75000,Efectivo,Edicion Especial Lisianthus,,"hojas de punto de venta, cuenta poscdreamscanbloom (Drive)"
2026-07-21,30,Tesoro,Paquete celosias dream mix,1,50000,50000,Transferencia,Paquete celosias dream mix,,"hojas de punto de venta, cuenta poscdreamscanbloom (Drive)"
2026-07-21,30,Tesoro,Statice ruso con statice,2,45000,0,Salida por daño,,,"hojas de punto de venta, cuenta poscdreamscanbloom (Drive)"
2026-07-22,30,Jardines,Amaranto cascada,1,45000,0,Salida por daño,Amaranto cascada (paquete),,"hojas de punto de venta, cuenta poscdreamscanbloom (Drive)"
2026-07-22,30,Jardines,Bocas de dragon,2,38000,0,Salida por daño,Bocas de dragón (paquete),,"hojas de punto de venta, cuenta poscdreamscanbloom (Drive)"
2026-07-22,30,Jardines,Bocas de dragon y plumas,1,50000,50000,Datafono,,,"hojas de punto de venta, cuenta poscdreamscanbloom (Drive)"
2026-07-22,30,Jardines,Celosias plumosas,1,50000,40000,Datafono,Celosias plumosas,,"hojas de punto de venta, cuenta poscdreamscanbloom (Drive)"
2026-07-22,30,Jardines,Cosecha Grande,1,125000,125000,Datafono,Cosecha Grande,,"hojas de punto de venta, cuenta poscdreamscanbloom (Drive)"
2026-07-22,30,Jardines,Cosecha Grande,1,125000,125000,Efectivo,Cosecha Grande,,"hojas de punto de venta, cuenta poscdreamscanbloom (Drive)"
2026-07-22,30,Jardines,Cosecha Pequeño,1,105000,105000,Datafono,Cosecha Pequeño,,"hojas de punto de venta, cuenta poscdreamscanbloom (Drive)"
2026-07-22,30,Jardines,Edicion Especial Lisianthus,1,75000,60000,Datafono,Edicion Especial Lisianthus,,"hojas de punto de venta, cuenta poscdreamscanbloom (Drive)"
2026-07-22,30,Jardines,Edicion Especial Lisianthus,1,75000,67500,Transferencia,Edicion Especial Lisianthus,Blanco,"hojas de punto de venta, cuenta poscdreamscanbloom (Drive)"
2026-07-22,30,Jardines,Paquete celosias cristata y green ball,1,70000,70000,Transferencia,,,"hojas de punto de venta, cuenta poscdreamscanbloom (Drive)"
2026-07-22,30,Jardines,Paquete lisianthus solo,1,50000,50000,Datafono,Paquete lisianthus solo,54000 Con descuento,"hojas de punto de venta, cuenta poscdreamscanbloom (Drive)"
2026-07-22,30,Jardines,Paquete statice dream mix,1,40000,40000,Efectivo,,,"hojas de punto de venta, cuenta poscdreamscanbloom (Drive)"
2026-07-22,30,Online,Amaranto cascada,1,45000,45000,Transferencia,Amaranto cascada (paquete),FE-1834,"hojas de punto de venta, cuenta poscdreamscanbloom (Drive)"
2026-07-22,30,Online,Bocas de dragon,1,38000,38000,Transferencia,Bocas de dragón (paquete),FE-1828,"hojas de punto de venta, cuenta poscdreamscanbloom (Drive)"
2026-07-22,30,Online,Bouquet forever Dream grande,1,140000,140000,Transferencia,,FE-1829,"hojas de punto de venta, cuenta poscdreamscanbloom (Drive)"
2026-07-22,30,Online,Celosias plumosas,1,50000,50000,Transferencia,Celosias plumosas,FE-1828,"hojas de punto de venta, cuenta poscdreamscanbloom (Drive)"
2026-07-22,30,Online,Celosias plumosas,1,50000,50000,Transferencia,Celosias plumosas,FE-1829,"hojas de punto de venta, cuenta poscdreamscanbloom (Drive)"
2026-07-22,30,Online,Cosecha Grande,1,125000,125000,Transferencia,Cosecha Grande,FE-1832,"hojas de punto de venta, cuenta poscdreamscanbloom (Drive)"
2026-07-22,30,Online,Cosecha Grande,1,125000,125000,Transferencia,Cosecha Grande,FE-1833,"hojas de punto de venta, cuenta poscdreamscanbloom (Drive)"
2026-07-22,30,Online,Edicion Especial Lisianthus,1,75000,75000,Transferencia,Edicion Especial Lisianthus,FE-1834,"hojas de punto de venta, cuenta poscdreamscanbloom (Drive)"
2026-07-22,30,Online,Event celosias dream,1,38250,38250,Transferencia,,FE-1831,"hojas de punto de venta, cuenta poscdreamscanbloom (Drive)"
2026-07-22,30,Online,Event dahlias 10 tallos,1,60000,60000,Transferencia,,FE-1831,"hojas de punto de venta, cuenta poscdreamscanbloom (Drive)"
2026-07-22,30,Online,Event strawflower dreams 10 tallos,1,38250,38250,Transferencia,,FE-1831,"hojas de punto de venta, cuenta poscdreamscanbloom (Drive)"
2026-07-22,30,Online,Event zinnias 10 tallos,1,45000,45000,Transferencia,,FE-1831,"hojas de punto de venta, cuenta poscdreamscanbloom (Drive)"
2026-07-22,30,Online,Matricaria,1,45000,45000,Transferencia,,FE-1830,"hojas de punto de venta, cuenta poscdreamscanbloom (Drive)"
2026-07-22,30,San Lucas,Amaranto cascada,1,45000,0,Online,Amaranto cascada (paquete),,"hojas de punto de venta, cuenta poscdreamscanbloom (Drive)"
2026-07-22,30,San Lucas,Bocas de dragon y plumas,1,50000,0,Online,,,"hojas de punto de venta, cuenta poscdreamscanbloom (Drive)"
2026-07-22,30,San Lucas,Bocas de dragon y plumas,1,50000,50000,Datafono,,,"hojas de punto de venta, cuenta poscdreamscanbloom (Drive)"
2026-07-22,30,San Lucas,Bocas de dragon y statice,1,45000,45000,Datafono,,,"hojas de punto de venta, cuenta poscdreamscanbloom (Drive)"
2026-07-22,30,San Lucas,Cosecha Grande,1,125000,0,Online,Cosecha Grande,,"hojas de punto de venta, cuenta poscdreamscanbloom (Drive)"
2026-07-22,30,San Lucas,Edicion Especial Lisianthus,1,75000,75000,Datafono,Edicion Especial Lisianthus,,"hojas de punto de venta, cuenta poscdreamscanbloom (Drive)"
2026-07-22,30,San Lucas,Edicion Especial Lisianthus,1,75000,0,Online,Edicion Especial Lisianthus,,"hojas de punto de venta, cuenta poscdreamscanbloom (Drive)"
2026-07-22,30,San Lucas,Green ball,1,40000,40000,Datafono,Green ball (paquete),,"hojas de punto de venta, cuenta poscdreamscanbloom (Drive)"
2026-07-23,30,Jardines,Bocas de dragon,1,38000,38000,Efectivo,Bocas de dragón (paquete),,"hojas de punto de venta, cuenta poscdreamscanbloom (Drive)"
2026-07-23,30,Online,Bocas de dragon,2,38000,76000,Transferencia,Bocas de dragón (paquete),FE-1836,"hojas de punto de venta, cuenta poscdreamscanbloom (Drive)"
2026-07-23,30,Online,Bocas de dragon y plumas,1,50000,50000,Transferencia,,FE-1835,"hojas de punto de venta, cuenta poscdreamscanbloom (Drive)"
2026-07-23,30,Online,Centro de mesa grande,3,235000,705000,Transferencia,,FE-1837,"hojas de punto de venta, cuenta poscdreamscanbloom (Drive)"
2026-07-23,30,Online,Centro de mesa pequeño,6,145000,870000,Transferencia,Centro de mesa pequeño,FE-1837,"hojas de punto de venta, cuenta poscdreamscanbloom (Drive)"
2026-07-23,30,Online,Cosecha Grande,1,125000,106250,Transferencia,Cosecha Grande,FE-1840,"hojas de punto de venta, cuenta poscdreamscanbloom (Drive)"
2026-07-23,30,Online,Edicion Especial Lisianthus,1,75000,75000,Transferencia,Edicion Especial Lisianthus,FE-1835,"hojas de punto de venta, cuenta poscdreamscanbloom (Drive)"
2026-07-23,30,Online,Edicion Especial Lisianthus,1,75000,0,Transferencia,Edicion Especial Lisianthus,Prueba E,"hojas de punto de venta, cuenta poscdreamscanbloom (Drive)"
2026-07-23,30,Online,Gomphrenas,1,45000,0,Transferencia,Gomphrenas (paquete grande),Prueba E,"hojas de punto de venta, cuenta poscdreamscanbloom (Drive)"
2026-07-23,30,San Lucas,Bocas de dragon,1,38000,38000,Efectivo,Bocas de dragón (paquete),,"hojas de punto de venta, cuenta poscdreamscanbloom (Drive)"
2026-07-23,30,San Lucas,Bocas de dragon,2,38000,0,Online,Bocas de dragón (paquete),,"hojas de punto de venta, cuenta poscdreamscanbloom (Drive)"
2026-07-23,30,San Lucas,Edicion Especial Lisianthus,1,75000,75000,Datafono,Edicion Especial Lisianthus,,"hojas de punto de venta, cuenta poscdreamscanbloom (Drive)"
2026-07-23,30,San Lucas,Esparragos con ammi,1,45000,45000,Efectivo,,,"hojas de punto de venta, cuenta poscdreamscanbloom (Drive)"
2026-07-23,30,San Lucas,Esparragos con ammi,1,45000,45000,Efectivo,,,"hojas de punto de venta, cuenta poscdreamscanbloom (Drive)"
2026-07-23,30,San Lucas,Statice ruso con statice,1,45000,45000,Transferencia,,,"hojas de punto de venta, cuenta poscdreamscanbloom (Drive)"
2026-07-23,30,Tesoro,Bocas de dragon,1,38000,32300,Efectivo,Bocas de dragón (paquete),,"hojas de punto de venta, cuenta poscdreamscanbloom (Drive)"
2026-07-23,30,Tesoro,Bocas de dragon,1,38000,38000,Efectivo,Bocas de dragón (paquete),,"hojas de punto de venta, cuenta poscdreamscanbloom (Drive)"
2026-07-23,30,Tesoro,Celosias plumosas,1,50000,50000,Transferencia,Celosias plumosas,,"hojas de punto de venta, cuenta poscdreamscanbloom (Drive)"
2026-07-23,30,Tesoro,Edicion Especial Lisianthus,1,75000,56250,Transferencia,Edicion Especial Lisianthus,,"hojas de punto de venta, cuenta poscdreamscanbloom (Drive)"
2026-07-23,30,Tesoro,Esparragos con ammi,1,45000,45000,Datafono,,,"hojas de punto de venta, cuenta poscdreamscanbloom (Drive)"
2026-07-23,30,Tesoro,Paquete celosias cristata y green ball,1,70000,70000,Efectivo,,,"hojas de punto de venta, cuenta poscdreamscanbloom (Drive)"
2026-07-24,30,Jardines,Bocas de dragon,1,38000,0,Salida por daño,Bocas de dragón (paquete),,"hojas de punto de venta, cuenta poscdreamscanbloom (Drive)"
2026-07-24,30,Jardines,Bocas de dragon,2,38000,76000,Datafono,Bocas de dragón (paquete),,"hojas de punto de venta, cuenta poscdreamscanbloom (Drive)"
2026-07-24,30,Jardines,Bocas de dragon y statice,1,45000,45000,Datafono,,,"hojas de punto de venta, cuenta poscdreamscanbloom (Drive)"
2026-07-24,30,Jardines,Bocas de dragon y statice,1,45000,40500,Efectivo,,,"hojas de punto de venta, cuenta poscdreamscanbloom (Drive)"
2026-07-24,30,Jardines,Bocas de dragon y statice,1,45000,45000,Transferencia,,,"hojas de punto de venta, cuenta poscdreamscanbloom (Drive)"
2026-07-24,30,Jardines,Bouquet forever Dream pequeño,1,85000,85000,Efectivo,,,"hojas de punto de venta, cuenta poscdreamscanbloom (Drive)"
2026-07-24,30,Jardines,Bouquet forever Dream pequeño,1,85000,85000,Datafono,,,"hojas de punto de venta, cuenta poscdreamscanbloom (Drive)"
2026-07-24,30,Jardines,Bouquet forever Dream pequeño,1,85000,85000,Transferencia,,,"hojas de punto de venta, cuenta poscdreamscanbloom (Drive)"
2026-07-24,30,Jardines,Edicion Especial Lisianthus,1,75000,75000,Efectivo,Edicion Especial Lisianthus,,"hojas de punto de venta, cuenta poscdreamscanbloom (Drive)"
2026-07-24,30,Jardines,Edicion Especial Lisianthus,1,75000,75000,Datafono,Edicion Especial Lisianthus,,"hojas de punto de venta, cuenta poscdreamscanbloom (Drive)"
2026-07-24,30,Jardines,Edicion Especial Lisianthus,1,75000,75000,Transferencia,Edicion Especial Lisianthus,,"hojas de punto de venta, cuenta poscdreamscanbloom (Drive)"
2026-07-24,30,Jardines,Edicion Especial Lisianthus,1,75000,67500,Transferencia,Edicion Especial Lisianthus,,"hojas de punto de venta, cuenta poscdreamscanbloom (Drive)"
2026-07-24,30,Jardines,Paquete celosias cristata y green ball,1,70000,70000,Datafono,,,"hojas de punto de venta, cuenta poscdreamscanbloom (Drive)"
2026-07-24,30,Jardines,Paquete lisianthus solo,1,50000,0,Salida por daño,Paquete lisianthus solo,,"hojas de punto de venta, cuenta poscdreamscanbloom (Drive)"
2026-07-24,30,Jardines,Paquete lisianthus solo,1,50000,42500,Efectivo,Paquete lisianthus solo,42000 con 30% descuento,"hojas de punto de venta, cuenta poscdreamscanbloom (Drive)"
2026-07-24,30,Jardines,Paquete statice lilac dreams,1,40000,40000,Efectivo,,,"hojas de punto de venta, cuenta poscdreamscanbloom (Drive)"
2026-07-24,30,Jardines,Paquete statice lilac dreams,1,40000,40000,Datafono,,,"hojas de punto de venta, cuenta poscdreamscanbloom (Drive)"
2026-07-24,30,Jardines,Zinnias,1,50000,50000,Datafono,,dusty,"hojas de punto de venta, cuenta poscdreamscanbloom (Drive)"
2026-07-24,30,Online,Cosecha Pequeño,1,105000,105000,Transferencia,Cosecha Pequeño,FE-1843,"hojas de punto de venta, cuenta poscdreamscanbloom (Drive)"
2026-07-24,30,Online,Dream Big blanco,1,270000,270000,Transferencia,,FE-1841,"hojas de punto de venta, cuenta poscdreamscanbloom (Drive)"
2026-07-24,30,Online,Dream majesty,1,400000,400000,Transferencia,,FE-1841,"hojas de punto de venta, cuenta poscdreamscanbloom (Drive)"
2026-07-24,30,Online,Edicion Especial Lisianthus,1,75000,75000,Transferencia,Edicion Especial Lisianthus,FE-1846,"hojas de punto de venta, cuenta poscdreamscanbloom (Drive)"
2026-07-24,30,Online,Edicion especial lisianthus,1,75000,75000,Transferencia,Edicion Especial Lisianthus,FE-1845,"hojas de punto de venta, cuenta poscdreamscanbloom (Drive)"
2026-07-24,30,Online,Greenery con lisianthus,1,75000,75000,Transferencia,,FE-1844,"hojas de punto de venta, cuenta poscdreamscanbloom (Drive)"
2026-07-24,30,Online,Matricaria,1,45000,45000,Transferencia,,FE-1846,"hojas de punto de venta, cuenta poscdreamscanbloom (Drive)"
2026-07-24,30,Online,Paquete celosias dream mix,1,50000,50000,Transferencia,Paquete celosias dream mix,FE-1842,"hojas de punto de venta, cuenta poscdreamscanbloom (Drive)"
2026-07-24,30,Online,Paquete gomphenas salmon rose,1,45000,45000,Transferencia,Paquete gomphenas salmon rose,FE-1846,"hojas de punto de venta, cuenta poscdreamscanbloom (Drive)"
2026-07-24,30,San Lucas,Bocas de dragon y plumas,1,50000,50000,Datafono,,,"hojas de punto de venta, cuenta poscdreamscanbloom (Drive)"
2026-07-24,30,San Lucas,Bocas de dragon y plumas,1,50000,50000,Transferencia,,,"hojas de punto de venta, cuenta poscdreamscanbloom (Drive)"
2026-07-24,30,San Lucas,Bocas de dragon y plumas,1,50000,50000,Efectivo,,,"hojas de punto de venta, cuenta poscdreamscanbloom (Drive)"
2026-07-24,30,San Lucas,Bocas de dragon y plumas,1,50000,50000,Datafono,,,"hojas de punto de venta, cuenta poscdreamscanbloom (Drive)"
2026-07-24,30,San Lucas,Bocas de dragon y statice,2,45000,0,Salida por daño,,,"hojas de punto de venta, cuenta poscdreamscanbloom (Drive)"
2026-07-24,30,San Lucas,Bouquet forever Dream grande,1,140000,140000,Datafono,,,"hojas de punto de venta, cuenta poscdreamscanbloom (Drive)"
2026-07-24,30,San Lucas,Cosecha Grande,1,125000,125000,Transferencia,Cosecha Grande,,"hojas de punto de venta, cuenta poscdreamscanbloom (Drive)"
2026-07-24,30,San Lucas,Paquete de lisianthus solo,1,60000,54000,Efectivo,,,"hojas de punto de venta, cuenta poscdreamscanbloom (Drive)"
2026-07-24,30,Tesoro,Paquete statice pink dreams,1,40000,40000,Datafono,Paquete statice pink dreams,,"hojas de punto de venta, cuenta poscdreamscanbloom (Drive)"
2026-07-25,30,Jardines,Bocas de dragon,1,38000,38000,Efectivo,Bocas de dragón (paquete),,"hojas de punto de venta, cuenta poscdreamscanbloom (Drive)"
2026-07-25,30,Jardines,Bocas de dragon,1,38000,38000,Transferencia,Bocas de dragón (paquete),,"hojas de punto de venta, cuenta poscdreamscanbloom (Drive)"
2026-07-25,30,Jardines,Bocas de dragon,1,38000,38000,Datafono,Bocas de dragón (paquete),,"hojas de punto de venta, cuenta poscdreamscanbloom (Drive)"
2026-07-25,30,Jardines,Bocas de dragon,1,38000,38000,Transferencia,Bocas de dragón (paquete),,"hojas de punto de venta, cuenta poscdreamscanbloom (Drive)"
2026-07-25,30,Jardines,Bocas de dragon,1,38000,38000,Datafono,Bocas de dragón (paquete),,"hojas de punto de venta, cuenta poscdreamscanbloom (Drive)"
2026-07-25,30,Jardines,Bocas de dragon y plumas,1,50000,45000,Efectivo,,,"hojas de punto de venta, cuenta poscdreamscanbloom (Drive)"
2026-07-25,30,Jardines,Bocas de dragon y statice,1,45000,40500,Datafono,,,"hojas de punto de venta, cuenta poscdreamscanbloom (Drive)"
2026-07-25,30,Jardines,Cosecha Grande,1,125000,125000,Datafono,Cosecha Grande,,"hojas de punto de venta, cuenta poscdreamscanbloom (Drive)"
2026-07-25,30,Jardines,Edicion Especial Lisianthus,1,75000,75000,Datafono,Edicion Especial Lisianthus,,"hojas de punto de venta, cuenta poscdreamscanbloom (Drive)"
2026-07-25,30,Jardines,Paquete ammi majus,1,45000,45000,Transferencia,,,"hojas de punto de venta, cuenta poscdreamscanbloom (Drive)"
2026-07-25,30,Jardines,Paquete ammi majus,2,45000,90000,Datafono,,,"hojas de punto de venta, cuenta poscdreamscanbloom (Drive)"
2026-07-25,30,Jardines,Paquete celosias dream mix,1,50000,50000,Transferencia,Paquete celosias dream mix,,"hojas de punto de venta, cuenta poscdreamscanbloom (Drive)"
2026-07-25,30,Jardines,Paquete lisianthus solo,1,50000,0,Salida por daño,Paquete lisianthus solo,,"hojas de punto de venta, cuenta poscdreamscanbloom (Drive)"
2026-07-25,30,Jardines,Paquete matricarias snowball,1,40000,40000,Datafono,,,"hojas de punto de venta, cuenta poscdreamscanbloom (Drive)"
2026-07-25,30,Jardines,Paquete matricarias snowball,1,40000,40000,Efectivo,,,"hojas de punto de venta, cuenta poscdreamscanbloom (Drive)"
2026-07-25,30,Jardines,Paquete matricarias snowball,1,40000,40000,Transferencia,,,"hojas de punto de venta, cuenta poscdreamscanbloom (Drive)"
2026-07-25,30,Jardines,Paquete matricarias snowball,1,40000,40000,Datafono,,,"hojas de punto de venta, cuenta poscdreamscanbloom (Drive)"
2026-07-25,30,Jardines,Paquete statice lilac dreams,1,40000,0,Salida por daño,,,"hojas de punto de venta, cuenta poscdreamscanbloom (Drive)"
2026-07-25,30,Jardines,Zinnias,1,50000,50000,Datafono,,,"hojas de punto de venta, cuenta poscdreamscanbloom (Drive)"
2026-07-25,30,Jardines,Zinnias,1,50000,50000,Transferencia,,dusty,"hojas de punto de venta, cuenta poscdreamscanbloom (Drive)"
2026-07-25,30,Online,Event ammi majus 10 tallos,1,38000,38000,Transferencia,,FE-1827,"hojas de punto de venta, cuenta poscdreamscanbloom (Drive)"
2026-07-25,30,Online,Event bocas de dragon 10 tallos,2,32300,64600,Transferencia,,FE-1827,"hojas de punto de venta, cuenta poscdreamscanbloom (Drive)"
2026-07-25,30,Online,Event celosias dream,2,38250,76500,Transferencia,,FE-1827,"hojas de punto de venta, cuenta poscdreamscanbloom (Drive)"
2026-07-25,30,Online,Event celosias dream,3,38250,114750,Transferencia,,FE-1839,"hojas de punto de venta, cuenta poscdreamscanbloom (Drive)"
2026-07-25,30,Online,Event gomphenas blancas,1,38250,38250,Transferencia,Event gomphenas blancas,FE-1827,"hojas de punto de venta, cuenta poscdreamscanbloom (Drive)"
2026-07-25,30,Online,Event lisianthus 5 tallos,20,42500,850000,Transferencia,,FE-1839,"hojas de punto de venta, cuenta poscdreamscanbloom (Drive)"
2026-07-25,30,Online,Event statice ruso solo,1,40000,40000,Transferencia,,FE-1827,"hojas de punto de venta, cuenta poscdreamscanbloom (Drive)"
2026-07-25,30,Online,Event strawflower dreams 10 tallos,2,38250,76500,Transferencia,,FE-1827,"hojas de punto de venta, cuenta poscdreamscanbloom (Drive)"
2026-07-25,30,Online,Gomphrenas,1,45000,45000,Transferencia,Gomphrenas (paquete grande),FE-1850,"hojas de punto de venta, cuenta poscdreamscanbloom (Drive)"
2026-07-25,30,Online,Matricaria,1,45000,38250,Transferencia,,FE-1827,"hojas de punto de venta, cuenta poscdreamscanbloom (Drive)"
2026-07-25,30,Online,Paquete gomphenas salmon rose,4,45000,153000,Transferencia,Paquete gomphenas salmon rose,FE-1839,"hojas de punto de venta, cuenta poscdreamscanbloom (Drive)"
2026-07-25,30,San Lucas,Bocas de dragon,1,38000,38000,Transferencia,Bocas de dragón (paquete),,"hojas de punto de venta, cuenta poscdreamscanbloom (Drive)"
2026-07-25,30,San Lucas,Campanula,1,50000,50000,Efectivo,Campanula (paquete),"Dusty, colitas de conejo y celosías cresta","hojas de punto de venta, cuenta poscdreamscanbloom (Drive)"
2026-07-25,30,San Lucas,Campanula,1,50000,50000,Datafono,Campanula (paquete),"Dusty, colitas de conejo y celosías crestas","hojas de punto de venta, cuenta poscdreamscanbloom (Drive)"
2026-07-25,30,San Lucas,Cosecha Pequeño,1,105000,105000,Transferencia,Cosecha Pequeño,,"hojas de punto de venta, cuenta poscdreamscanbloom (Drive)"
2026-07-25,30,San Lucas,Greenery con lisianthus,1,75000,75000,Efectivo,,,"hojas de punto de venta, cuenta poscdreamscanbloom (Drive)"
2026-07-25,30,San Lucas,Matricaria,1,45000,45000,Datafono,,,"hojas de punto de venta, cuenta poscdreamscanbloom (Drive)"
2026-07-25,30,San Lucas,Paquete celosias dream mix,2,50000,100000,Transferencia,Paquete celosias dream mix,,"hojas de punto de venta, cuenta poscdreamscanbloom (Drive)"
2026-07-25,30,San Lucas,Paquete gomphenas salmon rose,1,45000,45000,Datafono,Paquete gomphenas salmon rose,,"hojas de punto de venta, cuenta poscdreamscanbloom (Drive)"
2026-07-25,30,Tesoro,Bocas de dragon,1,38000,38000,Datafono,Bocas de dragón (paquete),,"hojas de punto de venta, cuenta poscdreamscanbloom (Drive)"
2026-07-25,30,Tesoro,Bocas de dragon,1,38000,38000,Datafono,Bocas de dragón (paquete),,"hojas de punto de venta, cuenta poscdreamscanbloom (Drive)"
2026-07-25,30,Tesoro,Bocas de dragon,1,38000,38000,Datafono,Bocas de dragón (paquete),,"hojas de punto de venta, cuenta poscdreamscanbloom (Drive)"
2026-07-25,30,Tesoro,Bocas de dragon,1,38000,38000,Transferencia,Bocas de dragón (paquete),,"hojas de punto de venta, cuenta poscdreamscanbloom (Drive)"
2026-07-25,30,Tesoro,Bocas de dragon y plumas,1,50000,50000,Efectivo,,,"hojas de punto de venta, cuenta poscdreamscanbloom (Drive)"
2026-07-25,30,Tesoro,Paquete de lisianthus solo,1,60000,51000,Datafono,,,"hojas de punto de venta, cuenta poscdreamscanbloom (Drive)"
2026-07-26,30,Jardines,Bocas de dragon,3,38000,114000,Efectivo,Bocas de dragón (paquete),,"hojas de punto de venta, cuenta poscdreamscanbloom (Drive)"
2026-07-26,30,Jardines,Bouquet forever Dream grande,1,140000,140000,Efectivo,,,"hojas de punto de venta, cuenta poscdreamscanbloom (Drive)"
2026-07-26,30,Jardines,Bouquet forever Dream mediano,1,120000,120000,Efectivo,,,"hojas de punto de venta, cuenta poscdreamscanbloom (Drive)"
2026-07-26,30,Jardines,Bouquet forever Dream pequeño,1,85000,85000,Datafono,,,"hojas de punto de venta, cuenta poscdreamscanbloom (Drive)"
2026-07-26,30,Jardines,Bouquet forever Dream pequeño,1,85000,85000,Efectivo,,,"hojas de punto de venta, cuenta poscdreamscanbloom (Drive)"
2026-07-26,30,San Lucas,Bocas de dragon,1,38000,30400,Datafono,Bocas de dragón (paquete),,"hojas de punto de venta, cuenta poscdreamscanbloom (Drive)"
2026-07-26,30,San Lucas,Cosecha Grande,1,125000,125000,Datafono,Cosecha Grande,,"hojas de punto de venta, cuenta poscdreamscanbloom (Drive)"
2026-07-26,30,San Lucas,Paquete ammi majus,1,45000,45000,Efectivo,,,"hojas de punto de venta, cuenta poscdreamscanbloom (Drive)"
2026-07-26,30,San Lucas,Paquete celosias dream mix,1,50000,50000,Transferencia,Paquete celosias dream mix,,"hojas de punto de venta, cuenta poscdreamscanbloom (Drive)"
2026-07-26,30,Tesoro,Edicion Especial Lisianthus,1,75000,75000,Efectivo,Edicion Especial Lisianthus,,"hojas de punto de venta, cuenta poscdreamscanbloom (Drive)"
2026-07-26,30,Tesoro,Paquete celosias dream mix,2,50000,0,Salida por daño,Paquete celosias dream mix,,"hojas de punto de venta, cuenta poscdreamscanbloom (Drive)"
2026-07-26,30,Tesoro,Paquete statice dream mix,2,40000,0,Salida por daño,,,"hojas de punto de venta, cuenta poscdreamscanbloom (Drive)"
2026-07-27,31,Jardines,Bocas de dragon y statice,1,45000,45000,Efectivo,,Dusty y cola de conejo 50.000,"hojas de punto de venta, cuenta poscdreamscanbloom (Drive)"
2026-07-27,31,Jardines,Cosecha Grande,1,125000,125000,Datafono,Cosecha Grande,,"hojas de punto de venta, cuenta poscdreamscanbloom (Drive)"
2026-07-27,31,Jardines,Cosecha Pequeño,1,105000,105000,Transferencia,Cosecha Pequeño,,"hojas de punto de venta, cuenta poscdreamscanbloom (Drive)"
2026-07-27,31,Jardines,Edicion Especial Lisianthus,1,75000,75000,Efectivo,Edicion Especial Lisianthus,,"hojas de punto de venta, cuenta poscdreamscanbloom (Drive)"
2026-07-27,31,Jardines,Edicion Especial Lisianthus,1,75000,71250,Efectivo,Edicion Especial Lisianthus,Paga 70.000,"hojas de punto de venta, cuenta poscdreamscanbloom (Drive)"
2026-07-27,31,Jardines,Paquete lisianthus solo,1,50000,50000,Datafono,Paquete lisianthus solo,Paga 60.000,"hojas de punto de venta, cuenta poscdreamscanbloom (Drive)"
2026-07-27,31,Online,Bocas de dragon y plumas,1,50000,50000,Transferencia,,FE-1854,"hojas de punto de venta, cuenta poscdreamscanbloom (Drive)"
2026-07-27,31,Online,Bouquet  Dream Land,1,285000,285000,Transferencia,,FE-1852,"hojas de punto de venta, cuenta poscdreamscanbloom (Drive)"
2026-07-27,31,Online,Celosias plumosas,1,50000,50000,Transferencia,Celosias plumosas,FE-1851,"hojas de punto de venta, cuenta poscdreamscanbloom (Drive)"
2026-07-27,31,Online,Cosecha Grande,1,125000,125000,Transferencia,Cosecha Grande,FE-1855,"hojas de punto de venta, cuenta poscdreamscanbloom (Drive)"
2026-07-27,31,Online,Cosecha Grande,1,125000,125000,Transferencia,Cosecha Grande,FE-1856,"hojas de punto de venta, cuenta poscdreamscanbloom (Drive)"
2026-07-27,31,Online,Cosecha Pequeño,1,105000,105000,Transferencia,Cosecha Pequeño,FE-1852,"hojas de punto de venta, cuenta poscdreamscanbloom (Drive)"
2026-07-27,31,Online,Cosecha Pequeño,1,105000,105000,Transferencia,Cosecha Pequeño,FE-1853,"hojas de punto de venta, cuenta poscdreamscanbloom (Drive)"
2026-07-27,31,Online,Paquete lisianthus solo,2,50000,100000,Transferencia,Paquete lisianthus solo,FE-1854,"hojas de punto de venta, cuenta poscdreamscanbloom (Drive)"
2026-07-27,31,Online,Paquete lisianthus solo,3,50000,150000,Transferencia,Paquete lisianthus solo,FE-1857,"hojas de punto de venta, cuenta poscdreamscanbloom (Drive)"
2026-07-27,31,Online,Paquete statice dream mix,1,40000,40000,Transferencia,,FE-1851,"hojas de punto de venta, cuenta poscdreamscanbloom (Drive)"
2026-07-27,31,San Lucas,Bocas de dragon,1,38000,38000,Transferencia,Bocas de dragón (paquete),,"hojas de punto de venta, cuenta poscdreamscanbloom (Drive)"
2026-07-27,31,San Lucas,Bocas de dragon,3,38000,0,Salida por daño,Bocas de dragón (paquete),,"hojas de punto de venta, cuenta poscdreamscanbloom (Drive)"
2026-07-27,31,San Lucas,Bocas de dragon y plumas,1,50000,0,Online,,,"hojas de punto de venta, cuenta poscdreamscanbloom (Drive)"
2026-07-27,31,San Lucas,Bocas de dragon y plumas,1,50000,0,Online,,,"hojas de punto de venta, cuenta poscdreamscanbloom (Drive)"
2026-07-27,31,San Lucas,Bocas de dragon y plumas,1,50000,0,Online,,,"hojas de punto de venta, cuenta poscdreamscanbloom (Drive)"
2026-07-27,31,San Lucas,Bocas de dragon y statice,3,45000,0,Salida por daño,,,"hojas de punto de venta, cuenta poscdreamscanbloom (Drive)"
2026-07-27,31,San Lucas,Cosecha Grande,1,125000,0,Online,Cosecha Grande,,"hojas de punto de venta, cuenta poscdreamscanbloom (Drive)"
2026-07-27,31,San Lucas,Cosecha Pequeño,1,105000,105000,Efectivo,Cosecha Pequeño,,"hojas de punto de venta, cuenta poscdreamscanbloom (Drive)"
2026-07-27,31,San Lucas,Cosecha Pequeño,1,105000,0,Online,Cosecha Pequeño,,"hojas de punto de venta, cuenta poscdreamscanbloom (Drive)"
2026-07-27,31,San Lucas,Edicion Especial Lisianthus,1,75000,71250,Transferencia,Edicion Especial Lisianthus,,"hojas de punto de venta, cuenta poscdreamscanbloom (Drive)"
2026-07-27,31,San Lucas,Matricaria,1,45000,42750,Transferencia,,,"hojas de punto de venta, cuenta poscdreamscanbloom (Drive)"
2026-07-27,31,San Lucas,Paquete ammi majus,1,45000,45000,Transferencia,,,"hojas de punto de venta, cuenta poscdreamscanbloom (Drive)"
2026-07-27,31,San Lucas,Paquete de lisianthus solo,1,60000,54000,Datafono,,,"hojas de punto de venta, cuenta poscdreamscanbloom (Drive)"
2026-07-27,31,San Lucas,Paquete statice pink dreams,1,40000,0,Online,Paquete statice pink dreams,,"hojas de punto de venta, cuenta poscdreamscanbloom (Drive)"
2026-07-27,31,Tesoro,Bocas de dragon,1,38000,30400,Transferencia,Bocas de dragón (paquete),,"hojas de punto de venta, cuenta poscdreamscanbloom (Drive)"
2026-07-27,31,Tesoro,Bocas de dragon,1,38000,0,Salida por daño,Bocas de dragón (paquete),,"hojas de punto de venta, cuenta poscdreamscanbloom (Drive)"
2026-07-27,31,Tesoro,Bocas de dragon y plumas,1,50000,50000,Transferencia,,"Dusty, colitas de conejo y celosías cresta","hojas de punto de venta, cuenta poscdreamscanbloom (Drive)"
2026-07-27,31,Tesoro,Bocas de dragon y plumas,1,50000,50000,Datafono,,,"hojas de punto de venta, cuenta poscdreamscanbloom (Drive)"
2026-07-27,31,Tesoro,Cosecha Pequeño,1,105000,105000,Datafono,Cosecha Pequeño,,"hojas de punto de venta, cuenta poscdreamscanbloom (Drive)"
2026-07-27,31,Tesoro,Edicion Especial Lisianthus,1,75000,75000,Datafono,Edicion Especial Lisianthus,,"hojas de punto de venta, cuenta poscdreamscanbloom (Drive)"
2026-07-27,31,Tesoro,Paquete ammi majus,1,45000,45000,Transferencia,,,"hojas de punto de venta, cuenta poscdreamscanbloom (Drive)"
2026-07-27,31,Tesoro,Paquete gomphrenas rose,1,45000,45000,Datafono,,,"hojas de punto de venta, cuenta poscdreamscanbloom (Drive)"
2026-07-28,31,Del Este,Bocas de dragon,1,38000,38000,Datafono,Bocas de dragón (paquete),,"hojas de punto de venta, cuenta poscdreamscanbloom (Drive)"
2026-07-28,31,Del Este,Bocas de dragon,1,38000,38000,Transferencia,Bocas de dragón (paquete),,"hojas de punto de venta, cuenta poscdreamscanbloom (Drive)"
2026-07-28,31,Del Este,Bocas de dragon,1,38000,38000,Transferencia,Bocas de dragón (paquete),,"hojas de punto de venta, cuenta poscdreamscanbloom (Drive)"
2026-07-28,31,Del Este,Bocas de dragon,1,38000,38000,Datafono,Bocas de dragón (paquete),,"hojas de punto de venta, cuenta poscdreamscanbloom (Drive)"
2026-07-28,31,Del Este,Bocas de dragon y statice,2,45000,90000,Datafono,,"1 paquete de Dusty, Colita conejo","hojas de punto de venta, cuenta poscdreamscanbloom (Drive)"
2026-07-28,31,Del Este,Cosecha Grande,1,125000,125000,Transferencia,Cosecha Grande,,"hojas de punto de venta, cuenta poscdreamscanbloom (Drive)"
2026-07-28,31,Del Este,Cosecha Grande,1,125000,125000,Datafono,Cosecha Grande,,"hojas de punto de venta, cuenta poscdreamscanbloom (Drive)"
2026-07-28,31,Del Este,Matricaria,1,45000,45000,Transferencia,,,"hojas de punto de venta, cuenta poscdreamscanbloom (Drive)"
2026-07-28,31,Del Este,Matricaria,1,45000,45000,Transferencia,,,"hojas de punto de venta, cuenta poscdreamscanbloom (Drive)"
2026-07-28,31,Del Este,Paquete de lisianthus solo,1,60000,60000,Efectivo,,,"hojas de punto de venta, cuenta poscdreamscanbloom (Drive)"
2026-07-28,31,Jardines,Bocas de dragon,1,38000,38000,Efectivo,Bocas de dragón (paquete),,"hojas de punto de venta, cuenta poscdreamscanbloom (Drive)"
2026-07-28,31,Jardines,Bocas de dragon,2,38000,76000,Efectivo,Bocas de dragón (paquete),,"hojas de punto de venta, cuenta poscdreamscanbloom (Drive)"
2026-07-28,31,Jardines,Bocas de dragon,1,38000,38000,Transferencia,Bocas de dragón (paquete),,"hojas de punto de venta, cuenta poscdreamscanbloom (Drive)"
2026-07-28,31,Jardines,Bocas de dragon y statice,1,45000,0,Salida por daño,,,"hojas de punto de venta, cuenta poscdreamscanbloom (Drive)"
2026-07-28,31,Jardines,Cosecha Grande,1,125000,112500,Transferencia,Cosecha Grande,,"hojas de punto de venta, cuenta poscdreamscanbloom (Drive)"
2026-07-28,31,Jardines,Zinnias,1,50000,50000,Efectivo,,dusty,"hojas de punto de venta, cuenta poscdreamscanbloom (Drive)"
2026-07-28,31,Jardines,Zinnias,1,50000,50000,Efectivo,,dusty,"hojas de punto de venta, cuenta poscdreamscanbloom (Drive)"
2026-07-28,31,Online,Bocas de dragon,8,38000,304000,Transferencia,Bocas de dragón (paquete),FE-1866,"hojas de punto de venta, cuenta poscdreamscanbloom (Drive)"
2026-07-28,31,Online,Bocas de dragon y plumas,1,50000,50000,Transferencia,,FE-1864,"hojas de punto de venta, cuenta poscdreamscanbloom (Drive)"
2026-07-28,31,Online,Celosias plumosas,4,50000,200000,Transferencia,Celosias plumosas,FE-1866,"hojas de punto de venta, cuenta poscdreamscanbloom (Drive)"
2026-07-28,31,Online,Centro de mesa pequeño,1,145000,145000,Transferencia,Centro de mesa pequeño,FE-1858,"hojas de punto de venta, cuenta poscdreamscanbloom (Drive)"
2026-07-28,31,Online,Cosecha Grande,1,125000,125000,Transferencia,Cosecha Grande,FE-1860,"hojas de punto de venta, cuenta poscdreamscanbloom (Drive)"
2026-07-28,31,Online,Cosecha Pequeño,1,105000,89250,Transferencia,Cosecha Pequeño,FE-1862,"hojas de punto de venta, cuenta poscdreamscanbloom (Drive)"
2026-07-28,31,Online,Cosecha Pequeño,1,105000,105000,Transferencia,Cosecha Pequeño,,"hojas de punto de venta, cuenta poscdreamscanbloom (Drive)"
2026-07-28,31,Online,Dahlias,2,70000,140000,Transferencia,,FE-1866,"hojas de punto de venta, cuenta poscdreamscanbloom (Drive)"
2026-07-28,31,Online,Dusty miller con colitas de conejo,1,45000,45000,Transferencia,,FE-1859,"hojas de punto de venta, cuenta poscdreamscanbloom (Drive)"
2026-07-28,31,Online,Dusty miller con colitas de conejo,2,45000,90000,Transferencia,,FE-1866,"hojas de punto de venta, cuenta poscdreamscanbloom (Drive)"
2026-07-28,31,Online,Edicion Especial Lisianthus,1,75000,75000,Transferencia,Edicion Especial Lisianthus,FE-1863,"hojas de punto de venta, cuenta poscdreamscanbloom (Drive)"
2026-07-28,31,Online,Event bocas de dragon 10 tallos,2,32300,64600,Transferencia,,FE-1861,"hojas de punto de venta, cuenta poscdreamscanbloom (Drive)"
2026-07-28,31,Online,Event gomphenas rose 30 tallos,2,38250,76500,Transferencia,Event gomphenas rose 30 tallos,FE-1861,"hojas de punto de venta, cuenta poscdreamscanbloom (Drive)"
2026-07-28,31,Online,Event lisianthus 5 tallos,2,42500,85000,Transferencia,,FE-1861,"hojas de punto de venta, cuenta poscdreamscanbloom (Drive)"
2026-07-28,31,Online,Event zinnias 10 tallos,3,45000,135000,Transferencia,,FE-1861,"hojas de punto de venta, cuenta poscdreamscanbloom (Drive)"
2026-07-28,31,Online,Matricaria,4,45000,180000,Transferencia,,FE-1866,"hojas de punto de venta, cuenta poscdreamscanbloom (Drive)"
2026-07-28,31,Online,Paquete ammi majus,4,45000,180000,Transferencia,,FE-1866,"hojas de punto de venta, cuenta poscdreamscanbloom (Drive)"
2026-07-28,31,Online,Paquete lisianthus solo,6,50000,300000,Transferencia,Paquete lisianthus solo,FE-1866,"hojas de punto de venta, cuenta poscdreamscanbloom (Drive)"
2026-07-28,31,San Lucas,Cosecha Grande,2,125000,250000,Transferencia,Cosecha Grande,Se convierte en una pequeña,"hojas de punto de venta, cuenta poscdreamscanbloom (Drive)"
2026-07-28,31,San Lucas,Paquete ammi majus,1,45000,45000,Efectivo,,,"hojas de punto de venta, cuenta poscdreamscanbloom (Drive)"
2026-07-28,31,Tesoro,Bocas de dragon,1,38000,38000,Efectivo,Bocas de dragón (paquete),,"hojas de punto de venta, cuenta poscdreamscanbloom (Drive)"
2026-07-28,31,Tesoro,Bocas de dragon y plumas,1,50000,50000,Datafono,,Pago 55.000,"hojas de punto de venta, cuenta poscdreamscanbloom (Drive)"
2026-07-28,31,Tesoro,Cosecha Grande,1,125000,125000,Datafono,Cosecha Grande,,"hojas de punto de venta, cuenta poscdreamscanbloom (Drive)"
2026-07-28,31,Tesoro,Matricaria,1,45000,45000,Transferencia,,,"hojas de punto de venta, cuenta poscdreamscanbloom (Drive)"
2026-07-28,31,Tesoro,Paquete ammi majus,1,45000,45000,Transferencia,,Paga 40.000,"hojas de punto de venta, cuenta poscdreamscanbloom (Drive)"
2026-07-29,31,Del Este,Bocas de dragon,2,38000,0,Salida por daño,Bocas de dragón (paquete),"se usan para retocar paquetes Statice, boca y cosechas","hojas de punto de venta, cuenta poscdreamscanbloom (Drive)"
2026-07-29,31,Del Este,Bocas de dragon,2,38000,76000,Transferencia,Bocas de dragón (paquete),,"hojas de punto de venta, cuenta poscdreamscanbloom (Drive)"
2026-07-29,31,Del Este,Bocas de dragon y plumas,1,50000,0,Online,,,"hojas de punto de venta, cuenta poscdreamscanbloom (Drive)"
2026-07-29,31,Del Este,Bocas de dragon y plumas,2,50000,0,Salida por daño,,,"hojas de punto de venta, cuenta poscdreamscanbloom (Drive)"
2026-07-29,31,Del Este,Bocas de dragon y statice,1,45000,45000,Transferencia,,,"hojas de punto de venta, cuenta poscdreamscanbloom (Drive)"
2026-07-29,31,Del Este,Cosecha Grande,2,125000,0,Online,Cosecha Grande,,"hojas de punto de venta, cuenta poscdreamscanbloom (Drive)"
2026-07-29,31,Del Este,Cosecha Pequeño,1,105000,0,Online,Cosecha Pequeño,,"hojas de punto de venta, cuenta poscdreamscanbloom (Drive)"
2026-07-29,31,Del Este,Dusty miller con colitas de conejo,1,45000,45000,Transferencia,,,"hojas de punto de venta, cuenta poscdreamscanbloom (Drive)"
2026-07-29,31,Del Este,Dusty miller con colitas de conejo,1,45000,45000,Transferencia,,,"hojas de punto de venta, cuenta poscdreamscanbloom (Drive)"
2026-07-29,31,Del Este,Edicion especial lisianthus,1,75000,0,Online,Edicion Especial Lisianthus,,"hojas de punto de venta, cuenta poscdreamscanbloom (Drive)"
2026-07-29,31,Del Este,Edicion especial lisianthus,1,75000,75000,Transferencia,Edicion Especial Lisianthus,,"hojas de punto de venta, cuenta poscdreamscanbloom (Drive)"
2026-07-29,31,Del Este,Matricaria,1,45000,45000,Transferencia,,,"hojas de punto de venta, cuenta poscdreamscanbloom (Drive)"
2026-07-29,31,Del Este,Paquete ammi majus,1,45000,45000,Transferencia,,,"hojas de punto de venta, cuenta poscdreamscanbloom (Drive)"
2026-07-29,31,Del Este,Paquete celosias dream mix,1,50000,0,Salida por daño,Paquete celosias dream mix,se usa para un domicilio de plumas y boca,"hojas de punto de venta, cuenta poscdreamscanbloom (Drive)"
2026-07-29,31,Del Este,Paquete de lisianthus solo,1,60000,0,Online,,,"hojas de punto de venta, cuenta poscdreamscanbloom (Drive)"
2026-07-29,31,Del Este,Paquete de lisianthus solo,1,60000,60000,Transferencia,,,"hojas de punto de venta, cuenta poscdreamscanbloom (Drive)"
2026-07-29,31,Jardines,Bocas de dragon,1,38000,38000,Datafono,Bocas de dragón (paquete),,"hojas de punto de venta, cuenta poscdreamscanbloom (Drive)"
2026-07-29,31,Jardines,Bocas de dragon,1,38000,38000,Transferencia,Bocas de dragón (paquete),,"hojas de punto de venta, cuenta poscdreamscanbloom (Drive)"
2026-07-29,31,Jardines,Bocas de dragon,1,38000,0,Salida por daño,Bocas de dragón (paquete),,"hojas de punto de venta, cuenta poscdreamscanbloom (Drive)"
2026-07-29,31,Jardines,Bouquet forever Dream pequeño,1,85000,85000,Datafono,,,"hojas de punto de venta, cuenta poscdreamscanbloom (Drive)"
2026-07-29,31,Jardines,Cosecha Grande,1,125000,125000,Datafono,Cosecha Grande,,"hojas de punto de venta, cuenta poscdreamscanbloom (Drive)"
2026-07-29,31,Jardines,Cosecha Grande,1,125000,112500,Transferencia,Cosecha Grande,,"hojas de punto de venta, cuenta poscdreamscanbloom (Drive)"
2026-07-29,31,Jardines,Cosecha Grande,1,125000,125000,Datafono,Cosecha Grande,,"hojas de punto de venta, cuenta poscdreamscanbloom (Drive)"
2026-07-29,31,Jardines,Cosecha Pequeño,2,105000,178500,Datafono,Cosecha Pequeño,,"hojas de punto de venta, cuenta poscdreamscanbloom (Drive)"
2026-07-29,31,Jardines,Cosecha Pequeño,1,105000,105000,Datafono,Cosecha Pequeño,,"hojas de punto de venta, cuenta poscdreamscanbloom (Drive)"
2026-07-29,31,Jardines,Cosecha Pequeño,1,105000,89250,Transferencia,Cosecha Pequeño,,"hojas de punto de venta, cuenta poscdreamscanbloom (Drive)"
2026-07-29,31,Online,Bocas de dragon y plumas,1,50000,50000,Transferencia,,FE-1868,"hojas de punto de venta, cuenta poscdreamscanbloom (Drive)"
2026-07-29,31,Online,Bocas de dragon y plumas,1,50000,50000,Transferencia,,FE-1871,"hojas de punto de venta, cuenta poscdreamscanbloom (Drive)"
2026-07-29,31,Online,Boutonnieres,6,21000,126000,Transferencia,,FE-1870,"hojas de punto de venta, cuenta poscdreamscanbloom (Drive)"
2026-07-29,31,Online,Cosecha Grande,1,125000,125000,Transferencia,Cosecha Grande,FE-1867,"hojas de punto de venta, cuenta poscdreamscanbloom (Drive)"
2026-07-29,31,Online,Cosecha Grande,1,125000,125000,Transferencia,Cosecha Grande,FE-1869,"hojas de punto de venta, cuenta poscdreamscanbloom (Drive)"
2026-07-29,31,Online,Cosecha Pequeño,1,105000,105000,Transferencia,Cosecha Pequeño,FE-1872,"hojas de punto de venta, cuenta poscdreamscanbloom (Drive)"
2026-07-29,31,Online,Event dahlias 10 tallos,1,60000,60000,Transferencia,,FE-1873,"hojas de punto de venta, cuenta poscdreamscanbloom (Drive)"
2026-07-29,31,Online,Paquete lisianthus solo,1,50000,50000,Transferencia,Paquete lisianthus solo,FE-1871,"hojas de punto de venta, cuenta poscdreamscanbloom (Drive)"
2026-07-29,31,Online,Yugo grande,1,,0,Transferencia,Yugo grande,FE-1870,"hojas de punto de venta, cuenta poscdreamscanbloom (Drive)"
2026-07-29,31,San Lucas,Bocas de dragon,1,38000,38000,Transferencia,Bocas de dragón (paquete),,"hojas de punto de venta, cuenta poscdreamscanbloom (Drive)"
2026-07-29,31,San Lucas,Cosecha Pequeño,1,105000,99750,Datafono,Cosecha Pequeño,Paga 100. 000,"hojas de punto de venta, cuenta poscdreamscanbloom (Drive)"
2026-07-29,31,San Lucas,Edicion Especial Lisianthus,1,75000,75000,Transferencia,Edicion Especial Lisianthus,,"hojas de punto de venta, cuenta poscdreamscanbloom (Drive)"
2026-07-29,31,Tesoro,Bocas de dragon y plumas,1,50000,45000,Efectivo,,,"hojas de punto de venta, cuenta poscdreamscanbloom (Drive)"
2026-07-29,31,Tesoro,Matricaria,1,45000,38250,Efectivo,,,"hojas de punto de venta, cuenta poscdreamscanbloom (Drive)"
2026-07-29,31,Tesoro,Paquete celosias cristata y green ball,1,70000,59500,Efectivo,,,"hojas de punto de venta, cuenta poscdreamscanbloom (Drive)"
2026-07-30,31,Del Este,Bocas de dragon,1,38000,0,Salida por daño,Bocas de dragón (paquete),,"hojas de punto de venta, cuenta poscdreamscanbloom (Drive)"
2026-07-30,31,Del Este,Bocas de dragon,1,38000,34200,Transferencia,Bocas de dragón (paquete),,"hojas de punto de venta, cuenta poscdreamscanbloom (Drive)"
2026-07-30,31,Del Este,Bocas de dragon y plumas,1,50000,0,Salida por daño,,,"hojas de punto de venta, cuenta poscdreamscanbloom (Drive)"
2026-07-30,31,Del Este,Bocas de dragon y statice,1,45000,45000,Efectivo,,,"hojas de punto de venta, cuenta poscdreamscanbloom (Drive)"
2026-07-30,31,Del Este,Edicion Especial Lisianthus,1,75000,67500,Datafono,Edicion Especial Lisianthus,,"hojas de punto de venta, cuenta poscdreamscanbloom (Drive)"
2026-07-30,31,Del Este,Edicion Especial Lisianthus,1,75000,75000,Datafono,Edicion Especial Lisianthus,,"hojas de punto de venta, cuenta poscdreamscanbloom (Drive)"
2026-07-30,31,Del Este,Edicion Especial Lisianthus,1,75000,75000,Datafono,Edicion Especial Lisianthus,,"hojas de punto de venta, cuenta poscdreamscanbloom (Drive)"
2026-07-30,31,Del Este,Paquete celosias dream mix,2,50000,0,Salida por daño,Paquete celosias dream mix,,"hojas de punto de venta, cuenta poscdreamscanbloom (Drive)"
2026-07-30,31,Del Este,Paquete de lisianthus solo,1,60000,60000,Datafono,,,"hojas de punto de venta, cuenta poscdreamscanbloom (Drive)"
2026-07-30,31,Del Este,Paquete de lisianthus solo,1,60000,60000,Efectivo,,,"hojas de punto de venta, cuenta poscdreamscanbloom (Drive)"
2026-07-30,31,Jardines,Bocas de dragon y statice,1,45000,45000,Transferencia,,Paga 55.000,"hojas de punto de venta, cuenta poscdreamscanbloom (Drive)"
2026-07-30,31,Jardines,Bouquet Greenery,2,90000,180000,Transferencia,,75.000 cada uno,"hojas de punto de venta, cuenta poscdreamscanbloom (Drive)"
2026-07-30,31,Jardines,Celosias plumosas,1,50000,50000,Datafono,Celosias plumosas,,"hojas de punto de venta, cuenta poscdreamscanbloom (Drive)"
2026-07-30,31,Jardines,Dusty miller con colitas de conejo,1,45000,45000,Datafono,,Paga 50.000,"hojas de punto de venta, cuenta poscdreamscanbloom (Drive)"
2026-07-30,31,Jardines,Paquete lisianthus solo,1,50000,50000,Datafono,Paquete lisianthus solo,Paga 60,"hojas de punto de venta, cuenta poscdreamscanbloom (Drive)"
2026-07-30,31,Jardines,Paquete statice pink dreams,1,40000,40000,Transferencia,Paquete statice pink dreams,,"hojas de punto de venta, cuenta poscdreamscanbloom (Drive)"
2026-07-30,31,Jardines,Paquete statice pink dreams,1,40000,40000,Efectivo,Paquete statice pink dreams,,"hojas de punto de venta, cuenta poscdreamscanbloom (Drive)"
2026-07-30,31,Online,Bocas de dragon,1,38000,19000,Transferencia,Bocas de dragón (paquete),FE-1877,"hojas de punto de venta, cuenta poscdreamscanbloom (Drive)"
2026-07-30,31,Online,Bocas de dragon,1,38000,38000,Transferencia,Bocas de dragón (paquete),FE-1878,"hojas de punto de venta, cuenta poscdreamscanbloom (Drive)"
2026-07-30,31,Online,Bouquet forever Dream grande,1,140000,140000,Transferencia,,FE-1882,"hojas de punto de venta, cuenta poscdreamscanbloom (Drive)"
2026-07-30,31,Online,Boutonnieres,5,21000,105000,Transferencia,,FE-1874,"hojas de punto de venta, cuenta poscdreamscanbloom (Drive)"
2026-07-30,31,Online,Cosecha Grande,1,125000,125000,Transferencia,Cosecha Grande,FE-1879,"hojas de punto de venta, cuenta poscdreamscanbloom (Drive)"
2026-07-30,31,Online,Cosecha Grande,1,125000,106250,Transferencia,Cosecha Grande,FE-1883,"hojas de punto de venta, cuenta poscdreamscanbloom (Drive)"
2026-07-30,31,Online,Cosecha Pequeño,1,105000,105000,Transferencia,Cosecha Pequeño,FE-1880,"hojas de punto de venta, cuenta poscdreamscanbloom (Drive)"
2026-07-30,31,Online,Edicion Especial Lisianthus,1,75000,75000,Transferencia,Edicion Especial Lisianthus,FE-1875,"hojas de punto de venta, cuenta poscdreamscanbloom (Drive)"
2026-07-30,31,Online,Edicion Especial Lisianthus,1,75000,75000,Transferencia,Edicion Especial Lisianthus,FE-1877,"hojas de punto de venta, cuenta poscdreamscanbloom (Drive)"
2026-07-30,31,Online,Event bocas de dragon 10 tallos,3,32300,96900,Transferencia,,FE-1881,"hojas de punto de venta, cuenta poscdreamscanbloom (Drive)"
2026-07-30,31,Online,Event lisianthus 5 tallos,5,42500,212500,Transferencia,,FE-1881,"hojas de punto de venta, cuenta poscdreamscanbloom (Drive)"
2026-07-30,31,Online,Paquete ammi majus,4,45000,180000,Transferencia,,FE-1881,"hojas de punto de venta, cuenta poscdreamscanbloom (Drive)"
2026-07-30,31,Online,Paquete lisianthus solo,3,50000,150000,Transferencia,Paquete lisianthus solo,FE-1876,"hojas de punto de venta, cuenta poscdreamscanbloom (Drive)"
2026-07-30,31,Online,Yugo pequeño,1,155400,155400,Transferencia,Yugo pequeño,FE-1874,"hojas de punto de venta, cuenta poscdreamscanbloom (Drive)"
2026-07-30,31,San Lucas,Bocas de dragon,1,38000,0,Online,Bocas de dragón (paquete),,"hojas de punto de venta, cuenta poscdreamscanbloom (Drive)"
2026-07-30,31,San Lucas,Bocas de dragon y plumas,1,50000,0,Online,,,"hojas de punto de venta, cuenta poscdreamscanbloom (Drive)"
2026-07-30,31,San Lucas,Bocas de dragon y plumas,1,50000,50000,Datafono,,,"hojas de punto de venta, cuenta poscdreamscanbloom (Drive)"
2026-07-30,31,San Lucas,Cosecha Grande,2,125000,0,Online,Cosecha Grande,,"hojas de punto de venta, cuenta poscdreamscanbloom (Drive)"
2026-07-30,31,San Lucas,Cosecha Pequeño,1,105000,0,Online,Cosecha Pequeño,,"hojas de punto de venta, cuenta poscdreamscanbloom (Drive)"
2026-07-30,31,San Lucas,Paquete celosias dream mix,1,50000,50000,Datafono,Paquete celosias dream mix,,"hojas de punto de venta, cuenta poscdreamscanbloom (Drive)"
2026-07-30,31,San Lucas,Paquete statice dream mix,1,40000,40000,Efectivo,,,"hojas de punto de venta, cuenta poscdreamscanbloom (Drive)"
2026-07-30,31,Tesoro,Bocas de dragon,1,38000,38000,Transferencia,Bocas de dragón (paquete),,"hojas de punto de venta, cuenta poscdreamscanbloom (Drive)"
2026-07-30,31,Tesoro,Bocas de dragon y plumas,1,50000,50000,Transferencia,,,"hojas de punto de venta, cuenta poscdreamscanbloom (Drive)"
2026-07-30,31,Tesoro,Cosecha Grande,1,125000,125000,Efectivo,Cosecha Grande,,"hojas de punto de venta, cuenta poscdreamscanbloom (Drive)"
2026-07-30,31,Tesoro,Dusty miller con colitas de conejo,1,45000,45000,Datafono,,,"hojas de punto de venta, cuenta poscdreamscanbloom (Drive)"
2026-07-30,31,Tesoro,Edicion Especial Lisianthus,1,75000,75000,Transferencia,Edicion Especial Lisianthus,,"hojas de punto de venta, cuenta poscdreamscanbloom (Drive)"
2026-07-30,31,Tesoro,Green ball con statice,1,45000,45000,Efectivo,,,"hojas de punto de venta, cuenta poscdreamscanbloom (Drive)"
2026-07-30,31,Tesoro,Paquete celosias dream mix,1,50000,50000,Datafono,Paquete celosias dream mix,,"hojas de punto de venta, cuenta poscdreamscanbloom (Drive)"
2026-07-30,31,Tesoro,Paquete lisianthus solo,1,60000,60000,Transferencia,Paquete lisianthus solo,,"hojas de punto de venta, cuenta poscdreamscanbloom (Drive)"
2026-07-31,31,Del Este,Bocas de dragon,2,38000,0,Salida por daño,Bocas de dragón (paquete),,"hojas de punto de venta, cuenta poscdreamscanbloom (Drive)"
2026-07-31,31,Del Este,Bocas de dragon y statice,1,45000,45000,Transferencia,,,"hojas de punto de venta, cuenta poscdreamscanbloom (Drive)"
2026-07-31,31,Del Este,Bouquet forever Dream pequeño,1,85000,85000,Datafono,,,"hojas de punto de venta, cuenta poscdreamscanbloom (Drive)"
2026-07-31,31,Del Este,Bouquet forever Dream pequeño,1,85000,85000,Transferencia,,,"hojas de punto de venta, cuenta poscdreamscanbloom (Drive)"
2026-07-31,31,Del Este,Cosecha Pequeño,1,105000,105000,Efectivo,Cosecha Pequeño,,"hojas de punto de venta, cuenta poscdreamscanbloom (Drive)"
2026-07-31,31,Del Este,Cosecha Pequeño,1,105000,105000,Datafono,Cosecha Pequeño,,"hojas de punto de venta, cuenta poscdreamscanbloom (Drive)"
2026-07-31,31,Del Este,Edicion Especial Lisianthus,1,75000,75000,Transferencia,Edicion Especial Lisianthus,,"hojas de punto de venta, cuenta poscdreamscanbloom (Drive)"
2026-07-31,31,Del Este,Edicion Especial Lisianthus,1,75000,63750,Obsequio,Edicion Especial Lisianthus,Alicia (descuento nomina),"hojas de punto de venta, cuenta poscdreamscanbloom (Drive)"
2026-07-31,31,Del Este,Edicion Especial Lisianthus,1,75000,63750,Efectivo,Edicion Especial Lisianthus,cliente dijo tenia descuento online 15%,"hojas de punto de venta, cuenta poscdreamscanbloom (Drive)"
2026-07-31,31,Del Este,Paquete celosias dream mix,1,50000,45000,Transferencia,Paquete celosias dream mix,,"hojas de punto de venta, cuenta poscdreamscanbloom (Drive)"
2026-07-31,31,Del Este,Paquete celosias dream mix,1,50000,0,Salida por daño,Paquete celosias dream mix,,"hojas de punto de venta, cuenta poscdreamscanbloom (Drive)"
2026-07-31,31,Jardines,Bocas de dragon,1,38000,38000,Transferencia,Bocas de dragón (paquete),,"hojas de punto de venta, cuenta poscdreamscanbloom (Drive)"
2026-07-31,31,Jardines,Bocas de dragon,1,38000,0,Online,Bocas de dragón (paquete),,"hojas de punto de venta, cuenta poscdreamscanbloom (Drive)"
2026-07-31,31,Jardines,Bocas de dragon,1,38000,38000,Transferencia,Bocas de dragón (paquete),,"hojas de punto de venta, cuenta poscdreamscanbloom (Drive)"
2026-07-31,31,Jardines,Bocas de dragon y plumas,1,50000,0,Salida por daño,,,"hojas de punto de venta, cuenta poscdreamscanbloom (Drive)"
2026-07-31,31,Jardines,Bocas de dragon y statice,1,45000,0,Salida por daño,,,"hojas de punto de venta, cuenta poscdreamscanbloom (Drive)"
2026-07-31,31,Jardines,Bocas de dragon y statice,1,45000,45000,Efectivo,,,"hojas de punto de venta, cuenta poscdreamscanbloom (Drive)"
2026-07-31,31,Jardines,Bouquet forever Dream grande,1,140000,140000,Efectivo,,,"hojas de punto de venta, cuenta poscdreamscanbloom (Drive)"
2026-07-31,31,Jardines,Bouquet forever Dream pequeño,1,85000,85000,Datafono,,,"hojas de punto de venta, cuenta poscdreamscanbloom (Drive)"
2026-07-31,31,Jardines,Cosecha Pequeño,1,105000,105000,Datafono,Cosecha Pequeño,,"hojas de punto de venta, cuenta poscdreamscanbloom (Drive)"
2026-07-31,31,Jardines,Green ball con statice,1,45000,45000,Efectivo,,,"hojas de punto de venta, cuenta poscdreamscanbloom (Drive)"
2026-07-31,31,Jardines,Matricaria,1,45000,45000,Transferencia,,,"hojas de punto de venta, cuenta poscdreamscanbloom (Drive)"
2026-07-31,31,Jardines,Paquete ammobium,1,45000,45000,Datafono,Paquete ammobium,,"hojas de punto de venta, cuenta poscdreamscanbloom (Drive)"
2026-07-31,31,Jardines,Paquete celosias cristata y green ball,2,70000,0,Salida por daño,,,"hojas de punto de venta, cuenta poscdreamscanbloom (Drive)"
2026-07-31,31,Jardines,Paquete celosias dream mix,1,50000,50000,Datafono,Paquete celosias dream mix,,"hojas de punto de venta, cuenta poscdreamscanbloom (Drive)"
2026-07-31,31,Jardines,Paquete gomphenas salmon rose,1,45000,45000,Datafono,Paquete gomphenas salmon rose,,"hojas de punto de venta, cuenta poscdreamscanbloom (Drive)"
2026-07-31,31,Jardines,Paquete gomphenas salmon rose,1,45000,45000,Efectivo,Paquete gomphenas salmon rose,,"hojas de punto de venta, cuenta poscdreamscanbloom (Drive)"
2026-07-31,31,Jardines,Paquete statice lilac dreams,1,40000,0,Salida por daño,,,"hojas de punto de venta, cuenta poscdreamscanbloom (Drive)"
2026-07-31,31,Jardines,Paquete statice lilac dreams,1,40000,30000,Efectivo,,ya estaba empezando a secar,"hojas de punto de venta, cuenta poscdreamscanbloom (Drive)"
2026-07-31,31,Jardines,Sobres,1,9500,9500,Datafono,,,"hojas de punto de venta, cuenta poscdreamscanbloom (Drive)"
2026-07-31,31,Jardines,Zinnias,1,50000,50000,Datafono,,dusty,"hojas de punto de venta, cuenta poscdreamscanbloom (Drive)"
2026-07-31,31,Online,Bocas de dragon,1,38000,32300,Transferencia,Bocas de dragón (paquete),FE-1892,"hojas de punto de venta, cuenta poscdreamscanbloom (Drive)"
2026-07-31,31,Online,Bocas de dragon,1,38000,38000,,Bocas de dragón (paquete),FE-1847,"hojas de punto de venta, cuenta poscdreamscanbloom (Drive)"
2026-07-31,31,Online,Bocas de dragon y plumas,1,50000,42500,Transferencia,,FE-1885,"hojas de punto de venta, cuenta poscdreamscanbloom (Drive)"
2026-07-31,31,Online,Bocas de dragon y plumas,1,50000,42500,Transferencia,,FE-1886,"hojas de punto de venta, cuenta poscdreamscanbloom (Drive)"
2026-07-31,31,Online,Bocas de dragon y plumas,1,50000,42500,Transferencia,,FE-1901,"hojas de punto de venta, cuenta poscdreamscanbloom (Drive)"
2026-07-31,31,Online,Bouquet petit,2,65000,91000,,,FE-1732,"hojas de punto de venta, cuenta poscdreamscanbloom (Drive)"
2026-07-31,31,Online,Celosias plumosas,1,50000,42500,Transferencia,Celosias plumosas,FE-1893,"hojas de punto de venta, cuenta poscdreamscanbloom (Drive)"
2026-07-31,31,Online,Cosecha Grande,2,125000,212500,Transferencia,Cosecha Grande,FE-1887,"hojas de punto de venta, cuenta poscdreamscanbloom (Drive)"
2026-07-31,31,Online,Cosecha Grande,1,125000,106250,Transferencia,Cosecha Grande,FE-1888,"hojas de punto de venta, cuenta poscdreamscanbloom (Drive)"
2026-07-31,31,Online,Cosecha Grande,1,125000,106250,Transferencia,Cosecha Grande,FE-1889,"hojas de punto de venta, cuenta poscdreamscanbloom (Drive)"
2026-07-31,31,Online,Cosecha Grande,1,125000,106250,Transferencia,Cosecha Grande,FE-1894,"hojas de punto de venta, cuenta poscdreamscanbloom (Drive)"
2026-07-31,31,Online,Dusty miller con colitas de conejo,3,45000,87750,,,FE-1924,"hojas de punto de venta, cuenta poscdreamscanbloom (Drive)"
2026-07-31,31,Online,Edicion Especial Lisianthus,1,75000,63750,Transferencia,Edicion Especial Lisianthus,FE-1891,"hojas de punto de venta, cuenta poscdreamscanbloom (Drive)"
2026-07-31,31,Online,Edicion Especial Lisianthus,1,75000,63750,Transferencia,Edicion Especial Lisianthus,FE-1896,"hojas de punto de venta, cuenta poscdreamscanbloom (Drive)"
2026-07-31,31,Online,Edicion especial lisianthus,1,75000,63750,Transferencia,Edicion Especial Lisianthus,FE-1897,"hojas de punto de venta, cuenta poscdreamscanbloom (Drive)"
2026-07-31,31,Online,Event amaranto cascada magenta 10 tll,1,38250,38250,,,FE-1847,"hojas de punto de venta, cuenta poscdreamscanbloom (Drive)"
2026-07-31,31,Online,Event amaranto cascada magenta 10 tll,1,38250,38250,,,FE-1785,"hojas de punto de venta, cuenta poscdreamscanbloom (Drive)"
2026-07-31,31,Online,Event ammi majus 10 tallos,6,38000,228000,,,FE-1924,"hojas de punto de venta, cuenta poscdreamscanbloom (Drive)"
2026-07-31,31,Online,Event ammi majus 10 tallos,1,38000,38000,,,FE-1785,"hojas de punto de venta, cuenta poscdreamscanbloom (Drive)"
2026-07-31,31,Online,Event bocas de dragon 10 tallos,4,32300,129200,,,FE-1924,"hojas de punto de venta, cuenta poscdreamscanbloom (Drive)"
2026-07-31,31,Online,Event bocas de dragon 10 tallos,1,32300,32300,,,FE-1848,"hojas de punto de venta, cuenta poscdreamscanbloom (Drive)"
2026-07-31,31,Online,Event bocas de dragon 10 tallos,1,32300,32300,,,FE-1785,"hojas de punto de venta, cuenta poscdreamscanbloom (Drive)"
2026-07-31,31,Online,Event celosias dream,1,38250,38250,,,FE-1847,"hojas de punto de venta, cuenta poscdreamscanbloom (Drive)"
2026-07-31,31,Online,Event celosias dream,1,38250,38250,,,FE-1785,"hojas de punto de venta, cuenta poscdreamscanbloom (Drive)"
2026-07-31,31,Online,Event dahlias 10 tallos,1,60000,60000,,,FE-1785,"hojas de punto de venta, cuenta poscdreamscanbloom (Drive)"
2026-07-31,31,Online,Event gomphenas blancas,1,38250,38250,,Event gomphenas blancas,FE-1847,"hojas de punto de venta, cuenta poscdreamscanbloom (Drive)"
2026-07-31,31,Online,Event gomphenas blancas,1,38250,38250,,Event gomphenas blancas,FE-1785,"hojas de punto de venta, cuenta poscdreamscanbloom (Drive)"
2026-07-31,31,Online,Event lisianthus 5 tallos,17,42500,722500,,,FE-1924,"hojas de punto de venta, cuenta poscdreamscanbloom (Drive)"
2026-07-31,31,Online,Event lisianthus 5 tallos,2,42500,85000,,,FE-1848,"hojas de punto de venta, cuenta poscdreamscanbloom (Drive)"
2026-07-31,31,Online,Event lisianthus 5 tallos,2,42500,85000,,,FE-1785,"hojas de punto de venta, cuenta poscdreamscanbloom (Drive)"
2026-07-31,31,Online,Event strawflower dreams 10 tallos,3,38250,114750,,,FE-1847,"hojas de punto de venta, cuenta poscdreamscanbloom (Drive)"
2026-07-31,31,Online,Event strawflower dreams 10 tallos,1,38250,38250,,,FE-1785,"hojas de punto de venta, cuenta poscdreamscanbloom (Drive)"
2026-07-31,31,Online,Green ball,2,40000,68000,,Green ball (paquete),FE-1848,"hojas de punto de venta, cuenta poscdreamscanbloom (Drive)"
2026-07-31,31,Online,Matricaria,2,45000,90000,,,FE-1924,"hojas de punto de venta, cuenta poscdreamscanbloom (Drive)"
2026-07-31,31,Online,Paquete ammi y matricaria,2,55000,71500,,,FE-1848,"hojas de punto de venta, cuenta poscdreamscanbloom (Drive)"
2026-07-31,31,Online,Paquete de lisianthus solo,1,60000,51000,Transferencia,,FE-1896,"hojas de punto de venta, cuenta poscdreamscanbloom (Drive)"
2026-07-31,31,Online,Paquete lisianthus solo,2,50000,85000,Transferencia,Paquete lisianthus solo,FE-1890,"hojas de punto de venta, cuenta poscdreamscanbloom (Drive)"
2026-07-31,31,Online,Paquete lisianthus solo,1,50000,42500,Transferencia,Paquete lisianthus solo,FE-1898,"hojas de punto de venta, cuenta poscdreamscanbloom (Drive)"
2026-07-31,31,Online,Paquete lisianthus solo,2,50000,95000,,Paquete lisianthus solo,FE-1847,"hojas de punto de venta, cuenta poscdreamscanbloom (Drive)"
2026-07-31,31,San Lucas,Bocas de dragon y plumas,2,50000,100000,Efectivo,,,"hojas de punto de venta, cuenta poscdreamscanbloom (Drive)"
2026-07-31,31,San Lucas,Edicion especial lisianthus,1,75000,75000,Transferencia,Edicion Especial Lisianthus,,"hojas de punto de venta, cuenta poscdreamscanbloom (Drive)"
2026-07-31,31,San Lucas,Paquete de lisianthus solo,1,60000,60000,Transferencia,,,"hojas de punto de venta, cuenta poscdreamscanbloom (Drive)"
2026-07-31,31,Tesoro,Bocas de dragon,1,38000,38000,Datafono,Bocas de dragón (paquete),,"hojas de punto de venta, cuenta poscdreamscanbloom (Drive)"
2026-07-31,31,Tesoro,Dusty miller con colitas de conejo,1,45000,45000,Transferencia,,,"hojas de punto de venta, cuenta poscdreamscanbloom (Drive)"
2026-07-31,31,Tesoro,Matricaria,1,40000,40000,Efectivo,,,"hojas de punto de venta, cuenta poscdreamscanbloom (Drive)"
2026-08-01,31,Del Este,Bocas de dragon,1,38000,38000,Datafono,Bocas de dragón (paquete),,"hojas de punto de venta, cuenta poscdreamscanbloom (Drive)"
2026-08-01,31,Del Este,Bocas de dragon y plumas,1,50000,50000,Datafono,,Paga 55.000,"hojas de punto de venta, cuenta poscdreamscanbloom (Drive)"
2026-08-01,31,Del Este,Cosecha Grande,1,125000,125000,Datafono,Cosecha Grande,,"hojas de punto de venta, cuenta poscdreamscanbloom (Drive)"
2026-08-01,31,Del Este,Cosecha Pequeño,2,105000,210000,Datafono,Cosecha Pequeño,,"hojas de punto de venta, cuenta poscdreamscanbloom (Drive)"
2026-08-01,31,Del Este,Dusty miller con colitas de conejo,1,45000,45000,Transferencia,,Paga 50.000,"hojas de punto de venta, cuenta poscdreamscanbloom (Drive)"
2026-08-01,31,Del Este,Dusty miller con colitas de conejo,1,45000,45000,Transferencia,,Paga 50.000,"hojas de punto de venta, cuenta poscdreamscanbloom (Drive)"
2026-08-01,31,Del Este,Matricaria,1,45000,45000,Transferencia,,,"hojas de punto de venta, cuenta poscdreamscanbloom (Drive)"
2026-08-01,31,Del Este,Paquete gomphenas salmon rose,1,45000,45000,Datafono,Paquete gomphenas salmon rose,,"hojas de punto de venta, cuenta poscdreamscanbloom (Drive)"
2026-08-01,31,Del Este,Paquete gomphenas salmon rose,1,45000,45000,Transferencia,Paquete gomphenas salmon rose,,"hojas de punto de venta, cuenta poscdreamscanbloom (Drive)"
2026-08-01,31,Jardines,Anemonas,1,65000,65000,Transferencia,,bouquet mini,"hojas de punto de venta, cuenta poscdreamscanbloom (Drive)"
2026-08-01,31,Jardines,Bocas de dragon,1,38000,38000,Transferencia,Bocas de dragón (paquete),,"hojas de punto de venta, cuenta poscdreamscanbloom (Drive)"
2026-08-01,31,Jardines,Bocas de dragon,1,38000,38000,Efectivo,Bocas de dragón (paquete),,"hojas de punto de venta, cuenta poscdreamscanbloom (Drive)"
2026-08-01,31,Jardines,Bocas de dragon,1,38000,38000,Transferencia,Bocas de dragón (paquete),,"hojas de punto de venta, cuenta poscdreamscanbloom (Drive)"
2026-08-01,31,Jardines,Bocas de dragon,1,38000,38000,Datafono,Bocas de dragón (paquete),,"hojas de punto de venta, cuenta poscdreamscanbloom (Drive)"
2026-08-01,31,Jardines,Bocas de dragon,1,38000,38000,Datafono,Bocas de dragón (paquete),,"hojas de punto de venta, cuenta poscdreamscanbloom (Drive)"
2026-08-01,31,Jardines,Bocas de dragon y statice,1,45000,36000,Efectivo,,,"hojas de punto de venta, cuenta poscdreamscanbloom (Drive)"
2026-08-01,31,Jardines,Bocas de dragon y statice,1,45000,45000,Efectivo,,,"hojas de punto de venta, cuenta poscdreamscanbloom (Drive)"
2026-08-01,31,Jardines,Bouquet forever Dream grande,1,140000,140000,Datafono,,,"hojas de punto de venta, cuenta poscdreamscanbloom (Drive)"
2026-08-01,31,Jardines,Bouquet forever Dream mediano,1,120000,120000,Efectivo,,,"hojas de punto de venta, cuenta poscdreamscanbloom (Drive)"
2026-08-01,31,Jardines,Bouquet forever Dream pequeño,1,85000,85000,Transferencia,,,"hojas de punto de venta, cuenta poscdreamscanbloom (Drive)"
2026-08-01,31,Jardines,Bouquet forever Dream pequeño,1,85000,85000,Transferencia,,,"hojas de punto de venta, cuenta poscdreamscanbloom (Drive)"
2026-08-01,31,Jardines,Bouquet forever Dream pequeño,1,85000,85000,Datafono,,,"hojas de punto de venta, cuenta poscdreamscanbloom (Drive)"
2026-08-01,31,Jardines,Celosias plumosas,1,50000,50000,Efectivo,Celosias plumosas,,"hojas de punto de venta, cuenta poscdreamscanbloom (Drive)"
2026-08-01,31,Jardines,Cosecha Grande,1,125000,125000,Efectivo,Cosecha Grande,,"hojas de punto de venta, cuenta poscdreamscanbloom (Drive)"
2026-08-01,31,Jardines,Cosecha Grande,1,125000,112500,Datafono,Cosecha Grande,,"hojas de punto de venta, cuenta poscdreamscanbloom (Drive)"
2026-08-01,31,Jardines,Cosecha Grande,1,125000,125000,Transferencia,Cosecha Grande,,"hojas de punto de venta, cuenta poscdreamscanbloom (Drive)"
2026-08-01,31,Jardines,Cosecha Pequeño,1,105000,105000,Datafono,Cosecha Pequeño,,"hojas de punto de venta, cuenta poscdreamscanbloom (Drive)"
2026-08-01,31,Jardines,Cosecha Pequeño,1,105000,105000,Efectivo,Cosecha Pequeño,,"hojas de punto de venta, cuenta poscdreamscanbloom (Drive)"
2026-08-01,31,Jardines,Cosecha Pequeño,1,105000,105000,Efectivo,Cosecha Pequeño,,"hojas de punto de venta, cuenta poscdreamscanbloom (Drive)"
2026-08-01,31,Jardines,Edicion Especial Lisianthus,1,75000,75000,Transferencia,Edicion Especial Lisianthus,,"hojas de punto de venta, cuenta poscdreamscanbloom (Drive)"
2026-08-01,31,Jardines,Edicion Especial Lisianthus,1,75000,75000,Efectivo,Edicion Especial Lisianthus,,"hojas de punto de venta, cuenta poscdreamscanbloom (Drive)"
2026-08-01,31,Jardines,Edicion Especial Lisianthus,1,75000,75000,Efectivo,Edicion Especial Lisianthus,,"hojas de punto de venta, cuenta poscdreamscanbloom (Drive)"
2026-08-01,31,Jardines,Green ball,2,40000,80000,Efectivo,Green ball (paquete),,"hojas de punto de venta, cuenta poscdreamscanbloom (Drive)"
2026-08-01,31,Jardines,Green ball con statice,1,45000,45000,Transferencia,,,"hojas de punto de venta, cuenta poscdreamscanbloom (Drive)"
2026-08-01,31,Jardines,Paquete lisianthus solo,1,50000,50000,Efectivo,Paquete lisianthus solo,57000 con descuento,"hojas de punto de venta, cuenta poscdreamscanbloom (Drive)"
2026-08-01,31,Jardines,Paquete lisianthus solo,1,50000,50000,Transferencia,Paquete lisianthus solo,"60,000.00","hojas de punto de venta, cuenta poscdreamscanbloom (Drive)"
2026-08-01,31,Jardines,Paquete lisianthus solo,1,50000,50000,Efectivo,Paquete lisianthus solo,"54,000.00","hojas de punto de venta, cuenta poscdreamscanbloom (Drive)"
2026-08-01,31,Jardines,Paquete matricarias snowball,1,40000,40000,Transferencia,,,"hojas de punto de venta, cuenta poscdreamscanbloom (Drive)"
2026-08-01,31,Jardines,Sobres,1,9500,9500,Efectivo,,,"hojas de punto de venta, cuenta poscdreamscanbloom (Drive)"
2026-08-01,31,Online,Bocas de dragon y plumas,1,50000,42500,Transferencia,,Falta FE,"hojas de punto de venta, cuenta poscdreamscanbloom (Drive)"
2026-08-01,31,Online,Corona floral (novias),1,140000,140000,Transferencia,,FE-1870,"hojas de punto de venta, cuenta poscdreamscanbloom (Drive)"
2026-08-01,31,Online,Cosecha Grande,2,125000,212500,Transferencia,Cosecha Grande,FE-1900,"hojas de punto de venta, cuenta poscdreamscanbloom (Drive)"
2026-08-01,31,Online,Cosecha Grande,1,125000,125000,Transferencia,Cosecha Grande,Falta FE,"hojas de punto de venta, cuenta poscdreamscanbloom (Drive)"
2026-08-01,31,Online,Cosecha Grande,1,125000,106250,Transferencia,Cosecha Grande,FE-1905,"hojas de punto de venta, cuenta poscdreamscanbloom (Drive)"
2026-08-01,31,Online,Cosecha Pequeño,2,105000,178500,Transferencia,Cosecha Pequeño,FE-1905,"hojas de punto de venta, cuenta poscdreamscanbloom (Drive)"
2026-08-01,31,San Lucas,Bocas de dragon,1,38000,32300,Datafono,Bocas de dragón (paquete),,"hojas de punto de venta, cuenta poscdreamscanbloom (Drive)"
2026-08-01,31,San Lucas,Bocas de dragon,1,38000,38000,Datafono,Bocas de dragón (paquete),,"hojas de punto de venta, cuenta poscdreamscanbloom (Drive)"
2026-08-01,31,San Lucas,Bocas de dragon y statice,1,45000,45000,Transferencia,,,"hojas de punto de venta, cuenta poscdreamscanbloom (Drive)"
2026-08-01,31,San Lucas,Cosecha Grande,1,125000,125000,Efectivo,Cosecha Grande,,"hojas de punto de venta, cuenta poscdreamscanbloom (Drive)"
2026-08-01,31,San Lucas,Edicion Especial Lisianthus,1,75000,75000,Datafono,Edicion Especial Lisianthus,,"hojas de punto de venta, cuenta poscdreamscanbloom (Drive)"
2026-08-01,31,San Lucas,Green ball,1,40000,40000,Datafono,Green ball (paquete),,"hojas de punto de venta, cuenta poscdreamscanbloom (Drive)"
2026-08-01,31,San Lucas,Green ball,1,40000,40000,Datafono,Green ball (paquete),,"hojas de punto de venta, cuenta poscdreamscanbloom (Drive)"
2026-08-01,31,San Lucas,Greenery con lisianthus,1,75000,0,Salida por daño,,,"hojas de punto de venta, cuenta poscdreamscanbloom (Drive)"
2026-08-01,31,San Lucas,Matricaria,2,45000,90000,Datafono,,,"hojas de punto de venta, cuenta poscdreamscanbloom (Drive)"
2026-08-01,31,San Lucas,Matricaria,1,45000,0,Salida por daño,,,"hojas de punto de venta, cuenta poscdreamscanbloom (Drive)"
2026-08-01,31,San Lucas,Paquete ammi majus,1,45000,45000,Datafono,,,"hojas de punto de venta, cuenta poscdreamscanbloom (Drive)"
2026-08-01,31,San Lucas,Paquete ammi majus,1,45000,45000,Datafono,,,"hojas de punto de venta, cuenta poscdreamscanbloom (Drive)"
2026-08-01,31,San Lucas,Paquete celosias dream mix,1,50000,50000,Datafono,Paquete celosias dream mix,,"hojas de punto de venta, cuenta poscdreamscanbloom (Drive)"
2026-08-01,31,San Lucas,Paquete de lisianthus solo,1,60000,60000,Efectivo,,,"hojas de punto de venta, cuenta poscdreamscanbloom (Drive)"
2026-08-01,31,San Lucas,Paquete gomphenas salmon rose,1,45000,45000,,Paquete gomphenas salmon rose,Se pagó 30.000 en trasferencia y $15.000 en efectivo,"hojas de punto de venta, cuenta poscdreamscanbloom (Drive)"
2026-08-01,31,Tesoro,Bocas de dragon y plumas,1,42500,42500,Transferencia,,,"hojas de punto de venta, cuenta poscdreamscanbloom (Drive)"
2026-08-01,31,Tesoro,Bouquet Greenery,1,75000,75000,Datafono,,,"hojas de punto de venta, cuenta poscdreamscanbloom (Drive)"
2026-08-01,31,Tesoro,Cosecha Grande,1,125000,125000,Efectivo,Cosecha Grande,,"hojas de punto de venta, cuenta poscdreamscanbloom (Drive)"
2026-08-01,31,Tesoro,Cosecha Pequeño,1,105000,105000,Datafono,Cosecha Pequeño,,"hojas de punto de venta, cuenta poscdreamscanbloom (Drive)"
2026-08-01,31,Tesoro,Paquete ammi majus,1,45000,45000,Datafono,,,"hojas de punto de venta, cuenta poscdreamscanbloom (Drive)"
2026-08-01,31,Tesoro,Paquete gomphrenas frambuesa,1,45000,45000,Efectivo,Paquete gomphrenas frambuesa,,"hojas de punto de venta, cuenta poscdreamscanbloom (Drive)"
2026-08-02,31,Del Este,Celosias plumosas,1,50000,50000,Transferencia,Celosias plumosas,,"hojas de punto de venta, cuenta poscdreamscanbloom (Drive)"
2026-08-02,31,Del Este,Celosias plumosas,1,50000,45000,Transferencia,Celosias plumosas,,"hojas de punto de venta, cuenta poscdreamscanbloom (Drive)"
2026-08-02,31,Del Este,Celosias plumosas,1,50000,50000,Datafono,Celosias plumosas,,"hojas de punto de venta, cuenta poscdreamscanbloom (Drive)"
2026-08-02,31,Del Este,Cosecha Grande,1,125000,118750,Efectivo,Cosecha Grande,Paga 120.000,"hojas de punto de venta, cuenta poscdreamscanbloom (Drive)"
2026-08-02,31,Del Este,Cosecha Pequeño,1,105000,99750,Efectivo,Cosecha Pequeño,"Paga 100.000, 50.000 efevtivo y 50.000 transferencia","hojas de punto de venta, cuenta poscdreamscanbloom (Drive)"
2026-08-02,31,Del Este,Green ball,1,40000,40000,Transferencia,Green ball (paquete),,"hojas de punto de venta, cuenta poscdreamscanbloom (Drive)"
2026-08-02,31,Del Este,Green ball con statice,1,45000,45000,Transferencia,,,"hojas de punto de venta, cuenta poscdreamscanbloom (Drive)"
2026-08-02,31,Del Este,Green ball con statice,1,45000,45000,Transferencia,,,"hojas de punto de venta, cuenta poscdreamscanbloom (Drive)"
2026-08-02,31,Del Este,Greenery con lisianthus,1,75000,75000,Datafono,,,"hojas de punto de venta, cuenta poscdreamscanbloom (Drive)"
2026-08-02,31,Del Este,Greenery con lisianthus,1,75000,60000,Transferencia,,,"hojas de punto de venta, cuenta poscdreamscanbloom (Drive)"
2026-08-02,31,Del Este,Matricaria,1,45000,40500,Transferencia,,,"hojas de punto de venta, cuenta poscdreamscanbloom (Drive)"
2026-08-02,31,Del Este,Paquete ammobium,1,45000,40500,Transferencia,Paquete ammobium,,"hojas de punto de venta, cuenta poscdreamscanbloom (Drive)"
2026-08-02,31,Del Este,Paquete ammobium,1,45000,38250,Transferencia,Paquete ammobium,,"hojas de punto de venta, cuenta poscdreamscanbloom (Drive)"
2026-08-02,31,Del Este,Paquete lisianthus solo,1,50000,50000,Datafono,Paquete lisianthus solo,Paga 60.000,"hojas de punto de venta, cuenta poscdreamscanbloom (Drive)"
2026-08-02,31,Jardines,Bocas de dragon,1,38000,38000,Transferencia,Bocas de dragón (paquete),,"hojas de punto de venta, cuenta poscdreamscanbloom (Drive)"
2026-08-02,31,Jardines,Bocas de dragon,1,38000,0,Salida por daño,Bocas de dragón (paquete),,"hojas de punto de venta, cuenta poscdreamscanbloom (Drive)"
2026-08-02,31,Jardines,Bocas de dragon,1,38000,36100,Datafono,Bocas de dragón (paquete),,"hojas de punto de venta, cuenta poscdreamscanbloom (Drive)"
2026-08-02,31,Jardines,Bocas de dragon y plumas,2,50000,0,Salida por daño,,,"hojas de punto de venta, cuenta poscdreamscanbloom (Drive)"
2026-08-02,31,Jardines,Bocas de dragon y statice,1,45000,38250,Transferencia,,,"hojas de punto de venta, cuenta poscdreamscanbloom (Drive)"
2026-08-02,31,Jardines,Bocas de dragon y statice,1,45000,0,Salida por daño,,,"hojas de punto de venta, cuenta poscdreamscanbloom (Drive)"
2026-08-02,31,Jardines,Bouquet forever Dream mediano,1,120000,120000,Datafono,,,"hojas de punto de venta, cuenta poscdreamscanbloom (Drive)"
2026-08-02,31,Jardines,Celosias plumosas,1,50000,37500,Transferencia,Celosias plumosas,,"hojas de punto de venta, cuenta poscdreamscanbloom (Drive)"
2026-08-02,31,Jardines,Cosecha Grande,1,125000,125000,Transferencia,Cosecha Grande,,"hojas de punto de venta, cuenta poscdreamscanbloom (Drive)"
2026-08-02,31,Jardines,Dusty miller con colitas de conejo,1,45000,45000,Efectivo,,,"hojas de punto de venta, cuenta poscdreamscanbloom (Drive)"
2026-08-02,31,Jardines,Edicion Especial Lisianthus,1,75000,63750,Datafono,Edicion Especial Lisianthus,,"hojas de punto de venta, cuenta poscdreamscanbloom (Drive)"
2026-08-02,31,Jardines,Greenery con lisianthus,1,75000,63750,Datafono,,,"hojas de punto de venta, cuenta poscdreamscanbloom (Drive)"
2026-08-02,31,Jardines,Paquete ammobium,1,45000,45000,Efectivo,Paquete ammobium,,"hojas de punto de venta, cuenta poscdreamscanbloom (Drive)"
2026-08-02,31,Jardines,Paquete gomphenas salmon rose,1,45000,0,Obsequio,Paquete gomphenas salmon rose,"cortesía que se debía, autorización erika","hojas de punto de venta, cuenta poscdreamscanbloom (Drive)"
2026-08-02,31,Jardines,Paquete gomphenas salmon rose,1,45000,45000,Datafono,Paquete gomphenas salmon rose,,"hojas de punto de venta, cuenta poscdreamscanbloom (Drive)"
2026-08-02,31,Jardines,Paquete lisianthus solo,1,50000,50000,Transferencia,Paquete lisianthus solo,54.00,"hojas de punto de venta, cuenta poscdreamscanbloom (Drive)"
2026-08-02,31,Jardines,Paquete statice lilac dreams,1,40000,40000,Transferencia,,,"hojas de punto de venta, cuenta poscdreamscanbloom (Drive)"
2026-08-02,31,San Lucas,Cosecha Pequeño,1,105000,105000,Datafono,Cosecha Pequeño,,"hojas de punto de venta, cuenta poscdreamscanbloom (Drive)"
2026-08-02,31,San Lucas,Cosecha Pequeño,1,105000,105000,Datafono,Cosecha Pequeño,,"hojas de punto de venta, cuenta poscdreamscanbloom (Drive)"
2026-08-02,31,San Lucas,Dusty miller con colitas de conejo,1,45000,45000,Datafono,,,"hojas de punto de venta, cuenta poscdreamscanbloom (Drive)"
2026-08-02,31,San Lucas,Dusty miller con colitas de conejo,1,45000,45000,Datafono,,,"hojas de punto de venta, cuenta poscdreamscanbloom (Drive)"
2026-08-02,31,San Lucas,Green ball con statice,1,45000,45000,Transferencia,,,"hojas de punto de venta, cuenta poscdreamscanbloom (Drive)"
2026-08-02,31,San Lucas,Green ball con statice,1,45000,45000,Datafono,,,"hojas de punto de venta, cuenta poscdreamscanbloom (Drive)"
2026-08-02,31,San Lucas,Paquete de lisianthus solo,1,60000,60000,Transferencia,,,"hojas de punto de venta, cuenta poscdreamscanbloom (Drive)"
2026-08-02,31,Tesoro,Bocas de dragon y plumas,1,50000,50000,Transferencia,,,"hojas de punto de venta, cuenta poscdreamscanbloom (Drive)"
2026-08-02,31,Tesoro,Bocas de dragon y plumas,1,50000,50000,Datafono,,,"hojas de punto de venta, cuenta poscdreamscanbloom (Drive)"
2026-08-02,31,Tesoro,Bocas de dragon y statice,1,45000,45000,Transferencia,,,"hojas de punto de venta, cuenta poscdreamscanbloom (Drive)"
2026-08-02,31,Tesoro,Bouquet Greenery,1,75000,60000,Efectivo,,,"hojas de punto de venta, cuenta poscdreamscanbloom (Drive)"
2026-08-02,31,Tesoro,Cosecha Grande,1,125000,100000,Transferencia,Cosecha Grande,,"hojas de punto de venta, cuenta poscdreamscanbloom (Drive)"
2026-08-02,31,Tesoro,Dusty miller con colitas de conejo,1,45000,45000,Datafono,,,"hojas de punto de venta, cuenta poscdreamscanbloom (Drive)"
2026-08-02,31,Tesoro,Edicion Especial Lisianthus,1,75000,60000,Transferencia,Edicion Especial Lisianthus,,"hojas de punto de venta, cuenta poscdreamscanbloom (Drive)"
2026-08-02,31,Tesoro,Edicion Especial Lisianthus,1,75000,60000,Transferencia,Edicion Especial Lisianthus,,"hojas de punto de venta, cuenta poscdreamscanbloom (Drive)"
2026-08-02,31,Tesoro,Green ball con statice,1,45000,45000,Efectivo,,,"hojas de punto de venta, cuenta poscdreamscanbloom (Drive)"
2026-08-02,31,Tesoro,Paquete gomphrenas frambuesa,1,45000,45000,Datafono,Paquete gomphrenas frambuesa,,"hojas de punto de venta, cuenta poscdreamscanbloom (Drive)"
2026-08-03,32,Del Este,Bouquet forever Dream pequeño,1,85000,0,Online,,,"hojas de punto de venta, cuenta poscdreamscanbloom (Drive)"
2026-08-03,32,Del Este,Cosecha Grande,1,125000,0,Salida por daño,Cosecha Grande,,"hojas de punto de venta, cuenta poscdreamscanbloom (Drive)"
2026-08-03,32,Del Este,Green ball con statice,1,45000,0,Salida por daño,,,"hojas de punto de venta, cuenta poscdreamscanbloom (Drive)"
2026-08-03,32,Del Este,Matricaria,1,45000,40500,Transferencia,,,"hojas de punto de venta, cuenta poscdreamscanbloom (Drive)"
2026-08-03,32,Del Este,Paquete ammobium,2,45000,81000,Transferencia,Paquete ammobium,,"hojas de punto de venta, cuenta poscdreamscanbloom (Drive)"
2026-08-03,32,Del Este,Paquete celosias dream mix,1,50000,50000,Efectivo,Paquete celosias dream mix,,"hojas de punto de venta, cuenta poscdreamscanbloom (Drive)"
2026-08-03,32,Del Este,Paquete de lisianthus solo,1,60000,0,Salida por daño,,,"hojas de punto de venta, cuenta poscdreamscanbloom (Drive)"
2026-08-03,32,Del Este,Paquete de lisianthus solo,1,60000,54000,Transferencia,,,"hojas de punto de venta, cuenta poscdreamscanbloom (Drive)"
2026-08-03,32,Del Este,Paquete statice dream mix,1,40000,40000,Transferencia,,,"hojas de punto de venta, cuenta poscdreamscanbloom (Drive)"
2026-08-03,32,Del Este,Paquete statice pink dreams,1,40000,36000,Transferencia,Paquete statice pink dreams,,"hojas de punto de venta, cuenta poscdreamscanbloom (Drive)"
2026-08-03,32,Jardines,Bocas de dragon,1,38000,0,Salida por daño,Bocas de dragón (paquete),,"hojas de punto de venta, cuenta poscdreamscanbloom (Drive)"
2026-08-03,32,Jardines,Bocas de dragon,1,38000,38000,Transferencia,Bocas de dragón (paquete),,"hojas de punto de venta, cuenta poscdreamscanbloom (Drive)"
2026-08-03,32,Jardines,Bocas de dragon y plumas,1,50000,42500,Efectivo,,,"hojas de punto de venta, cuenta poscdreamscanbloom (Drive)"
2026-08-03,32,Jardines,Celosias plumosas,1,50000,50000,Datafono,Celosias plumosas,,"hojas de punto de venta, cuenta poscdreamscanbloom (Drive)"
2026-08-03,32,Jardines,Cosecha Grande,1,125000,125000,Efectivo,Cosecha Grande,,"hojas de punto de venta, cuenta poscdreamscanbloom (Drive)"
2026-08-03,32,Jardines,Cosecha Grande,1,125000,125000,Transferencia,Cosecha Grande,,"hojas de punto de venta, cuenta poscdreamscanbloom (Drive)"
2026-08-03,32,Jardines,Cosecha Pequeño,1,105000,105000,Transferencia,Cosecha Pequeño,,"hojas de punto de venta, cuenta poscdreamscanbloom (Drive)"
2026-08-03,32,Jardines,Paquete ammi majus,1,45000,0,Salida por daño,,,"hojas de punto de venta, cuenta poscdreamscanbloom (Drive)"
2026-08-03,32,Jardines,Paquete celosias cristata y green ball,1,70000,0,Obsequio,,regalo por compra grande y cliente fiel,"hojas de punto de venta, cuenta poscdreamscanbloom (Drive)"
2026-08-03,32,Jardines,Paquete gomphenas salmon rose,1,45000,0,Online,Paquete gomphenas salmon rose,,"hojas de punto de venta, cuenta poscdreamscanbloom (Drive)"
2026-08-03,32,Online,Bocas de dragon,1,38000,38000,Transferencia,Bocas de dragón (paquete),FE-1907,"hojas de punto de venta, cuenta poscdreamscanbloom (Drive)"
2026-08-03,32,Online,Bocas de dragon,1,38000,32300,Transferencia,Bocas de dragón (paquete),FE-1902,"hojas de punto de venta, cuenta poscdreamscanbloom (Drive)"
2026-08-03,32,Online,Bouquet  Dream Land,1,285000,285000,Transferencia,,FE-1909,"hojas de punto de venta, cuenta poscdreamscanbloom (Drive)"
2026-08-03,32,Online,Bouquet  Dream Land,1,285000,242250,Transferencia,,FE-1898,"hojas de punto de venta, cuenta poscdreamscanbloom (Drive)"
2026-08-03,32,Online,Bouquet forever Dream grande,1,140000,140000,Transferencia,,FE-1917,"hojas de punto de venta, cuenta poscdreamscanbloom (Drive)"
2026-08-03,32,Online,Bouquet forever Dream pequeño,1,85000,85000,Transferencia,,FE-1914,"hojas de punto de venta, cuenta poscdreamscanbloom (Drive)"
2026-08-03,32,Online,Cosecha Grande,1,125000,125000,Transferencia,Cosecha Grande,FE-1913,"hojas de punto de venta, cuenta poscdreamscanbloom (Drive)"
2026-08-03,32,Online,Cosecha Grande,1,125000,125000,Transferencia,Cosecha Grande,FE-1915,"hojas de punto de venta, cuenta poscdreamscanbloom (Drive)"
2026-08-03,32,Online,Cosecha Pequeño,1,105000,105000,Transferencia,Cosecha Pequeño,FE-1907,"hojas de punto de venta, cuenta poscdreamscanbloom (Drive)"
2026-08-03,32,Online,Cosecha Pequeño,1,105000,105000,Transferencia,Cosecha Pequeño,FE-1912,"hojas de punto de venta, cuenta poscdreamscanbloom (Drive)"
2026-08-03,32,Online,Cosecha Pequeño,1,105000,105000,Transferencia,Cosecha Pequeño,FE-1903,"hojas de punto de venta, cuenta poscdreamscanbloom (Drive)"
2026-08-03,32,Online,Cosecha Pequeño,1,105000,89250,Transferencia,Cosecha Pequeño,FE-1904,"hojas de punto de venta, cuenta poscdreamscanbloom (Drive)"
2026-08-03,32,Online,Dahlias,1,70000,59500,Transferencia,,FE-1911,"hojas de punto de venta, cuenta poscdreamscanbloom (Drive)"
2026-08-03,32,Online,Gomphrenas,1,45000,38250,Transferencia,Gomphrenas (paquete grande),FE-1906,"hojas de punto de venta, cuenta poscdreamscanbloom (Drive)"
2026-08-03,32,Online,Gomphrenas,1,45000,45000,Transferencia,Gomphrenas (paquete grande),FE-1918,"hojas de punto de venta, cuenta poscdreamscanbloom (Drive)"
2026-08-03,32,Online,Gomphrenas,1,45000,38250,Transferencia,Gomphrenas (paquete grande),FE-1902,"hojas de punto de venta, cuenta poscdreamscanbloom (Drive)"
2026-08-03,32,Online,Green ball con statice,1,45000,45000,Transferencia,,FE-1907,"hojas de punto de venta, cuenta poscdreamscanbloom (Drive)"
2026-08-03,32,Online,Matricaria,1,45000,38250,Transferencia,,FE-1906,"hojas de punto de venta, cuenta poscdreamscanbloom (Drive)"
2026-08-03,32,Online,Matricaria,1,45000,45000,Transferencia,,FE-1914,"hojas de punto de venta, cuenta poscdreamscanbloom (Drive)"
2026-08-03,32,Online,Paquete ammi majus,1,45000,38250,Transferencia,,FE-1906,"hojas de punto de venta, cuenta poscdreamscanbloom (Drive)"
2026-08-03,32,Online,Paquete ammi majus,1,45000,45000,Transferencia,,FE-1907,"hojas de punto de venta, cuenta poscdreamscanbloom (Drive)"
2026-08-03,32,Online,Paquete celosias dream mix,1,50000,50000,Transferencia,Paquete celosias dream mix,FE-1907,"hojas de punto de venta, cuenta poscdreamscanbloom (Drive)"
2026-08-03,32,Online,Paquete de lisianthus solo,1,60000,60000,Transferencia,,FE-1916,"hojas de punto de venta, cuenta poscdreamscanbloom (Drive)"
2026-08-03,32,Online,Paquete de lisianthus solo,1,60000,51000,Transferencia,,FE-1895,"hojas de punto de venta, cuenta poscdreamscanbloom (Drive)"
2026-08-03,32,Online,Statice ruso con statice,1,45000,45000,Transferencia,,FE-1914,"hojas de punto de venta, cuenta poscdreamscanbloom (Drive)"
2026-08-03,32,San Lucas,Cosecha Grande,2,125000,250000,Datafono,Cosecha Grande,,"hojas de punto de venta, cuenta poscdreamscanbloom (Drive)"
2026-08-03,32,San Lucas,Cosecha Pequeño,1,105000,105000,Transferencia,Cosecha Pequeño,,"hojas de punto de venta, cuenta poscdreamscanbloom (Drive)"
2026-08-03,32,San Lucas,Cosecha Pequeño,1,105000,105000,Datafono,Cosecha Pequeño,,"hojas de punto de venta, cuenta poscdreamscanbloom (Drive)"
2026-08-03,32,San Lucas,Dusty miller con colitas de conejo,1,45000,45000,Datafono,,,"hojas de punto de venta, cuenta poscdreamscanbloom (Drive)"
2026-08-03,32,San Lucas,Edicion especial lisianthus,1,75000,75000,Transferencia,Edicion Especial Lisianthus,,"hojas de punto de venta, cuenta poscdreamscanbloom (Drive)"
2026-08-03,32,San Lucas,Edicion especial lisianthus,1,75000,75000,Datafono,Edicion Especial Lisianthus,,"hojas de punto de venta, cuenta poscdreamscanbloom (Drive)"
2026-08-03,32,San Lucas,Paquete ammobium,1,45000,45000,Datafono,Paquete ammobium,,"hojas de punto de venta, cuenta poscdreamscanbloom (Drive)"
2026-08-03,32,San Lucas,Paquete ammobium,1,45000,45000,Datafono,Paquete ammobium,,"hojas de punto de venta, cuenta poscdreamscanbloom (Drive)"
2026-08-03,32,San Lucas,Paquete celosias dream mix,1,50000,50000,Datafono,Paquete celosias dream mix,,"hojas de punto de venta, cuenta poscdreamscanbloom (Drive)"
2026-08-03,32,Tesoro,Edicion Especial Lisianthus,1,75000,75000,Transferencia,Edicion Especial Lisianthus,,"hojas de punto de venta, cuenta poscdreamscanbloom (Drive)"
2026-08-03,32,Tesoro,Green ball con statice,1,45000,45000,Efectivo,,,"hojas de punto de venta, cuenta poscdreamscanbloom (Drive)"
2026-08-03,32,Tesoro,Green ball con statice,1,45000,45000,Datafono,,,"hojas de punto de venta, cuenta poscdreamscanbloom (Drive)"
2026-08-03,32,Tesoro,Green ball con statice,1,45000,45000,Transferencia,,,"hojas de punto de venta, cuenta poscdreamscanbloom (Drive)"
2026-08-03,32,Tesoro,Matricaria,1,45000,40500,Efectivo,,,"hojas de punto de venta, cuenta poscdreamscanbloom (Drive)"
2026-08-03,32,Tesoro,Paquete ammi majus,1,45000,40500,Efectivo,,,"hojas de punto de venta, cuenta poscdreamscanbloom (Drive)"
2026-08-03,32,Tesoro,Paquete celosias dream mix,1,50000,40000,Efectivo,Paquete celosias dream mix,,"hojas de punto de venta, cuenta poscdreamscanbloom (Drive)"
2026-08-04,32,Del Este,Bocas de dragon y plumas,1,50000,50000,Transferencia,,,"hojas de punto de venta, cuenta poscdreamscanbloom (Drive)"
2026-08-04,32,Del Este,Bocas de dragon y statice,1,45000,45000,Datafono,,Paga 55.000,"hojas de punto de venta, cuenta poscdreamscanbloom (Drive)"
2026-08-04,32,Del Este,Cosecha Grande,1,125000,125000,Transferencia,Cosecha Grande,,"hojas de punto de venta, cuenta poscdreamscanbloom (Drive)"
2026-08-04,32,Del Este,Paquete gomphenas salmon rose,1,45000,45000,Datafono,Paquete gomphenas salmon rose,,"hojas de punto de venta, cuenta poscdreamscanbloom (Drive)"
2026-08-04,32,Jardines,Amaranto cascada,1,45000,45000,Datafono,Amaranto cascada (paquete),"50,000.00","hojas de punto de venta, cuenta poscdreamscanbloom (Drive)"
2026-08-04,32,Jardines,Bocas de dragon y statice,1,45000,38250,Transferencia,,,"hojas de punto de venta, cuenta poscdreamscanbloom (Drive)"
2026-08-04,32,Jardines,Bocas de dragon y statice,1,45000,40500,Transferencia,,,"hojas de punto de venta, cuenta poscdreamscanbloom (Drive)"
2026-08-04,32,Jardines,Bouquet forever Dream mediano,1,120000,120000,Datafono,,,"hojas de punto de venta, cuenta poscdreamscanbloom (Drive)"
2026-08-04,32,Jardines,Cosecha Grande,1,125000,125000,Transferencia,Cosecha Grande,,"hojas de punto de venta, cuenta poscdreamscanbloom (Drive)"
2026-08-04,32,Jardines,Cosecha Pequeño,1,105000,105000,Datafono,Cosecha Pequeño,,"hojas de punto de venta, cuenta poscdreamscanbloom (Drive)"
2026-08-04,32,Jardines,Cosecha Pequeño,1,105000,105000,Transferencia,Cosecha Pequeño,,"hojas de punto de venta, cuenta poscdreamscanbloom (Drive)"
2026-08-04,32,Jardines,Dusty miller con colitas de conejo,1,45000,45000,Datafono,,"50,000.00","hojas de punto de venta, cuenta poscdreamscanbloom (Drive)"
2026-08-04,32,Jardines,Edicion Especial Lisianthus,1,75000,75000,Datafono,Edicion Especial Lisianthus,,"hojas de punto de venta, cuenta poscdreamscanbloom (Drive)"
2026-08-04,32,Jardines,Edicion Especial Lisianthus,1,75000,75000,Efectivo,Edicion Especial Lisianthus,,"hojas de punto de venta, cuenta poscdreamscanbloom (Drive)"
2026-08-04,32,Jardines,Green ball con statice,1,45000,45000,Transferencia,,,"hojas de punto de venta, cuenta poscdreamscanbloom (Drive)"
2026-08-04,32,Jardines,Greenery con lisianthus,1,75000,63750,Datafono,,,"hojas de punto de venta, cuenta poscdreamscanbloom (Drive)"
2026-08-04,32,Jardines,Paquete celosias cristata y green ball,1,70000,0,Obsequio,,cliente fiel,"hojas de punto de venta, cuenta poscdreamscanbloom (Drive)"
2026-08-04,32,Jardines,Paquete gomphenas salmon rose,1,45000,45000,Transferencia,Paquete gomphenas salmon rose,,"hojas de punto de venta, cuenta poscdreamscanbloom (Drive)"
2026-08-04,32,Jardines,Paquete gomphenas salmon rose,1,45000,45000,Transferencia,Paquete gomphenas salmon rose,,"hojas de punto de venta, cuenta poscdreamscanbloom (Drive)"
2026-08-04,32,Jardines,Paquete gomphenas salmon rose,1,45000,45000,Efectivo,Paquete gomphenas salmon rose,,"hojas de punto de venta, cuenta poscdreamscanbloom (Drive)"
2026-08-04,32,Jardines,Paquete statice lilac dreams,1,40000,40000,Transferencia,,,"hojas de punto de venta, cuenta poscdreamscanbloom (Drive)"
2026-08-04,32,Jardines,Paquete statice lilac dreams,1,40000,40000,Transferencia,,,"hojas de punto de venta, cuenta poscdreamscanbloom (Drive)"
2026-08-04,32,Jardines,Paquete statice lilac dreams,2,40000,80000,Transferencia,,encargo para mañana,"hojas de punto de venta, cuenta poscdreamscanbloom (Drive)"
2026-08-04,32,Jardines,Sobres,1,9500,9500,Datafono,,,"hojas de punto de venta, cuenta poscdreamscanbloom (Drive)"
2026-08-04,32,Online,Bocas de dragon,2,38000,76000,,Bocas de dragón (paquete),FE-1923,"hojas de punto de venta, cuenta poscdreamscanbloom (Drive)"
2026-08-04,32,Online,Boutonnieres,1,21000,21000,Transferencia,,FE-1926,"hojas de punto de venta, cuenta poscdreamscanbloom (Drive)"
2026-08-04,32,Online,Cosecha Grande,1,125000,125000,Transferencia,Cosecha Grande,FE-1920,"hojas de punto de venta, cuenta poscdreamscanbloom (Drive)"
2026-08-04,32,Online,Cosecha Grande,3,125000,375000,Transferencia,Cosecha Grande,FE-1921,"hojas de punto de venta, cuenta poscdreamscanbloom (Drive)"
2026-08-04,32,Online,Edicion Especial Lisianthus,1,75000,75000,Transferencia,Edicion Especial Lisianthus,FE-1919,"hojas de punto de venta, cuenta poscdreamscanbloom (Drive)"
2026-08-04,32,Online,Edicion Especial Lisianthus,1,75000,75000,Transferencia,Edicion Especial Lisianthus,FE-1925,"hojas de punto de venta, cuenta poscdreamscanbloom (Drive)"
2026-08-04,32,Online,Edicion Especial Lisianthus,1,75000,75000,Transferencia,Edicion Especial Lisianthus,FE-1927,"hojas de punto de venta, cuenta poscdreamscanbloom (Drive)"
2026-08-04,32,Online,Event ammi majus 10 tallos,2,38000,76000,,,FE-1923,"hojas de punto de venta, cuenta poscdreamscanbloom (Drive)"
2026-08-04,32,Online,Gomphrenas,1,45000,45000,Transferencia,Gomphrenas (paquete grande),FE-1922,"hojas de punto de venta, cuenta poscdreamscanbloom (Drive)"
2026-08-04,32,Online,Strawflower dream mix,2,40000,80000,,Strawflower dream mix,FE-1923,"hojas de punto de venta, cuenta poscdreamscanbloom (Drive)"
2026-08-04,32,Online,Yugo grande,1,196100,196100,,Yugo grande,Abono 50%,"hojas de punto de venta, cuenta poscdreamscanbloom (Drive)"
2026-08-04,32,Online,Yugo pequeño,1,155400,155400,Transferencia,Yugo pequeño,FE-1926,"hojas de punto de venta, cuenta poscdreamscanbloom (Drive)"
2026-08-04,32,San Lucas,Cosecha Grande,1,125000,125000,Transferencia,Cosecha Grande,,"hojas de punto de venta, cuenta poscdreamscanbloom (Drive)"
2026-08-04,32,Tesoro,Cosecha Grande,1,125000,125000,Transferencia,Cosecha Grande,,"hojas de punto de venta, cuenta poscdreamscanbloom (Drive)"
2026-08-04,32,Tesoro,Gomphrenas,1,45000,45000,Datafono,Gomphrenas (paquete grande),,"hojas de punto de venta, cuenta poscdreamscanbloom (Drive)"
2026-08-05,32,Del Este,Bocas de dragon,3,38000,0,Salida por daño,Bocas de dragón (paquete),,"hojas de punto de venta, cuenta poscdreamscanbloom (Drive)"
2026-08-05,32,Del Este,Bocas de dragon y plumas,1,50000,50000,Transferencia,,,"hojas de punto de venta, cuenta poscdreamscanbloom (Drive)"
2026-08-05,32,Del Este,Cosecha Pequeño,1,105000,105000,Transferencia,Cosecha Pequeño,,"hojas de punto de venta, cuenta poscdreamscanbloom (Drive)"
2026-08-05,32,Del Este,Gomphenas snow,1,45000,45000,Transferencia,Gomphenas snow,,"hojas de punto de venta, cuenta poscdreamscanbloom (Drive)"
2026-08-05,32,Del Este,Gomphenas snow,1,45000,40500,Datafono,Gomphenas snow,,"hojas de punto de venta, cuenta poscdreamscanbloom (Drive)"
2026-08-05,32,Del Este,Green ball con statice,1,45000,45000,Transferencia,,,"hojas de punto de venta, cuenta poscdreamscanbloom (Drive)"
2026-08-05,32,Del Este,Greenery con lisianthus,1,75000,75000,Transferencia,,,"hojas de punto de venta, cuenta poscdreamscanbloom (Drive)"
2026-08-05,32,Del Este,Greenery con lisianthus,1,75000,75000,Transferencia,,,"hojas de punto de venta, cuenta poscdreamscanbloom (Drive)"
2026-08-05,32,Del Este,Paquete ammi majus,1,45000,0,Salida por daño,,,"hojas de punto de venta, cuenta poscdreamscanbloom (Drive)"
2026-08-05,32,Del Este,Paquete ammobium,1,45000,45000,Datafono,Paquete ammobium,,"hojas de punto de venta, cuenta poscdreamscanbloom (Drive)"
2026-08-05,32,Del Este,Paquete celosias dream mix,1,50000,50000,Transferencia,Paquete celosias dream mix,,"hojas de punto de venta, cuenta poscdreamscanbloom (Drive)"
2026-08-05,32,Del Este,Paquete de lisianthus solo,1,60000,60000,Datafono,,,"hojas de punto de venta, cuenta poscdreamscanbloom (Drive)"
2026-08-05,32,Del Este,Paquete statice lilac dreams,1,40000,40000,Transferencia,,,"hojas de punto de venta, cuenta poscdreamscanbloom (Drive)"
2026-08-05,32,Del Este,Paquete statice pink dreams,1,40000,0,Salida por daño,Paquete statice pink dreams,,"hojas de punto de venta, cuenta poscdreamscanbloom (Drive)"
2026-08-05,32,Jardines,Bocas de dragon,1,38000,38000,Transferencia,Bocas de dragón (paquete),,"hojas de punto de venta, cuenta poscdreamscanbloom (Drive)"
2026-08-05,32,Jardines,Bouquet forever Dream pequeño,1,85000,85000,Efectivo,,,"hojas de punto de venta, cuenta poscdreamscanbloom (Drive)"
2026-08-05,32,Jardines,Cosecha Grande,1,125000,125000,Transferencia,Cosecha Grande,,"hojas de punto de venta, cuenta poscdreamscanbloom (Drive)"
2026-08-05,32,Jardines,Cosecha Grande,1,125000,125000,Datafono,Cosecha Grande,,"hojas de punto de venta, cuenta poscdreamscanbloom (Drive)"
2026-08-05,32,Jardines,Edicion Especial Lisianthus,1,75000,75000,Datafono,Edicion Especial Lisianthus,,"hojas de punto de venta, cuenta poscdreamscanbloom (Drive)"
2026-08-05,32,Jardines,Paquete ammi majus,1,45000,40500,Transferencia,,Pago 40.000,"hojas de punto de venta, cuenta poscdreamscanbloom (Drive)"
2026-08-05,32,Jardines,Paquete ammobium,1,45000,40500,Transferencia,Paquete ammobium,Pago 40.000,"hojas de punto de venta, cuenta poscdreamscanbloom (Drive)"
2026-08-05,32,Jardines,Paquete gomphenas salmon rose,1,45000,45000,Transferencia,Paquete gomphenas salmon rose,,"hojas de punto de venta, cuenta poscdreamscanbloom (Drive)"
2026-08-05,32,Jardines,Paquete lisianthus solo,1,50000,50000,Transferencia,Paquete lisianthus solo,,"hojas de punto de venta, cuenta poscdreamscanbloom (Drive)"
2026-08-05,32,Jardines,Paquete lisianthus solo,1,50000,50000,Transferencia,Paquete lisianthus solo,,"hojas de punto de venta, cuenta poscdreamscanbloom (Drive)"
2026-08-05,32,Jardines,Paquete statice pink dreams,2,40000,80000,Transferencia,Paquete statice pink dreams,,"hojas de punto de venta, cuenta poscdreamscanbloom (Drive)"
2026-08-05,32,Online,Bocas de dragon,1,38000,38000,Transferencia,Bocas de dragón (paquete),FE-1936,"hojas de punto de venta, cuenta poscdreamscanbloom (Drive)"
2026-08-05,32,Online,Bouquet  Dream Land,1,285000,285000,Transferencia,,FE-1929,"hojas de punto de venta, cuenta poscdreamscanbloom (Drive)"
2026-08-05,32,Online,Bouquet  Dream Land,1,285000,285000,Transferencia,,FE-1932,"hojas de punto de venta, cuenta poscdreamscanbloom (Drive)"
2026-08-05,32,Online,Bouquet forever Dream pequeño,1,85000,85000,Transferencia,,FE-1929,"hojas de punto de venta, cuenta poscdreamscanbloom (Drive)"
2026-08-05,32,Online,Bouquet petit,2,65000,130000,Transferencia,,FE-1933,"hojas de punto de venta, cuenta poscdreamscanbloom (Drive)"
2026-08-05,32,Online,Centro de mesa grande,1,235000,235000,Transferencia,,FE-1930,"hojas de punto de venta, cuenta poscdreamscanbloom (Drive)"
2026-08-05,32,Online,Corona floral (novias),1,140000,140000,Transferencia,,FE-1933,"hojas de punto de venta, cuenta poscdreamscanbloom (Drive)"
2026-08-05,32,Online,Cosecha Grande,1,125000,106250,Transferencia,Cosecha Grande,FE-1935,"hojas de punto de venta, cuenta poscdreamscanbloom (Drive)"
2026-08-05,32,Online,Cosecha Pequeño,1,105000,105000,Transferencia,Cosecha Pequeño,FE-1930,"hojas de punto de venta, cuenta poscdreamscanbloom (Drive)"
2026-08-05,32,Online,Cosecha Pequeño,2,105000,178500,Transferencia,Cosecha Pequeño,FE-1935,"hojas de punto de venta, cuenta poscdreamscanbloom (Drive)"
2026-08-05,32,Online,Event ammi majus 10 tallos,2,38000,76000,,,,"hojas de punto de venta, cuenta poscdreamscanbloom (Drive)"
2026-08-05,32,Online,Event bocas de dragon 10 tallos,1,32300,32300,,,,"hojas de punto de venta, cuenta poscdreamscanbloom (Drive)"
2026-08-05,32,Online,Event gomphenas blancas,1,38250,38250,,Event gomphenas blancas,,"hojas de punto de venta, cuenta poscdreamscanbloom (Drive)"
2026-08-05,32,Online,Event strawflower dreams 10 tallos,3,38250,114750,,,,"hojas de punto de venta, cuenta poscdreamscanbloom (Drive)"
2026-08-05,32,Online,Gomphrenas,1,45000,45000,Transferencia,Gomphrenas (paquete grande),FE-1931,"hojas de punto de venta, cuenta poscdreamscanbloom (Drive)"
2026-08-05,32,Online,Matricaria,1,45000,38250,,,,"hojas de punto de venta, cuenta poscdreamscanbloom (Drive)"
2026-08-05,32,Online,Paquete de lisianthus solo,1,60000,60000,Transferencia,,FE-1931,"hojas de punto de venta, cuenta poscdreamscanbloom (Drive)"
2026-08-05,32,Online,Paquete de lisianthus solo,2,60000,120000,Transferencia,,FE-1934,"hojas de punto de venta, cuenta poscdreamscanbloom (Drive)"
2026-08-05,32,Online,Statice ruso con statice,1,45000,45000,Transferencia,,FE-1934,"hojas de punto de venta, cuenta poscdreamscanbloom (Drive)"
2026-08-05,32,San Lucas,Bocas de dragon y statice,1,45000,45000,Transferencia,,,"hojas de punto de venta, cuenta poscdreamscanbloom (Drive)"
2026-08-05,32,San Lucas,Cosecha Grande,1,125000,125000,Datafono,Cosecha Grande,,"hojas de punto de venta, cuenta poscdreamscanbloom (Drive)"
2026-08-05,32,San Lucas,Cosecha Pequeño,1,105000,105000,Transferencia,Cosecha Pequeño,,"hojas de punto de venta, cuenta poscdreamscanbloom (Drive)"
2026-08-05,32,San Lucas,Cosecha Pequeño,1,105000,105000,Datafono,Cosecha Pequeño,,"hojas de punto de venta, cuenta poscdreamscanbloom (Drive)"
2026-08-05,32,San Lucas,Edicion especial lisianthus,1,75000,75000,Transferencia,Edicion Especial Lisianthus,,"hojas de punto de venta, cuenta poscdreamscanbloom (Drive)"
2026-08-05,32,San Lucas,Green ball,2,40000,80000,Transferencia,Green ball (paquete),,"hojas de punto de venta, cuenta poscdreamscanbloom (Drive)"
2026-08-05,32,San Lucas,Paquete amaranto cascada verde,1,40000,40000,Transferencia,,,"hojas de punto de venta, cuenta poscdreamscanbloom (Drive)"
2026-08-05,32,San Lucas,Paquete amaranto cascada verde,1,40000,40000,Efectivo,,,"hojas de punto de venta, cuenta poscdreamscanbloom (Drive)"
2026-08-05,32,San Lucas,Paquete amaranto cascada verde,1,40000,40000,Transferencia,,,"hojas de punto de venta, cuenta poscdreamscanbloom (Drive)"
2026-08-05,32,San Lucas,Paquete ammobium,1,45000,45000,Transferencia,Paquete ammobium,,"hojas de punto de venta, cuenta poscdreamscanbloom (Drive)"
2026-08-05,32,San Lucas,Paquete celosias dream mix,1,50000,50000,Transferencia,Paquete celosias dream mix,,"hojas de punto de venta, cuenta poscdreamscanbloom (Drive)"
2026-08-05,32,San Lucas,Paquete de lisianthus solo,1,60000,60000,Datafono,,,"hojas de punto de venta, cuenta poscdreamscanbloom (Drive)"
2026-08-05,32,Tesoro,Bocas de dragon,2,38000,76000,Datafono,Bocas de dragón (paquete),,"hojas de punto de venta, cuenta poscdreamscanbloom (Drive)"
2026-08-05,32,Tesoro,Cosecha Grande,1,125000,125000,Transferencia,Cosecha Grande,,"hojas de punto de venta, cuenta poscdreamscanbloom (Drive)"
2026-08-05,32,Tesoro,Cosecha Pequeño,1,105000,105000,Transferencia,Cosecha Pequeño,,"hojas de punto de venta, cuenta poscdreamscanbloom (Drive)"
2026-08-05,32,Tesoro,Edicion Especial Lisianthus,1,75000,75000,Transferencia,Edicion Especial Lisianthus,,"hojas de punto de venta, cuenta poscdreamscanbloom (Drive)"
2026-08-05,32,Tesoro,Matricaria,2,45000,72000,Transferencia,,,"hojas de punto de venta, cuenta poscdreamscanbloom (Drive)"
2026-08-06,32,Del Este,Cosecha Grande,1,125000,0,Salida por daño,Cosecha Grande,,"hojas de punto de venta, cuenta poscdreamscanbloom (Drive)"
2026-08-06,32,Del Este,Cosecha Pequeño,1,105000,0,Salida por daño,Cosecha Pequeño,,"hojas de punto de venta, cuenta poscdreamscanbloom (Drive)"
2026-08-06,32,Del Este,Dusty miller con colitas de conejo,1,45000,0,Salida por daño,,,"hojas de punto de venta, cuenta poscdreamscanbloom (Drive)"
2026-08-06,32,Del Este,Edicion Especial Lisianthus,1,75000,67500,Efectivo,Edicion Especial Lisianthus,,"hojas de punto de venta, cuenta poscdreamscanbloom (Drive)"
2026-08-06,32,Del Este,Edicion Especial Lisianthus,1,75000,75000,Transferencia,Edicion Especial Lisianthus,,"hojas de punto de venta, cuenta poscdreamscanbloom (Drive)"
2026-08-06,32,Del Este,Edicion Especial Lisianthus,1,75000,75000,Datafono,Edicion Especial Lisianthus,,"hojas de punto de venta, cuenta poscdreamscanbloom (Drive)"
2026-08-06,32,Del Este,Paquete de lisianthus solo,1,60000,60000,Efectivo,,,"hojas de punto de venta, cuenta poscdreamscanbloom (Drive)"
2026-08-06,32,Del Este,Paquete de lisianthus solo,1,60000,60000,Datafono,,,"hojas de punto de venta, cuenta poscdreamscanbloom (Drive)"
2026-08-06,32,Del Este,Paquete statice lilac dreams,1,40000,0,Salida por daño,,,"hojas de punto de venta, cuenta poscdreamscanbloom (Drive)"
2026-08-06,32,Jardines,Amaranto cascada,1,45000,45000,Datafono,Amaranto cascada (paquete),,"hojas de punto de venta, cuenta poscdreamscanbloom (Drive)"
2026-08-06,32,Jardines,Celosias plumosas,1,50000,50000,Transferencia,Celosias plumosas,,"hojas de punto de venta, cuenta poscdreamscanbloom (Drive)"
2026-08-06,32,Jardines,Celosias plumosas,1,50000,50000,Efectivo,Celosias plumosas,,"hojas de punto de venta, cuenta poscdreamscanbloom (Drive)"
2026-08-06,32,Jardines,Cosecha Grande,1,125000,125000,Efectivo,Cosecha Grande,,"hojas de punto de venta, cuenta poscdreamscanbloom (Drive)"
2026-08-06,32,Jardines,Cosecha Pequeño,1,105000,105000,Datafono,Cosecha Pequeño,,"hojas de punto de venta, cuenta poscdreamscanbloom (Drive)"
2026-08-06,32,Jardines,Cosecha Pequeño,1,105000,105000,Efectivo,Cosecha Pequeño,,"hojas de punto de venta, cuenta poscdreamscanbloom (Drive)"
2026-08-06,32,Jardines,Cosecha Pequeño,1,105000,105000,Transferencia,Cosecha Pequeño,,"hojas de punto de venta, cuenta poscdreamscanbloom (Drive)"
2026-08-06,32,Jardines,Dusty miller con colitas de conejo,1,45000,45000,Transferencia,,Paga 50.000,"hojas de punto de venta, cuenta poscdreamscanbloom (Drive)"
2026-08-06,32,Jardines,Edicion Especial Lisianthus,1,75000,75000,Efectivo,Edicion Especial Lisianthus,,"hojas de punto de venta, cuenta poscdreamscanbloom (Drive)"
2026-08-06,32,Jardines,Green ball,1,40000,40000,Efectivo,Green ball (paquete),,"hojas de punto de venta, cuenta poscdreamscanbloom (Drive)"
2026-08-06,32,Jardines,Green ball,1,40000,40000,Transferencia,Green ball (paquete),,"hojas de punto de venta, cuenta poscdreamscanbloom (Drive)"
2026-08-06,32,Jardines,Green ball,1,40000,40000,Transferencia,Green ball (paquete),,"hojas de punto de venta, cuenta poscdreamscanbloom (Drive)"
2026-08-06,32,Jardines,Green ball con statice,1,45000,45000,Datafono,,,"hojas de punto de venta, cuenta poscdreamscanbloom (Drive)"
2026-08-06,32,Jardines,Paquete ammobium,1,45000,40500,Transferencia,Paquete ammobium,Paga 40.000,"hojas de punto de venta, cuenta poscdreamscanbloom (Drive)"
2026-08-06,32,Jardines,Paquete ammobium,1,45000,40500,Transferencia,Paquete ammobium,Paga 40.000,"hojas de punto de venta, cuenta poscdreamscanbloom (Drive)"
2026-08-06,32,Jardines,Paquete statice pink dreams,1,40000,40000,Transferencia,Paquete statice pink dreams,,"hojas de punto de venta, cuenta poscdreamscanbloom (Drive)"
2026-08-06,32,Jardines,Paquete statice pink dreams,1,40000,40000,Transferencia,Paquete statice pink dreams,,"hojas de punto de venta, cuenta poscdreamscanbloom (Drive)"
2026-08-06,32,Online,Amaranto cascada,1,45000,45000,,Amaranto cascada (paquete),FE-1938,"hojas de punto de venta, cuenta poscdreamscanbloom (Drive)"
2026-08-06,32,Online,Bouquet  Dream Land,1,285000,285000,Transferencia,,FE-1941,"hojas de punto de venta, cuenta poscdreamscanbloom (Drive)"
2026-08-06,32,Online,Bouquet forever Dream mediano,1,120000,120000,Transferencia,,FE-1944,"hojas de punto de venta, cuenta poscdreamscanbloom (Drive)"
2026-08-06,32,Online,Cosecha Grande,1,125000,125000,Transferencia,Cosecha Grande,FE-1942,"hojas de punto de venta, cuenta poscdreamscanbloom (Drive)"
2026-08-06,32,Online,Cosecha Pequeño,1,105000,105000,Transferencia,Cosecha Pequeño,FE-1945,"hojas de punto de venta, cuenta poscdreamscanbloom (Drive)"
2026-08-06,32,Online,Dream Big,1,270000,270000,Transferencia,Dream Big,FE-1946,"hojas de punto de venta, cuenta poscdreamscanbloom (Drive)"
2026-08-06,32,Online,Dusty miller con colitas de conejo,1,45000,45000,Transferencia,,FE-1937,"hojas de punto de venta, cuenta poscdreamscanbloom (Drive)"
2026-08-06,32,Online,Dusty miller con colitas de conejo,1,45000,45000,Transferencia,,FE-1939,"hojas de punto de venta, cuenta poscdreamscanbloom (Drive)"
2026-08-06,32,Online,Dusty miller con colitas de conejo,1,45000,45000,Transferencia,,FE-1942,"hojas de punto de venta, cuenta poscdreamscanbloom (Drive)"
2026-08-06,32,Online,Gomphrenas,1,45000,45000,Transferencia,Gomphrenas (paquete grande),FE-1945,"hojas de punto de venta, cuenta poscdreamscanbloom (Drive)"
2026-08-06,32,Online,Paquete ammi majus,1,45000,45000,,,FE-1938,"hojas de punto de venta, cuenta poscdreamscanbloom (Drive)"
2026-08-06,32,Online,Paquete celosias dream mix,1,50000,50000,Transferencia,Paquete celosias dream mix,FE-1939,"hojas de punto de venta, cuenta poscdreamscanbloom (Drive)"
2026-08-06,32,Online,Paquete celosias dream mix,1,50000,50000,Transferencia,Paquete celosias dream mix,FE-1940,"hojas de punto de venta, cuenta poscdreamscanbloom (Drive)"
2026-08-06,32,Online,Paquete de lisianthus solo,2,60000,120000,,,FE-1938,"hojas de punto de venta, cuenta poscdreamscanbloom (Drive)"
2026-08-06,32,San Lucas,Bocas de dragon y plumas,1,50000,40000,Transferencia,,,"hojas de punto de venta, cuenta poscdreamscanbloom (Drive)"
2026-08-06,32,San Lucas,Cosecha Grande,1,125000,118750,Datafono,Cosecha Grande,,"hojas de punto de venta, cuenta poscdreamscanbloom (Drive)"
2026-08-06,32,San Lucas,Cosecha Grande,1,125000,125000,Efectivo,Cosecha Grande,,"hojas de punto de venta, cuenta poscdreamscanbloom (Drive)"
2026-08-06,32,San Lucas,Edicion especial lisianthus,1,75000,75000,Datafono,Edicion Especial Lisianthus,,"hojas de punto de venta, cuenta poscdreamscanbloom (Drive)"
2026-08-06,32,San Lucas,Gomphenas snow,1,45000,45000,Datafono,Gomphenas snow,,"hojas de punto de venta, cuenta poscdreamscanbloom (Drive)"
2026-08-06,32,San Lucas,Paquete celosias dream mix,1,50000,50000,Datafono,Paquete celosias dream mix,,"hojas de punto de venta, cuenta poscdreamscanbloom (Drive)"
2026-08-06,32,San Lucas,Paquete celosias dream mix,1,50000,50000,Transferencia,Paquete celosias dream mix,,"hojas de punto de venta, cuenta poscdreamscanbloom (Drive)"
2026-08-06,32,Tesoro,Cosecha Grande,1,125000,125000,Datafono,Cosecha Grande,,"hojas de punto de venta, cuenta poscdreamscanbloom (Drive)"
2026-08-06,32,Tesoro,Cosecha Pequeño,1,105000,105000,Datafono,Cosecha Pequeño,,"hojas de punto de venta, cuenta poscdreamscanbloom (Drive)"
2026-08-06,32,Tesoro,Edicion Especial Lisianthus,1,75000,75000,Datafono,Edicion Especial Lisianthus,,"hojas de punto de venta, cuenta poscdreamscanbloom (Drive)"
2026-08-06,32,Tesoro,Paquete lisianthus solo,1,60000,60000,Efectivo,Paquete lisianthus solo,,"hojas de punto de venta, cuenta poscdreamscanbloom (Drive)"
2026-08-07,32,Del Este,Bocas de dragon,1,38000,38000,Datafono,Bocas de dragón (paquete),,"hojas de punto de venta, cuenta poscdreamscanbloom (Drive)"
2026-08-07,32,Del Este,Bocas de dragon,1,38000,38000,Transferencia,Bocas de dragón (paquete),,"hojas de punto de venta, cuenta poscdreamscanbloom (Drive)"
2026-08-07,32,Del Este,Bocas de dragon,1,38000,38000,Efectivo,Bocas de dragón (paquete),,"hojas de punto de venta, cuenta poscdreamscanbloom (Drive)"
2026-08-07,32,Del Este,Bouquet forever Dream pequeño,1,85000,0,Online,,,"hojas de punto de venta, cuenta poscdreamscanbloom (Drive)"
2026-08-07,32,Del Este,Cosecha Pequeño,1,105000,105000,Transferencia,Cosecha Pequeño,,"hojas de punto de venta, cuenta poscdreamscanbloom (Drive)"
2026-08-07,32,Del Este,Dusty miller con colitas de conejo,1,45000,45000,Transferencia,,,"hojas de punto de venta, cuenta poscdreamscanbloom (Drive)"
2026-08-07,32,Del Este,Dusty miller con colitas de conejo,1,45000,45000,Efectivo,,,"hojas de punto de venta, cuenta poscdreamscanbloom (Drive)"
2026-08-07,32,Del Este,Edicion Especial Lisianthus,1,75000,75000,Transferencia,Edicion Especial Lisianthus,,"hojas de punto de venta, cuenta poscdreamscanbloom (Drive)"
2026-08-07,32,Del Este,Edicion Especial Lisianthus,1,75000,75000,Efectivo,Edicion Especial Lisianthus,,"hojas de punto de venta, cuenta poscdreamscanbloom (Drive)"
2026-08-07,32,Del Este,Greenery con lisianthus,1,75000,67500,Efectivo,,,"hojas de punto de venta, cuenta poscdreamscanbloom (Drive)"
2026-08-07,32,Del Este,Paquete gomphenas salmon rose,1,45000,45000,Datafono,Paquete gomphenas salmon rose,,"hojas de punto de venta, cuenta poscdreamscanbloom (Drive)"
2026-08-07,32,Del Este,Paquete gomphenas salmon rose,1,45000,45000,Transferencia,Paquete gomphenas salmon rose,,"hojas de punto de venta, cuenta poscdreamscanbloom (Drive)"
2026-08-07,32,Jardines,Bocas de dragon,1,38000,38000,Efectivo,Bocas de dragón (paquete),,"hojas de punto de venta, cuenta poscdreamscanbloom (Drive)"
2026-08-07,32,Jardines,Bocas de dragon,1,38000,38000,Transferencia,Bocas de dragón (paquete),,"hojas de punto de venta, cuenta poscdreamscanbloom (Drive)"
2026-08-07,32,Jardines,Bocas de dragon y plumas,1,50000,0,Salida por daño,,,"hojas de punto de venta, cuenta poscdreamscanbloom (Drive)"
2026-08-07,32,Jardines,Bocas de dragon y statice,2,45000,0,Salida por daño,,,"hojas de punto de venta, cuenta poscdreamscanbloom (Drive)"
2026-08-07,32,Jardines,Bouquet forever Dream pequeño,1,85000,85000,Transferencia,,,"hojas de punto de venta, cuenta poscdreamscanbloom (Drive)"
2026-08-07,32,Jardines,Bouquet forever Dream pequeño,1,85000,85000,Transferencia,,,"hojas de punto de venta, cuenta poscdreamscanbloom (Drive)"
2026-08-07,32,Jardines,Cosecha Grande,3,125000,375000,Datafono,Cosecha Grande,,"hojas de punto de venta, cuenta poscdreamscanbloom (Drive)"
2026-08-07,32,Jardines,Cosecha Pequeño,1,105000,105000,Transferencia,Cosecha Pequeño,,"hojas de punto de venta, cuenta poscdreamscanbloom (Drive)"
2026-08-07,32,Jardines,Edicion Especial Lisianthus,1,75000,75000,Efectivo,Edicion Especial Lisianthus,,"hojas de punto de venta, cuenta poscdreamscanbloom (Drive)"
2026-08-07,32,Jardines,Edicion Especial Lisianthus,1,75000,75000,Datafono,Edicion Especial Lisianthus,,"hojas de punto de venta, cuenta poscdreamscanbloom (Drive)"
2026-08-07,32,Jardines,Edicion Especial Lisianthus,1,75000,75000,Efectivo,Edicion Especial Lisianthus,,"hojas de punto de venta, cuenta poscdreamscanbloom (Drive)"
2026-08-07,32,Jardines,Edicion especial lisianthus,1,75000,75000,Datafono,Edicion Especial Lisianthus,bouquet mini,"hojas de punto de venta, cuenta poscdreamscanbloom (Drive)"
2026-08-07,32,Jardines,Paquete ammobium,1,45000,0,Salida por daño,Paquete ammobium,,"hojas de punto de venta, cuenta poscdreamscanbloom (Drive)"
2026-08-07,32,Jardines,Paquete lisianthus solo,1,50000,0,Salida por daño,Paquete lisianthus solo,,"hojas de punto de venta, cuenta poscdreamscanbloom (Drive)"
2026-08-07,32,Lemont,Cosecha Pequeño,1,105000,89250,Transferencia,Cosecha Pequeño,,"hojas de punto de venta, cuenta poscdreamscanbloom (Drive)"
2026-08-07,32,San Lucas,Bocas de dragon,1,38000,38000,Efectivo,Bocas de dragón (paquete),,"hojas de punto de venta, cuenta poscdreamscanbloom (Drive)"
2026-08-07,32,San Lucas,Celosias plumosas,1,50000,50000,Efectivo,Celosias plumosas,,"hojas de punto de venta, cuenta poscdreamscanbloom (Drive)"
2026-08-07,32,San Lucas,Greenery con lisianthus,1,75000,75000,Transferencia,,,"hojas de punto de venta, cuenta poscdreamscanbloom (Drive)"
2026-08-07,32,San Lucas,Paquete lisianthus solo,1,50000,50000,Efectivo,Paquete lisianthus solo,Paga 50.000,"hojas de punto de venta, cuenta poscdreamscanbloom (Drive)"
2026-08-07,32,Tesoro,Cosecha Pequeño,1,105000,105000,Transferencia,Cosecha Pequeño,,"hojas de punto de venta, cuenta poscdreamscanbloom (Drive)"
2026-08-07,32,Tesoro,Cosecha Pequeño,1,105000,89250,,Cosecha Pequeño,,"hojas de punto de venta, cuenta poscdreamscanbloom (Drive)"
2026-08-07,32,Tesoro,Dahlias,1,60000,51000,,,,"hojas de punto de venta, cuenta poscdreamscanbloom (Drive)"
2026-08-07,32,Tesoro,Dusty miller con colitas de conejo,1,45000,45000,Transferencia,,,"hojas de punto de venta, cuenta poscdreamscanbloom (Drive)"
2026-08-08,32,Del Este,Bocas de dragon,2,38000,76000,Transferencia,Bocas de dragón (paquete),,"hojas de punto de venta, cuenta poscdreamscanbloom (Drive)"
2026-08-08,32,Del Este,Bocas de dragon,1,38000,38000,Datafono,Bocas de dragón (paquete),,"hojas de punto de venta, cuenta poscdreamscanbloom (Drive)"
2026-08-08,32,Del Este,Cosecha Pequeño,1,105000,0,Online,Cosecha Pequeño,,"hojas de punto de venta, cuenta poscdreamscanbloom (Drive)"
2026-08-08,32,Del Este,Edicion Especial Lisianthus,1,75000,75000,Transferencia,Edicion Especial Lisianthus,,"hojas de punto de venta, cuenta poscdreamscanbloom (Drive)"
2026-08-08,32,Del Este,Edicion Especial Lisianthus,1,75000,75000,Efectivo,Edicion Especial Lisianthus,,"hojas de punto de venta, cuenta poscdreamscanbloom (Drive)"
2026-08-08,32,Del Este,Edicion Especial Lisianthus,1,75000,75000,Efectivo,Edicion Especial Lisianthus,,"hojas de punto de venta, cuenta poscdreamscanbloom (Drive)"
2026-08-08,32,Del Este,Paquete celosias dream mix,1,50000,50000,Efectivo,Paquete celosias dream mix,,"hojas de punto de venta, cuenta poscdreamscanbloom (Drive)"
2026-08-08,32,Del Este,Paquete de lisianthus solo,1,60000,60000,Datafono,,,"hojas de punto de venta, cuenta poscdreamscanbloom (Drive)"
2026-08-08,32,Del Este,Paquete statice dream mix,1,40000,0,Salida por daño,,,"hojas de punto de venta, cuenta poscdreamscanbloom (Drive)"
2026-08-08,32,Jardines,Bocas de dragon,1,38000,38000,Transferencia,Bocas de dragón (paquete),,"hojas de punto de venta, cuenta poscdreamscanbloom (Drive)"
2026-08-08,32,Jardines,Bocas de dragon,1,38000,38000,Efectivo,Bocas de dragón (paquete),,"hojas de punto de venta, cuenta poscdreamscanbloom (Drive)"
2026-08-08,32,Jardines,Bocas de dragon,2,38000,76000,Datafono,Bocas de dragón (paquete),,"hojas de punto de venta, cuenta poscdreamscanbloom (Drive)"
2026-08-08,32,Jardines,Bocas de dragon y statice,1,45000,45000,Datafono,,,"hojas de punto de venta, cuenta poscdreamscanbloom (Drive)"
2026-08-08,32,Jardines,Bouquet forever Dream grande,1,140000,140000,Transferencia,,,"hojas de punto de venta, cuenta poscdreamscanbloom (Drive)"
2026-08-08,32,Jardines,Bouquet mamá de los sueños petit,1,90000,90000,Transferencia,,,"hojas de punto de venta, cuenta poscdreamscanbloom (Drive)"
2026-08-08,32,Jardines,Celosias plumosas,1,50000,50000,Datafono,Celosias plumosas,,"hojas de punto de venta, cuenta poscdreamscanbloom (Drive)"
2026-08-08,32,Jardines,Cosecha Grande,1,125000,125000,Transferencia,Cosecha Grande,,"hojas de punto de venta, cuenta poscdreamscanbloom (Drive)"
2026-08-08,32,Jardines,Cosecha Grande,1,125000,0,Online,Cosecha Grande,,"hojas de punto de venta, cuenta poscdreamscanbloom (Drive)"
2026-08-08,32,Jardines,Cosecha Grande,1,125000,125000,Transferencia,Cosecha Grande,,"hojas de punto de venta, cuenta poscdreamscanbloom (Drive)"
2026-08-08,32,Jardines,Dusty miller con colitas de conejo,1,45000,45000,Efectivo,,"50,000.00","hojas de punto de venta, cuenta poscdreamscanbloom (Drive)"
2026-08-08,32,Jardines,Green ball con statice,1,45000,45000,Datafono,,,"hojas de punto de venta, cuenta poscdreamscanbloom (Drive)"
2026-08-08,32,Jardines,Greenery con lisianthus,1,75000,75000,Datafono,,,"hojas de punto de venta, cuenta poscdreamscanbloom (Drive)"
2026-08-08,32,Jardines,Paquete ammobium,1,45000,40500,Efectivo,Paquete ammobium,,"hojas de punto de venta, cuenta poscdreamscanbloom (Drive)"
2026-08-08,32,Jardines,Paquete ammobium,1,45000,45000,Transferencia,Paquete ammobium,,"hojas de punto de venta, cuenta poscdreamscanbloom (Drive)"
2026-08-08,32,Jardines,Sobres,1,9500,9500,Efectivo,,,"hojas de punto de venta, cuenta poscdreamscanbloom (Drive)"
2026-08-08,32,Online,Bocas de dragon,1,38000,38000,Transferencia,Bocas de dragón (paquete),FE-1948,"hojas de punto de venta, cuenta poscdreamscanbloom (Drive)"
2026-08-08,32,Online,Bouquet petit,1,65000,65000,Transferencia,,FE-1947,"hojas de punto de venta, cuenta poscdreamscanbloom (Drive)"
2026-08-08,32,Online,Cosecha Grande,1,125000,125000,Transferencia,Cosecha Grande,FE-1949,"hojas de punto de venta, cuenta poscdreamscanbloom (Drive)"
2026-08-08,32,Online,Cosecha Grande,1,125000,125000,Transferencia,Cosecha Grande,FE-1952,"hojas de punto de venta, cuenta poscdreamscanbloom (Drive)"
2026-08-08,32,Online,Cosecha Pequeño,1,105000,105000,Transferencia,Cosecha Pequeño,FE-1950,"hojas de punto de venta, cuenta poscdreamscanbloom (Drive)"
2026-08-08,32,Online,Edicion Especial Lisianthus,1,75000,75000,Transferencia,Edicion Especial Lisianthus,FE-1951,"hojas de punto de venta, cuenta poscdreamscanbloom (Drive)"
2026-08-08,32,Online,Paquete ammi majus,1,45000,45000,Transferencia,,FE-1948,"hojas de punto de venta, cuenta poscdreamscanbloom (Drive)"
2026-08-08,32,San Lucas,Cosecha Grande,1,125000,125000,Datafono,Cosecha Grande,,"hojas de punto de venta, cuenta poscdreamscanbloom (Drive)"
2026-08-08,32,San Lucas,Edicion especial lisianthus,1,75000,75000,Transferencia,Edicion Especial Lisianthus,,"hojas de punto de venta, cuenta poscdreamscanbloom (Drive)"
2026-08-08,32,San Lucas,Paquete ammobium,2,45000,0,Salida por daño,Paquete ammobium,,"hojas de punto de venta, cuenta poscdreamscanbloom (Drive)"
2026-08-08,32,San Lucas,Paquete green ball y plumas,1,45000,45000,Transferencia,,,"hojas de punto de venta, cuenta poscdreamscanbloom (Drive)"
2026-08-08,32,San Lucas,Paquete green ball y plumas,1,45000,45000,Datafono,,,"hojas de punto de venta, cuenta poscdreamscanbloom (Drive)"
2026-08-08,32,San Lucas,Paquete statice pink dreams,1,40000,0,Salida por daño,Paquete statice pink dreams,,"hojas de punto de venta, cuenta poscdreamscanbloom (Drive)"
2026-08-08,32,Tesoro,Celosias plumosas,1,50000,50000,Datafono,Celosias plumosas,,"hojas de punto de venta, cuenta poscdreamscanbloom (Drive)"
2026-08-08,32,Tesoro,Paquete gomphenas salmon rose,1,45000,45000,Datafono,Paquete gomphenas salmon rose,,"hojas de punto de venta, cuenta poscdreamscanbloom (Drive)"
2026-08-08,32,Tesoro,Paquete gomphenas salmon rose,1,45000,45000,Datafono,Paquete gomphenas salmon rose,,"hojas de punto de venta, cuenta poscdreamscanbloom (Drive)"
2026-08-09,32,Del Este,Bocas de dragon,1,38000,38000,Datafono,Bocas de dragón (paquete),,"hojas de punto de venta, cuenta poscdreamscanbloom (Drive)"
2026-08-09,32,Del Este,Bocas de dragon,1,38000,38000,Efectivo,Bocas de dragón (paquete),,"hojas de punto de venta, cuenta poscdreamscanbloom (Drive)"
2026-08-09,32,Del Este,Bouquet forever Dream grande,1,140000,140000,Transferencia,,,"hojas de punto de venta, cuenta poscdreamscanbloom (Drive)"
2026-08-09,32,Del Este,Dusty miller con colitas de conejo,1,45000,45000,Transferencia,,Paga 50.000,"hojas de punto de venta, cuenta poscdreamscanbloom (Drive)"
2026-08-09,32,Del Este,Green ball,1,40000,40000,Datafono,Green ball (paquete),,"hojas de punto de venta, cuenta poscdreamscanbloom (Drive)"
2026-08-09,32,Del Este,Paquete ammobium,1,45000,45000,Transferencia,Paquete ammobium,Paga 40.000,"hojas de punto de venta, cuenta poscdreamscanbloom (Drive)"
2026-08-09,32,Del Este,Paquete gomphenas salmon rose,1,45000,45000,Datafono,Paquete gomphenas salmon rose,,"hojas de punto de venta, cuenta poscdreamscanbloom (Drive)"
2026-08-09,32,Del Este,Paquete statice pink dreams,1,40000,40000,Datafono,Paquete statice pink dreams,,"hojas de punto de venta, cuenta poscdreamscanbloom (Drive)"
2026-08-09,32,Jardines,Bocas de dragon,1,38000,38000,Datafono,Bocas de dragón (paquete),,"hojas de punto de venta, cuenta poscdreamscanbloom (Drive)"
2026-08-09,32,Jardines,Bouquet forever Dream mediano,1,120000,120000,Datafono,,,"hojas de punto de venta, cuenta poscdreamscanbloom (Drive)"
2026-08-09,32,Jardines,Bouquet forever Dream pequeño,1,85000,85000,Datafono,,,"hojas de punto de venta, cuenta poscdreamscanbloom (Drive)"
2026-08-09,32,Jardines,Cosecha Grande,1,125000,125000,Datafono,Cosecha Grande,,"hojas de punto de venta, cuenta poscdreamscanbloom (Drive)"
2026-08-09,32,Jardines,Dusty miller con colitas de conejo,1,45000,0,Salida por daño,,,"hojas de punto de venta, cuenta poscdreamscanbloom (Drive)"
2026-08-09,32,Jardines,Edicion Especial Lisianthus,1,75000,75000,Efectivo,Edicion Especial Lisianthus,,"hojas de punto de venta, cuenta poscdreamscanbloom (Drive)"
2026-08-09,32,Jardines,Edicion Especial Lisianthus,1,75000,75000,Datafono,Edicion Especial Lisianthus,,"hojas de punto de venta, cuenta poscdreamscanbloom (Drive)"
2026-08-09,32,Jardines,Paquete gomphenas salmon rose,1,45000,45000,Datafono,Paquete gomphenas salmon rose,,"hojas de punto de venta, cuenta poscdreamscanbloom (Drive)"
2026-08-09,32,Jardines,Paquete statice lilac dreams,1,40000,40000,Efectivo,,,"hojas de punto de venta, cuenta poscdreamscanbloom (Drive)"
2026-08-09,32,San Lucas,Bocas de dragon,1,38000,38000,Transferencia,Bocas de dragón (paquete),,"hojas de punto de venta, cuenta poscdreamscanbloom (Drive)"
2026-08-09,32,San Lucas,Bocas de dragon,1,38000,38000,Transferencia,Bocas de dragón (paquete),,"hojas de punto de venta, cuenta poscdreamscanbloom (Drive)"
2026-08-09,32,San Lucas,Bouquet Greenery,1,90000,90000,Datafono,,Petit,"hojas de punto de venta, cuenta poscdreamscanbloom (Drive)"
2026-08-09,32,San Lucas,Paquete celosias dream mix,1,50000,50000,Datafono,Paquete celosias dream mix,,"hojas de punto de venta, cuenta poscdreamscanbloom (Drive)"
2026-08-09,32,San Lucas,Paquete celosias dream mix,1,50000,50000,Transferencia,Paquete celosias dream mix,,"hojas de punto de venta, cuenta poscdreamscanbloom (Drive)"
2026-08-09,32,San Lucas,Paquete de lisianthus solo,1,60000,60000,Transferencia,,,"hojas de punto de venta, cuenta poscdreamscanbloom (Drive)"
2026-08-10,33,Del Este,Bocas de dragon,1,38000,38000,Efectivo,Bocas de dragón (paquete),,"hojas de punto de venta, cuenta poscdreamscanbloom (Drive)"
2026-08-10,33,Del Este,Bocas de dragon y statice,1,45000,45000,Efectivo,,Paga 55.000,"hojas de punto de venta, cuenta poscdreamscanbloom (Drive)"
2026-08-10,33,Del Este,Bocas de dragon y statice,1,45000,45000,Datafono,,Paga 55.000,"hojas de punto de venta, cuenta poscdreamscanbloom (Drive)"
2026-08-10,33,Del Este,Bouquet Greenery,2,90000,180000,Efectivo,,Edición especial,"hojas de punto de venta, cuenta poscdreamscanbloom (Drive)"
2026-08-10,33,Del Este,Bouquet Greenery,1,90000,90000,Datafono,,,"hojas de punto de venta, cuenta poscdreamscanbloom (Drive)"
2026-08-10,33,Del Este,Bouquet Greenery,1,90000,85500,Datafono,,Edición especial paga 88.00,"hojas de punto de venta, cuenta poscdreamscanbloom (Drive)"
2026-08-10,33,Del Este,Bouquet mamá de los sueños mediano,1,130000,130000,Datafono,,Paga 120.000,"hojas de punto de venta, cuenta poscdreamscanbloom (Drive)"
2026-08-10,33,Del Este,Paquete ammi majus,1,45000,45000,Datafono,,Paquete Trachellium,"hojas de punto de venta, cuenta poscdreamscanbloom (Drive)"
2026-08-10,33,Del Este,Paquete ammobium,1,45000,45000,Datafono,Paquete ammobium,,"hojas de punto de venta, cuenta poscdreamscanbloom (Drive)"
2026-08-10,33,Jardines,Amaranto cascada,1,45000,0,Salida por daño,Amaranto cascada (paquete),,"hojas de punto de venta, cuenta poscdreamscanbloom (Drive)"
2026-08-10,33,Jardines,Bocas de dragon,2,38000,76000,Efectivo,Bocas de dragón (paquete),,"hojas de punto de venta, cuenta poscdreamscanbloom (Drive)"
2026-08-10,33,Jardines,Bocas de dragon y statice,1,45000,45000,Datafono,,,"hojas de punto de venta, cuenta poscdreamscanbloom (Drive)"
2026-08-10,33,Jardines,Bouquet forever Dream mediano,1,120000,120000,Transferencia,,,"hojas de punto de venta, cuenta poscdreamscanbloom (Drive)"
2026-08-10,33,Jardines,Celosias plumosas,1,50000,40000,Efectivo,Celosias plumosas,,"hojas de punto de venta, cuenta poscdreamscanbloom (Drive)"
2026-08-10,33,Jardines,Cosecha Grande,1,125000,125000,Efectivo,Cosecha Grande,,"hojas de punto de venta, cuenta poscdreamscanbloom (Drive)"
2026-08-10,33,Jardines,Cosecha Grande,1,125000,125000,Datafono,Cosecha Grande,,"hojas de punto de venta, cuenta poscdreamscanbloom (Drive)"
2026-08-10,33,Jardines,Dusty miller con colitas de conejo,1,45000,45000,Datafono,,"50,000.00","hojas de punto de venta, cuenta poscdreamscanbloom (Drive)"
2026-08-10,33,Jardines,Edicion Especial Lisianthus,1,75000,67500,Datafono,Edicion Especial Lisianthus,,"hojas de punto de venta, cuenta poscdreamscanbloom (Drive)"
2026-08-10,33,Jardines,Paquete ammobium,1,45000,0,Salida por daño,Paquete ammobium,,"hojas de punto de venta, cuenta poscdreamscanbloom (Drive)"
2026-08-10,33,Jardines,Paquete gomphenas salmon rose,1,45000,45000,Transferencia,Paquete gomphenas salmon rose,,"hojas de punto de venta, cuenta poscdreamscanbloom (Drive)"
2026-08-10,33,Jardines,Paquete gomphenas salmon rose,1,45000,45000,Datafono,Paquete gomphenas salmon rose,,"hojas de punto de venta, cuenta poscdreamscanbloom (Drive)"
2026-08-10,33,Jardines,Paquete statice lilac dreams,1,40000,40000,Transferencia,,,"hojas de punto de venta, cuenta poscdreamscanbloom (Drive)"
2026-08-10,33,Online,Bouquet  Dream Land,1,285000,249375,Transferencia,,FE-1953,"hojas de punto de venta, cuenta poscdreamscanbloom (Drive)"
2026-08-10,33,Online,Cosecha Grande,2,125000,250000,Transferencia,Cosecha Grande,FE-1954,"hojas de punto de venta, cuenta poscdreamscanbloom (Drive)"
2026-08-10,33,Online,Cosecha Grande,2,125000,250000,Transferencia,Cosecha Grande,FE-1955,"hojas de punto de venta, cuenta poscdreamscanbloom (Drive)"
2026-08-10,33,San Lucas,Bocas de dragon,1,38000,38000,Datafono,Bocas de dragón (paquete),,"hojas de punto de venta, cuenta poscdreamscanbloom (Drive)"
2026-08-10,33,San Lucas,Cosecha Grande,1,125000,125000,Datafono,Cosecha Grande,,"hojas de punto de venta, cuenta poscdreamscanbloom (Drive)"
2026-08-10,33,San Lucas,Gomphenas snow,1,45000,45000,Datafono,Gomphenas snow,,"hojas de punto de venta, cuenta poscdreamscanbloom (Drive)"
2026-08-10,33,San Lucas,Paquete green ball y plumas,1,45000,45000,Efectivo,,,"hojas de punto de venta, cuenta poscdreamscanbloom (Drive)"
2026-08-10,33,Tesoro,Cosecha Grande,1,125000,100000,Transferencia,Cosecha Grande,,"hojas de punto de venta, cuenta poscdreamscanbloom (Drive)"
2026-08-10,33,Tesoro,Edicion Especial Lisianthus,1,75000,60000,Transferencia,Edicion Especial Lisianthus,,"hojas de punto de venta, cuenta poscdreamscanbloom (Drive)"
2026-08-10,33,Tesoro,Edicion Especial Lisianthus,1,75000,50000,Datafono,Edicion Especial Lisianthus,,"hojas de punto de venta, cuenta poscdreamscanbloom (Drive)"
2026-08-11,33,Del Este,Celosias plumosas,1,50000,50000,Efectivo,Celosias plumosas,,"hojas de punto de venta, cuenta poscdreamscanbloom (Drive)"
2026-08-11,33,Del Este,Edicion especial mon amour,1,90000,90000,Datafono,,,"hojas de punto de venta, cuenta poscdreamscanbloom (Drive)"
2026-08-11,33,Del Este,Edicion especial mon amour,1,90000,90000,Datafono,,,"hojas de punto de venta, cuenta poscdreamscanbloom (Drive)"
2026-08-11,33,Jardines,Bocas de dragon,1,38000,38000,Transferencia,Bocas de dragón (paquete),,"hojas de punto de venta, cuenta poscdreamscanbloom (Drive)"
2026-08-11,33,Jardines,Bocas de dragon,1,38000,38000,Datafono,Bocas de dragón (paquete),,"hojas de punto de venta, cuenta poscdreamscanbloom (Drive)"
2026-08-11,33,Jardines,Bocas de dragon y statice,1,45000,40500,Transferencia,,,"hojas de punto de venta, cuenta poscdreamscanbloom (Drive)"
2026-08-11,33,Jardines,Bouquet forever Dream mediano,1,120000,120000,Transferencia,,,"hojas de punto de venta, cuenta poscdreamscanbloom (Drive)"
2026-08-11,33,Jardines,Bouquet petit,1,65000,65000,Transferencia,,,"hojas de punto de venta, cuenta poscdreamscanbloom (Drive)"
2026-08-11,33,Jardines,Cosecha Grande,1,125000,125000,Datafono,Cosecha Grande,,"hojas de punto de venta, cuenta poscdreamscanbloom (Drive)"
2026-08-11,33,Jardines,Cosecha Pequeño,1,105000,105000,Datafono,Cosecha Pequeño,,"hojas de punto de venta, cuenta poscdreamscanbloom (Drive)"
2026-08-11,33,Jardines,Dusty miller con colitas de conejo,1,50000,0,Salida por daño,,,"hojas de punto de venta, cuenta poscdreamscanbloom (Drive)"
2026-08-11,33,Jardines,Green ball,1,40000,40000,Datafono,Green ball (paquete),,"hojas de punto de venta, cuenta poscdreamscanbloom (Drive)"
2026-08-11,33,Jardines,Paquete gomphenas salmon rose,1,45000,45000,Datafono,Paquete gomphenas salmon rose,,"hojas de punto de venta, cuenta poscdreamscanbloom (Drive)"
2026-08-11,33,Jardines,Paquete lisianthus solo,1,50000,0,Salida por daño,Paquete lisianthus solo,,"hojas de punto de venta, cuenta poscdreamscanbloom (Drive)"
2026-08-11,33,Jardines,Paquete statice lilac dreams,1,40000,40000,Datafono,,,"hojas de punto de venta, cuenta poscdreamscanbloom (Drive)"
2026-08-11,33,Online,Bocas de dragon,1,38000,38000,Transferencia,Bocas de dragón (paquete),FE-1956,"hojas de punto de venta, cuenta poscdreamscanbloom (Drive)"
2026-08-11,33,Online,Bocas de dragon,2,38000,76000,Transferencia,Bocas de dragón (paquete),FE-1957,"hojas de punto de venta, cuenta poscdreamscanbloom (Drive)"
2026-08-11,33,Online,Bocas de dragon y statice,1,45000,45000,Transferencia,,FE-1966,"hojas de punto de venta, cuenta poscdreamscanbloom (Drive)"
2026-08-11,33,Online,Bouquet  Dream Land,1,285000,285000,Transferencia,,FE-1962,"hojas de punto de venta, cuenta poscdreamscanbloom (Drive)"
2026-08-11,33,Online,Bouquet  Dream Land,1,285000,285000,Transferencia,,FE-1964,"hojas de punto de venta, cuenta poscdreamscanbloom (Drive)"
2026-08-11,33,Online,Bouquet forever Dream grande,1,140000,140000,Transferencia,,FE-1962,"hojas de punto de venta, cuenta poscdreamscanbloom (Drive)"
2026-08-11,33,Online,Cosecha Grande,8,125000,850000,Transferencia,Cosecha Grande,FE-1958,"hojas de punto de venta, cuenta poscdreamscanbloom (Drive)"
2026-08-11,33,Online,Cosecha Grande,1,125000,125000,Transferencia,Cosecha Grande,FE-1960,"hojas de punto de venta, cuenta poscdreamscanbloom (Drive)"
2026-08-11,33,Online,Cosecha Grande,1,125000,125000,Transferencia,Cosecha Grande,FE-1961,"hojas de punto de venta, cuenta poscdreamscanbloom (Drive)"
2026-08-11,33,Online,Cosecha Grande,1,125000,125000,Transferencia,Cosecha Grande,FE-1963,"hojas de punto de venta, cuenta poscdreamscanbloom (Drive)"
2026-08-11,33,Online,Cosecha Pequeño,4,105000,420000,Transferencia,Cosecha Pequeño,FE-1957,"hojas de punto de venta, cuenta poscdreamscanbloom (Drive)"
2026-08-11,33,Online,Dream Big,1,270000,270000,Transferencia,Dream Big,FE-1957,"hojas de punto de venta, cuenta poscdreamscanbloom (Drive)"
2026-08-11,33,Online,Edicion Especial Lisianthus,1,75000,75000,,Edicion Especial Lisianthus,Falta FE,"hojas de punto de venta, cuenta poscdreamscanbloom (Drive)"
2026-08-11,33,Online,Event ammobium 10 tallos,2,38250,76500,,,FE-1965,"hojas de punto de venta, cuenta poscdreamscanbloom (Drive)"
2026-08-11,33,Online,Event bocas de dragon 10 tallos,1,32300,32300,,,FE-1965,"hojas de punto de venta, cuenta poscdreamscanbloom (Drive)"
2026-08-11,33,San Lucas,Bocas de dragon,1,38000,38000,Datafono,Bocas de dragón (paquete),,"hojas de punto de venta, cuenta poscdreamscanbloom (Drive)"
2026-08-11,33,San Lucas,Bocas de dragon,1,38000,38000,Transferencia,Bocas de dragón (paquete),,"hojas de punto de venta, cuenta poscdreamscanbloom (Drive)"
2026-08-11,33,San Lucas,Bocas de dragon y statice,1,45000,45000,Transferencia,,,"hojas de punto de venta, cuenta poscdreamscanbloom (Drive)"
2026-08-11,33,San Lucas,Bouquet Greenery,1,90000,90000,Datafono,,Edición especial Mon amour,"hojas de punto de venta, cuenta poscdreamscanbloom (Drive)"
2026-08-11,33,San Lucas,Cosecha Pequeño,1,105000,105000,Efectivo,Cosecha Pequeño,,"hojas de punto de venta, cuenta poscdreamscanbloom (Drive)"
2026-08-11,33,San Lucas,Edicion especial lisianthus,1,75000,75000,Datafono,Edicion Especial Lisianthus,,"hojas de punto de venta, cuenta poscdreamscanbloom (Drive)"
2026-08-11,33,San Lucas,Esparragos con ammi,1,45000,45000,Transferencia,,,"hojas de punto de venta, cuenta poscdreamscanbloom (Drive)"
2026-08-11,33,San Lucas,Gomphenas snow,1,45000,45000,Transferencia,Gomphenas snow,,"hojas de punto de venta, cuenta poscdreamscanbloom (Drive)"
2026-08-11,33,San Lucas,Green ball,2,40000,80000,Datafono,Green ball (paquete),,"hojas de punto de venta, cuenta poscdreamscanbloom (Drive)"
2026-08-11,33,San Lucas,Green ball,1,40000,40000,Transferencia,Green ball (paquete),,"hojas de punto de venta, cuenta poscdreamscanbloom (Drive)"
2026-08-11,33,San Lucas,Paquete celosias dream mix,1,50000,50000,Transferencia,Paquete celosias dream mix,,"hojas de punto de venta, cuenta poscdreamscanbloom (Drive)"
2026-08-11,33,Tesoro,Amaranto cascada,1,45000,0,Salida por daño,Amaranto cascada (paquete),,"hojas de punto de venta, cuenta poscdreamscanbloom (Drive)"
2026-08-11,33,Tesoro,Bocas de dragon,1,38000,38000,Transferencia,Bocas de dragón (paquete),,"hojas de punto de venta, cuenta poscdreamscanbloom (Drive)"
2026-08-11,33,Tesoro,Edicion Especial Lisianthus,1,75000,75000,Transferencia,Edicion Especial Lisianthus,greenery,"hojas de punto de venta, cuenta poscdreamscanbloom (Drive)"
2026-08-11,33,Tesoro,Esparragos con ammi,1,45000,45000,Transferencia,,,"hojas de punto de venta, cuenta poscdreamscanbloom (Drive)"
2026-08-11,33,Tesoro,Gomphrenas,1,45000,45000,Transferencia,Gomphrenas (paquete grande),gomphrenas con statice,"hojas de punto de venta, cuenta poscdreamscanbloom (Drive)"
2026-08-11,33,Tesoro,Green ball con statice,2,45000,0,Salida por daño,,2.00,"hojas de punto de venta, cuenta poscdreamscanbloom (Drive)"
2026-08-11,33,Tesoro,Paquete statice dream mix,1,40000,0,Salida por daño,,,"hojas de punto de venta, cuenta poscdreamscanbloom (Drive)"
2026-08-12,33,Del Este,Bocas de dragon,1,38000,38000,Transferencia,Bocas de dragón (paquete),,"hojas de punto de venta, cuenta poscdreamscanbloom (Drive)"
2026-08-12,33,Del Este,Bocas de dragon y statice,2,45000,90000,Datafono,,,"hojas de punto de venta, cuenta poscdreamscanbloom (Drive)"
2026-08-12,33,Del Este,Dusty miller con colitas de conejo,1,50000,50000,Efectivo,,,"hojas de punto de venta, cuenta poscdreamscanbloom (Drive)"
2026-08-12,33,Jardines,Bocas de dragon,1,38000,38000,Transferencia,Bocas de dragón (paquete),,"hojas de punto de venta, cuenta poscdreamscanbloom (Drive)"
2026-08-12,33,Jardines,Bouquet forever Dream grande,1,140000,140000,Datafono,,,"hojas de punto de venta, cuenta poscdreamscanbloom (Drive)"
2026-08-12,33,Jardines,Cosecha Pequeño,1,105000,105000,Transferencia,Cosecha Pequeño,,"hojas de punto de venta, cuenta poscdreamscanbloom (Drive)"
2026-08-12,33,Jardines,Edicion especial mon amour,1,90000,81000,Efectivo,,"80,000.00","hojas de punto de venta, cuenta poscdreamscanbloom (Drive)"
2026-08-12,33,Jardines,Paquete gomphenas salmon rose,1,45000,45000,Datafono,Paquete gomphenas salmon rose,,"hojas de punto de venta, cuenta poscdreamscanbloom (Drive)"
2026-08-12,33,Jardines,Paquete gomphenas salmon rose,1,45000,45000,Transferencia,Paquete gomphenas salmon rose,,"hojas de punto de venta, cuenta poscdreamscanbloom (Drive)"
2026-08-12,33,Online,Bocas de dragon,1,38000,19000,Transferencia,Bocas de dragón (paquete),FE-1967,"hojas de punto de venta, cuenta poscdreamscanbloom (Drive)"
2026-08-12,33,Online,Bouquet Greenery,2,90000,180000,Transferencia,,Falta FE,"hojas de punto de venta, cuenta poscdreamscanbloom (Drive)"
2026-08-12,33,Online,Bouquet pureza,1,160000,136000,Transferencia,Bouquet pureza,Falta FE,"hojas de punto de venta, cuenta poscdreamscanbloom (Drive)"
2026-08-12,33,Online,Bouquet pureza,1,160000,160000,Transferencia,Bouquet pureza,Falta FE,"hojas de punto de venta, cuenta poscdreamscanbloom (Drive)"
2026-08-12,33,Online,Bouquet pureza,3,160000,420000,Transferencia,Bouquet pureza,FE-1959,"hojas de punto de venta, cuenta poscdreamscanbloom (Drive)"
2026-08-12,33,Online,Cosecha Grande,1,125000,125000,Transferencia,Cosecha Grande,Falta FE,"hojas de punto de venta, cuenta poscdreamscanbloom (Drive)"
2026-08-12,33,Online,Cosecha Grande,1,125000,125000,Transferencia,Cosecha Grande,Falta FE,"hojas de punto de venta, cuenta poscdreamscanbloom (Drive)"
2026-08-12,33,Online,Dream Big,3,270000,708750,Transferencia,Dream Big,FE-1959,"hojas de punto de venta, cuenta poscdreamscanbloom (Drive)"
2026-08-12,33,Online,Dusty miller con colitas de conejo,1,50000,25000,Transferencia,,FE-1967,"hojas de punto de venta, cuenta poscdreamscanbloom (Drive)"
2026-08-12,33,Online,Event ammobium 10 tallos,6,38250,229500,Transferencia,,Falta FE,"hojas de punto de venta, cuenta poscdreamscanbloom (Drive)"
2026-08-12,33,Online,Event bocas de dragon 10 tallos,8,32300,258400,Transferencia,,Falta FE,"hojas de punto de venta, cuenta poscdreamscanbloom (Drive)"
2026-08-12,33,Online,Event celosias dream,8,38250,306000,Transferencia,,Falta FE,"hojas de punto de venta, cuenta poscdreamscanbloom (Drive)"
2026-08-12,33,Online,Event dahlias 10 tallos,8,60000,480000,Transferencia,,Falta FE,"hojas de punto de venta, cuenta poscdreamscanbloom (Drive)"
2026-08-12,33,Online,Event dahlias 10 tallos,1,60000,30000,Transferencia,,FE-1967,"hojas de punto de venta, cuenta poscdreamscanbloom (Drive)"
2026-08-12,33,Online,Event gomphenas blancas,8,38250,306000,Transferencia,Event gomphenas blancas,Falta FE,"hojas de punto de venta, cuenta poscdreamscanbloom (Drive)"
2026-08-12,33,Online,Event lisianthus 5 tallos,8,42500,340000,Transferencia,,Falta FE,"hojas de punto de venta, cuenta poscdreamscanbloom (Drive)"
2026-08-12,33,Online,Green ball,1,40000,20000,Transferencia,Green ball (paquete),FE-1967,"hojas de punto de venta, cuenta poscdreamscanbloom (Drive)"
2026-08-12,33,Online,Greenery con lisianthus,3,75000,196875,Transferencia,,FE-1959,"hojas de punto de venta, cuenta poscdreamscanbloom (Drive)"
2026-08-12,33,Online,Matricaria,5,45000,196875,Transferencia,,FE-1959,"hojas de punto de venta, cuenta poscdreamscanbloom (Drive)"
2026-08-12,33,Online,Paquete ammi y matricaria,2,55000,110000,Transferencia,,Falta FE,"hojas de punto de venta, cuenta poscdreamscanbloom (Drive)"
2026-08-12,33,Online,Paquete de lisianthus solo,1,60000,60000,Transferencia,,FE-1967,"hojas de punto de venta, cuenta poscdreamscanbloom (Drive)"
2026-08-12,33,Online,Paquete de lisianthus solo,2,60000,120000,Transferencia,,Falta FE,"hojas de punto de venta, cuenta poscdreamscanbloom (Drive)"
2026-08-12,33,Online,Yugo pequeño,1,155400,155400,Transferencia,Yugo pequeño,Falta FE,"hojas de punto de venta, cuenta poscdreamscanbloom (Drive)"
2026-08-12,33,San Lucas,Cosecha Pequeño,1,105000,105000,Datafono,Cosecha Pequeño,,"hojas de punto de venta, cuenta poscdreamscanbloom (Drive)"
2026-08-12,33,San Lucas,Edicion especial lisianthus,1,75000,75000,Datafono,Edicion Especial Lisianthus,,"hojas de punto de venta, cuenta poscdreamscanbloom (Drive)"
2026-08-12,33,San Lucas,Edicion especial mon amour,1,90000,90000,Datafono,,,"hojas de punto de venta, cuenta poscdreamscanbloom (Drive)"
2026-08-12,33,San Lucas,Paquete gomphenas y statice,1,45000,45000,Efectivo,,,"hojas de punto de venta, cuenta poscdreamscanbloom (Drive)"
2026-08-12,33,Tesoro,Bocas de dragon,1,38000,38000,Datafono,Bocas de dragón (paquete),,"hojas de punto de venta, cuenta poscdreamscanbloom (Drive)"
2026-08-12,33,Tesoro,Esparragos con ammi,1,45000,45000,Datafono,,,"hojas de punto de venta, cuenta poscdreamscanbloom (Drive)"
2026-08-12,33,Tesoro,Green ball,1,40000,40000,Datafono,Green ball (paquete),,"hojas de punto de venta, cuenta poscdreamscanbloom (Drive)"
2026-08-13,33,Del Este,Bocas de dragon,1,38000,0,Salida por daño,Bocas de dragón (paquete),,"hojas de punto de venta, cuenta poscdreamscanbloom (Drive)"
2026-08-13,33,Del Este,Bouquet forever Dream pequeño,1,85000,85000,Transferencia,,,"hojas de punto de venta, cuenta poscdreamscanbloom (Drive)"
2026-08-13,33,Del Este,Cosecha Pequeño,1,105000,0,Salida por daño,Cosecha Pequeño,,"hojas de punto de venta, cuenta poscdreamscanbloom (Drive)"
2026-08-13,33,Del Este,Cosecha Pequeño,1,105000,105000,Transferencia,Cosecha Pequeño,,"hojas de punto de venta, cuenta poscdreamscanbloom (Drive)"
2026-08-13,33,Del Este,Edicion especial lisianthus,1,75000,0,Salida por daño,Edicion Especial Lisianthus,,"hojas de punto de venta, cuenta poscdreamscanbloom (Drive)"
2026-08-13,33,Del Este,Gomphenas snow,1,45000,40500,Datafono,Gomphenas snow,,"hojas de punto de venta, cuenta poscdreamscanbloom (Drive)"
2026-08-13,33,Del Este,Greenery con lisianthus,1,75000,0,Salida por daño,,,"hojas de punto de venta, cuenta poscdreamscanbloom (Drive)"
2026-08-13,33,Del Este,Paquete de lisianthus solo,1,60000,48000,Datafono,,,"hojas de punto de venta, cuenta poscdreamscanbloom (Drive)"
2026-08-13,33,Jardines,Amaranto cascada,1,45000,45000,Transferencia,Amaranto cascada (paquete),,"hojas de punto de venta, cuenta poscdreamscanbloom (Drive)"
2026-08-13,33,Jardines,Bocas de dragon,1,38000,38000,Transferencia,Bocas de dragón (paquete),,"hojas de punto de venta, cuenta poscdreamscanbloom (Drive)"
2026-08-13,33,Jardines,Bocas de dragon y statice,1,45000,45000,Transferencia,,Paga 55.000,"hojas de punto de venta, cuenta poscdreamscanbloom (Drive)"
2026-08-13,33,Jardines,Bocas de dragon y statice,1,45000,45000,Transferencia,,Paga 55.000,"hojas de punto de venta, cuenta poscdreamscanbloom (Drive)"
2026-08-13,33,Jardines,Bouquet cristata pop,1,85000,85000,Transferencia,,,"hojas de punto de venta, cuenta poscdreamscanbloom (Drive)"
2026-08-13,33,Jardines,Bouquet forever Dream grande,1,140000,140000,Datafono,,,"hojas de punto de venta, cuenta poscdreamscanbloom (Drive)"
2026-08-13,33,Jardines,Campanulas y statice,1,55000,55000,Efectivo,Campanulas y statice (paquete),,"hojas de punto de venta, cuenta poscdreamscanbloom (Drive)"
2026-08-13,33,Jardines,Celosias plumosas,1,50000,50000,Datafono,Celosias plumosas,,"hojas de punto de venta, cuenta poscdreamscanbloom (Drive)"
2026-08-13,33,Jardines,Cosecha Grande,1,125000,125000,Datafono,Cosecha Grande,,"hojas de punto de venta, cuenta poscdreamscanbloom (Drive)"
2026-08-13,33,Jardines,Cosecha Grande,1,125000,125000,Efectivo,Cosecha Grande,,"hojas de punto de venta, cuenta poscdreamscanbloom (Drive)"
2026-08-13,33,Jardines,Dusty miller con colitas de conejo,1,50000,50000,Datafono,,,"hojas de punto de venta, cuenta poscdreamscanbloom (Drive)"
2026-08-13,33,Jardines,Esparragos con ammi,2,45000,90000,Efectivo,,,"hojas de punto de venta, cuenta poscdreamscanbloom (Drive)"
2026-08-13,33,Jardines,Paquete gomphenas salmon rose,1,45000,45000,Transferencia,Paquete gomphenas salmon rose,,"hojas de punto de venta, cuenta poscdreamscanbloom (Drive)"
2026-08-13,33,Jardines,Paquete lisianthus solo,1,50000,50000,Efectivo,Paquete lisianthus solo,Paga 60.000,"hojas de punto de venta, cuenta poscdreamscanbloom (Drive)"
2026-08-13,33,Online,Bouquet forever Dream grande,1,140000,140000,Transferencia,,"Falta FE, Bot","hojas de punto de venta, cuenta poscdreamscanbloom (Drive)"
2026-08-13,33,Online,Bouquet pureza,1,160000,160000,Transferencia,Bouquet pureza,Falta FE,"hojas de punto de venta, cuenta poscdreamscanbloom (Drive)"
2026-08-13,33,Online,Boutonnieres,1,21000,21000,Transferencia,,Falta FE,"hojas de punto de venta, cuenta poscdreamscanbloom (Drive)"
2026-08-13,33,Online,Boutonnieres,1,21000,21000,Transferencia,,Falta FE,"hojas de punto de venta, cuenta poscdreamscanbloom (Drive)"
2026-08-13,33,Online,Centro de mesa grande,1,235000,235000,Transferencia,,Falta FE,"hojas de punto de venta, cuenta poscdreamscanbloom (Drive)"
2026-08-13,33,Online,Centro de mesa grande,1,235000,235000,Transferencia,,Falta FE,"hojas de punto de venta, cuenta poscdreamscanbloom (Drive)"
2026-08-13,33,Online,Centro de mesa pequeño,1,145000,145000,Transferencia,Centro de mesa pequeño,Falta FE,"hojas de punto de venta, cuenta poscdreamscanbloom (Drive)"
2026-08-13,33,Online,Cosecha Grande,2,125000,212500,Transferencia,Cosecha Grande,Falta FE,"hojas de punto de venta, cuenta poscdreamscanbloom (Drive)"
2026-08-13,33,Online,Cosecha Grande,1,125000,125000,Transferencia,Cosecha Grande,Falta FE,"hojas de punto de venta, cuenta poscdreamscanbloom (Drive)"
2026-08-13,33,Online,Cosecha Grande,1,125000,125000,Transferencia,Cosecha Grande,"Falta FE, Bot","hojas de punto de venta, cuenta poscdreamscanbloom (Drive)"
2026-08-13,33,Online,Edicion especial lisianthus,1,75000,75000,Transferencia,Edicion Especial Lisianthus,Falta FE,"hojas de punto de venta, cuenta poscdreamscanbloom (Drive)"
2026-08-13,33,Online,Yugo pequeño,1,155400,155400,Transferencia,Yugo pequeño,Falta FE,"hojas de punto de venta, cuenta poscdreamscanbloom (Drive)"
2026-08-13,33,San Lucas,Esparragos con ammi,1,45000,45000,Datafono,,,"hojas de punto de venta, cuenta poscdreamscanbloom (Drive)"
2026-08-13,33,San Lucas,Esparragos con ammi,1,45000,45000,Datafono,,,"hojas de punto de venta, cuenta poscdreamscanbloom (Drive)"
2026-08-13,33,San Lucas,Paquete celosias dream mix,1,50000,50000,Transferencia,Paquete celosias dream mix,,"hojas de punto de venta, cuenta poscdreamscanbloom (Drive)"
2026-08-13,33,San Lucas,Paquete green ball y celosias pink,1,50000,50000,Datafono,,,"hojas de punto de venta, cuenta poscdreamscanbloom (Drive)"
2026-08-13,33,Tesoro,Edicion Especial Lisianthus,1,75000,75000,Transferencia,Edicion Especial Lisianthus,,"hojas de punto de venta, cuenta poscdreamscanbloom (Drive)"
2026-08-13,33,Tesoro,Paquete gomphenas y statice,1,45000,40500,Efectivo,,,"hojas de punto de venta, cuenta poscdreamscanbloom (Drive)"
2026-08-14,33,Del Este,Bocas de dragon,1,38000,38000,Transferencia,Bocas de dragón (paquete),,"hojas de punto de venta, cuenta poscdreamscanbloom (Drive)"
2026-08-14,33,Del Este,Cosecha Grande,1,125000,100000,Efectivo,Cosecha Grande,,"hojas de punto de venta, cuenta poscdreamscanbloom (Drive)"
2026-08-14,33,Del Este,Dusty miller con colitas de conejo,2,45000,90000,Efectivo,,,"hojas de punto de venta, cuenta poscdreamscanbloom (Drive)"
2026-08-14,33,Del Este,Edicion Especial Lisianthus,1,75000,75000,Efectivo,Edicion Especial Lisianthus,,"hojas de punto de venta, cuenta poscdreamscanbloom (Drive)"
2026-08-14,33,Del Este,Paquete celosia cristata,1,60000,60000,Transferencia,,,"hojas de punto de venta, cuenta poscdreamscanbloom (Drive)"
2026-08-14,33,Jardines,Amaranto cascada,1,45000,45000,Datafono,Amaranto cascada (paquete),"50,000.00","hojas de punto de venta, cuenta poscdreamscanbloom (Drive)"
2026-08-14,33,Jardines,Amaranto cascada,1,45000,45000,Transferencia,Amaranto cascada (paquete),,"hojas de punto de venta, cuenta poscdreamscanbloom (Drive)"
2026-08-14,33,Jardines,Bocas de dragon,1,38000,0,Salida por daño,Bocas de dragón (paquete),,"hojas de punto de venta, cuenta poscdreamscanbloom (Drive)"
2026-08-14,33,Jardines,Bocas de dragon,1,38000,38000,Datafono,Bocas de dragón (paquete),,"hojas de punto de venta, cuenta poscdreamscanbloom (Drive)"
2026-08-14,33,Jardines,Bocas de dragon,2,38000,76000,Datafono,Bocas de dragón (paquete),,"hojas de punto de venta, cuenta poscdreamscanbloom (Drive)"
2026-08-14,33,Jardines,Bocas de dragon y statice,1,45000,45000,Efectivo,,,"hojas de punto de venta, cuenta poscdreamscanbloom (Drive)"
2026-08-14,33,Jardines,Bocas de dragon y statice,1,45000,38250,Datafono,,,"hojas de punto de venta, cuenta poscdreamscanbloom (Drive)"
2026-08-14,33,Jardines,Bouquet cristata pop,1,85000,85000,Efectivo,,,"hojas de punto de venta, cuenta poscdreamscanbloom (Drive)"
2026-08-14,33,Jardines,Bouquet forever Dream grande,1,140000,140000,Efectivo,,,"hojas de punto de venta, cuenta poscdreamscanbloom (Drive)"
2026-08-14,33,Jardines,Campanulas y statice,1,55000,44000,Datafono,Campanulas y statice (paquete),,"hojas de punto de venta, cuenta poscdreamscanbloom (Drive)"
2026-08-14,33,Jardines,Cosecha Grande,1,125000,125000,Transferencia,Cosecha Grande,,"hojas de punto de venta, cuenta poscdreamscanbloom (Drive)"
2026-08-14,33,Jardines,Cosecha Grande,1,125000,125000,Datafono,Cosecha Grande,,"hojas de punto de venta, cuenta poscdreamscanbloom (Drive)"
2026-08-14,33,Jardines,Dusty miller con colitas de conejo,1,50000,0,Salida por daño,,,"hojas de punto de venta, cuenta poscdreamscanbloom (Drive)"
2026-08-14,33,Jardines,Edicion Especial Lisianthus,1,75000,0,Salida por daño,Edicion Especial Lisianthus,,"hojas de punto de venta, cuenta poscdreamscanbloom (Drive)"
2026-08-14,33,Jardines,Edicion especial mon amour,1,90000,0,Salida por daño,,,"hojas de punto de venta, cuenta poscdreamscanbloom (Drive)"
2026-08-14,33,Jardines,Greenery con lisianthus,1,75000,63750,Datafono,,,"hojas de punto de venta, cuenta poscdreamscanbloom (Drive)"
2026-08-14,33,Jardines,Paquete ammobium,1,45000,40500,Efectivo,Paquete ammobium,,"hojas de punto de venta, cuenta poscdreamscanbloom (Drive)"
2026-08-14,33,Jardines,Paquete campanulas lavanda,1,45000,45000,Efectivo,,,"hojas de punto de venta, cuenta poscdreamscanbloom (Drive)"
2026-08-14,33,Jardines,Paquete celosias dream mix,1,50000,50000,Datafono,Paquete celosias dream mix,,"hojas de punto de venta, cuenta poscdreamscanbloom (Drive)"
2026-08-14,33,Jardines,Paquete celosias dream mix,1,50000,50000,Transferencia,Paquete celosias dream mix,,"hojas de punto de venta, cuenta poscdreamscanbloom (Drive)"
2026-08-14,33,Jardines,Paquete celosias dream mix,1,50000,35000,Transferencia,Paquete celosias dream mix,la clienta compro varios y ese lo iba a devolver se le informo pero ella lo queria,"hojas de punto de venta, cuenta poscdreamscanbloom (Drive)"
2026-08-14,33,Jardines,Paquete gomphenas salmon rose,1,45000,45000,Transferencia,Paquete gomphenas salmon rose,,"hojas de punto de venta, cuenta poscdreamscanbloom (Drive)"
2026-08-14,33,Jardines,Paquete gomphenas salmon rose,1,45000,45000,Transferencia,Paquete gomphenas salmon rose,,"hojas de punto de venta, cuenta poscdreamscanbloom (Drive)"
2026-08-14,33,Jardines,Paquete lisianthus solo,1,50000,50000,Efectivo,Paquete lisianthus solo,"60,000.00","hojas de punto de venta, cuenta poscdreamscanbloom (Drive)"
2026-08-14,33,Jardines,Paquete statice dream mix,1,40000,40000,Transferencia,,,"hojas de punto de venta, cuenta poscdreamscanbloom (Drive)"
2026-08-14,33,Jardines,Paquete statice pink dreams,1,40000,30000,Efectivo,Paquete statice pink dreams,cliente frecuente,"hojas de punto de venta, cuenta poscdreamscanbloom (Drive)"
2026-08-14,33,Jardines,Sobres,1,9500,9500,Efectivo,,,"hojas de punto de venta, cuenta poscdreamscanbloom (Drive)"
2026-08-14,33,Online,Cosecha Grande,1,125000,125000,Transferencia,Cosecha Grande,Falta FE,"hojas de punto de venta, cuenta poscdreamscanbloom (Drive)"
2026-08-14,33,Online,Dusty miller con colitas de conejo,1,50000,50000,Transferencia,,Falta FE,"hojas de punto de venta, cuenta poscdreamscanbloom (Drive)"
2026-08-14,33,Online,Greenery con lisianthus,1,75000,75000,Efectivo,,Falta FE,"hojas de punto de venta, cuenta poscdreamscanbloom (Drive)"
2026-08-14,33,Online,Paquete celosias dream mix,2,50000,0,Obsequio,Paquete celosias dream mix,"Prueba de florero, Erika, se envio una el 08/08 y otra el 12/08","hojas de punto de venta, cuenta poscdreamscanbloom (Drive)"
2026-08-14,33,San Lucas,Dusty miller con colitas de conejo,1,50000,50000,Efectivo,,,"hojas de punto de venta, cuenta poscdreamscanbloom (Drive)"
2026-08-14,33,San Lucas,Paquete gomphenas salmon rose,1,45000,45000,Datafono,Paquete gomphenas salmon rose,,"hojas de punto de venta, cuenta poscdreamscanbloom (Drive)"
2026-08-14,33,San Lucas,Paquete lisianthus solo,1,50000,50000,Datafono,Paquete lisianthus solo,Paga 60.00,"hojas de punto de venta, cuenta poscdreamscanbloom (Drive)"
2026-08-14,33,Tesoro,Bocas de dragon,1,38000,38000,Datafono,Bocas de dragón (paquete),,"hojas de punto de venta, cuenta poscdreamscanbloom (Drive)"
2026-08-14,33,Tesoro,Bouquet forever Dream grande,1,140000,0,Online,,,"hojas de punto de venta, cuenta poscdreamscanbloom (Drive)"
2026-08-14,33,Tesoro,Cosecha Pequeño,1,105000,105000,Transferencia,Cosecha Pequeño,,"hojas de punto de venta, cuenta poscdreamscanbloom (Drive)"
2026-08-15,33,Del Este,Bocas de dragon,1,38000,38000,Transferencia,Bocas de dragón (paquete),,"hojas de punto de venta, cuenta poscdreamscanbloom (Drive)"
2026-08-15,33,Del Este,Bocas de dragon,1,38000,38000,Transferencia,Bocas de dragón (paquete),,"hojas de punto de venta, cuenta poscdreamscanbloom (Drive)"
2026-08-15,33,Del Este,Bocas de dragon,2,38000,76000,Transferencia,Bocas de dragón (paquete),,"hojas de punto de venta, cuenta poscdreamscanbloom (Drive)"
2026-08-15,33,Del Este,Bocas de dragon,1,38000,38000,Transferencia,Bocas de dragón (paquete),,"hojas de punto de venta, cuenta poscdreamscanbloom (Drive)"
2026-08-15,33,Del Este,Bocas de dragon,1,38000,38000,Transferencia,Bocas de dragón (paquete),,"hojas de punto de venta, cuenta poscdreamscanbloom (Drive)"
2026-08-15,33,Del Este,Bouquet cristata pop,1,85000,85000,Datafono,,,"hojas de punto de venta, cuenta poscdreamscanbloom (Drive)"
2026-08-15,33,Del Este,Campanula,1,50000,45000,Transferencia,Campanula (paquete),,"hojas de punto de venta, cuenta poscdreamscanbloom (Drive)"
2026-08-15,33,Del Este,Campanula,1,50000,45000,Transferencia,Campanula (paquete),,"hojas de punto de venta, cuenta poscdreamscanbloom (Drive)"
2026-08-15,33,Del Este,Campanula,1,50000,45000,Efectivo,Campanula (paquete),,"hojas de punto de venta, cuenta poscdreamscanbloom (Drive)"
2026-08-15,33,Del Este,Dusty miller con colitas de conejo,1,50000,0,Salida por daño,,,"hojas de punto de venta, cuenta poscdreamscanbloom (Drive)"
2026-08-15,33,Del Este,Esparragos con ammi,1,45000,0,Salida por daño,,,"hojas de punto de venta, cuenta poscdreamscanbloom (Drive)"
2026-08-15,33,Del Este,Esparragos con ammi,1,45000,0,Salida por daño,,,"hojas de punto de venta, cuenta poscdreamscanbloom (Drive)"
2026-08-15,33,Del Este,Gomphenas snow,1,45000,45000,Datafono,Gomphenas snow,,"hojas de punto de venta, cuenta poscdreamscanbloom (Drive)"
2026-08-15,33,Del Este,Green ball con statice,1,45000,0,Salida por daño,,,"hojas de punto de venta, cuenta poscdreamscanbloom (Drive)"
2026-08-15,33,Del Este,Greenery con lisianthus,1,75000,0,Salida por daño,,,"hojas de punto de venta, cuenta poscdreamscanbloom (Drive)"
2026-08-15,33,Del Este,Paquete de lisianthus solo,1,60000,60000,Efectivo,,,"hojas de punto de venta, cuenta poscdreamscanbloom (Drive)"
2026-08-15,33,Jardines,Bocas de dragon,1,38000,38000,Datafono,Bocas de dragón (paquete),,"hojas de punto de venta, cuenta poscdreamscanbloom (Drive)"
2026-08-15,33,Jardines,Bocas de dragon,1,38000,38000,Transferencia,Bocas de dragón (paquete),,"hojas de punto de venta, cuenta poscdreamscanbloom (Drive)"
2026-08-15,33,Jardines,Bocas de dragon,1,38000,38000,Datafono,Bocas de dragón (paquete),,"hojas de punto de venta, cuenta poscdreamscanbloom (Drive)"
2026-08-15,33,Jardines,Bocas de dragon,1,38000,38000,Datafono,Bocas de dragón (paquete),,"hojas de punto de venta, cuenta poscdreamscanbloom (Drive)"
2026-08-15,33,Jardines,Bocas de dragon,1,38000,38000,Transferencia,Bocas de dragón (paquete),,"hojas de punto de venta, cuenta poscdreamscanbloom (Drive)"
2026-08-15,33,Jardines,Bocas de dragon,1,38000,38000,Datafono,Bocas de dragón (paquete),,"hojas de punto de venta, cuenta poscdreamscanbloom (Drive)"
2026-08-15,33,Jardines,Bouquet cristata pop,1,85000,85000,Transferencia,,,"hojas de punto de venta, cuenta poscdreamscanbloom (Drive)"
2026-08-15,33,Jardines,Campanulas y statice,1,55000,55000,Datafono,Campanulas y statice (paquete),,"hojas de punto de venta, cuenta poscdreamscanbloom (Drive)"
2026-08-15,33,Jardines,Campanulas y statice,1,55000,55000,Datafono,Campanulas y statice (paquete),,"hojas de punto de venta, cuenta poscdreamscanbloom (Drive)"
2026-08-15,33,Jardines,Campanulas y statice,1,55000,55000,Transferencia,Campanulas y statice (paquete),,"hojas de punto de venta, cuenta poscdreamscanbloom (Drive)"
2026-08-15,33,Jardines,Celosias plumosas,1,50000,0,Salida por daño,Celosias plumosas,,"hojas de punto de venta, cuenta poscdreamscanbloom (Drive)"
2026-08-15,33,Jardines,Cosecha Pequeño,1,105000,105000,Datafono,Cosecha Pequeño,,"hojas de punto de venta, cuenta poscdreamscanbloom (Drive)"
2026-08-15,33,Jardines,Cosecha Pequeño,1,105000,94500,Datafono,Cosecha Pequeño,cliente frecuente,"hojas de punto de venta, cuenta poscdreamscanbloom (Drive)"
2026-08-15,33,Jardines,Dusty miller con colitas de conejo,1,50000,45000,Efectivo,,,"hojas de punto de venta, cuenta poscdreamscanbloom (Drive)"
2026-08-15,33,Jardines,Edicion Especial Lisianthus,1,75000,75000,Datafono,Edicion Especial Lisianthus,,"hojas de punto de venta, cuenta poscdreamscanbloom (Drive)"
2026-08-15,33,Jardines,Edicion Especial Lisianthus,1,75000,67500,Datafono,Edicion Especial Lisianthus,,"hojas de punto de venta, cuenta poscdreamscanbloom (Drive)"
2026-08-15,33,Jardines,Edicion Especial Lisianthus,1,75000,75000,Transferencia,Edicion Especial Lisianthus,,"hojas de punto de venta, cuenta poscdreamscanbloom (Drive)"
2026-08-15,33,Jardines,Edicion Especial Lisianthus,1,75000,75000,Datafono,Edicion Especial Lisianthus,,"hojas de punto de venta, cuenta poscdreamscanbloom (Drive)"
2026-08-15,33,Jardines,Green ball,1,40000,0,Salida por daño,Green ball (paquete),,"hojas de punto de venta, cuenta poscdreamscanbloom (Drive)"
2026-08-15,33,Jardines,Paquete ammobium,2,45000,0,Salida por daño,Paquete ammobium,,"hojas de punto de venta, cuenta poscdreamscanbloom (Drive)"
2026-08-15,33,Jardines,Paquete celosia cristata,1,60000,0,Salida por daño,,,"hojas de punto de venta, cuenta poscdreamscanbloom (Drive)"
2026-08-15,33,Jardines,Paquete de lisianthus solo,1,60000,60000,Transferencia,,,"hojas de punto de venta, cuenta poscdreamscanbloom (Drive)"
2026-08-15,33,Jardines,Paquete de lisianthus solo,1,60000,60000,Transferencia,,,"hojas de punto de venta, cuenta poscdreamscanbloom (Drive)"
2026-08-15,33,Jardines,Paquete gomphenas salmon rose,1,45000,45000,Efectivo,Paquete gomphenas salmon rose,,"hojas de punto de venta, cuenta poscdreamscanbloom (Drive)"
2026-08-15,33,Jardines,Sobres,1,9500,9500,Transferencia,,,"hojas de punto de venta, cuenta poscdreamscanbloom (Drive)"
2026-08-15,33,Online,Cosecha Pequeño,1,105000,105000,Transferencia,Cosecha Pequeño,Falta FE,"hojas de punto de venta, cuenta poscdreamscanbloom (Drive)"
2026-08-15,33,Online,Dusty miller con colitas de conejo,1,50000,42500,Transferencia,,Falta FE,"hojas de punto de venta, cuenta poscdreamscanbloom (Drive)"
2026-08-15,33,Online,Edicion Especial Lisianthus,1,75000,75000,Transferencia,Edicion Especial Lisianthus,Falta FE,"hojas de punto de venta, cuenta poscdreamscanbloom (Drive)"
2026-08-15,33,Online,Greenery con lisianthus,1,75000,75000,Transferencia,,Falta FE,"hojas de punto de venta, cuenta poscdreamscanbloom (Drive)"
2026-08-15,33,Online,Paquete celosias dream mix,2,50000,85000,Transferencia,Paquete celosias dream mix,Falta FE,"hojas de punto de venta, cuenta poscdreamscanbloom (Drive)"
2026-08-15,33,Online,Paquete celosias dream mix,1,50000,42500,Transferencia,Paquete celosias dream mix,Falta FE,"hojas de punto de venta, cuenta poscdreamscanbloom (Drive)"
2026-08-15,33,Online,Paquete celosias dream mix,1,50000,42500,Transferencia,Paquete celosias dream mix,Falta FE,"hojas de punto de venta, cuenta poscdreamscanbloom (Drive)"
2026-08-15,33,Online,Paquete gomphenas y statice,1,45000,38250,Transferencia,,Falta FE,"hojas de punto de venta, cuenta poscdreamscanbloom (Drive)"
2026-08-15,33,San Lucas,Bocas de dragon,2,38000,76000,Efectivo,Bocas de dragón (paquete),,"hojas de punto de venta, cuenta poscdreamscanbloom (Drive)"
2026-08-15,33,San Lucas,Bocas de dragon y statice,1,45000,45000,Transferencia,,Campanulas con Statice,"hojas de punto de venta, cuenta poscdreamscanbloom (Drive)"
2026-08-15,33,San Lucas,Bocas de dragon y statice,1,45000,45000,Transferencia,,Campanulas con Statice,"hojas de punto de venta, cuenta poscdreamscanbloom (Drive)"
2026-08-15,33,San Lucas,Edicion especial lisianthus,1,75000,75000,Datafono,Edicion Especial Lisianthus,,"hojas de punto de venta, cuenta poscdreamscanbloom (Drive)"
2026-08-15,33,San Lucas,Paquete gomphenas y statice,1,45000,45000,Transferencia,,,"hojas de punto de venta, cuenta poscdreamscanbloom (Drive)"
2026-08-15,33,Tesoro,Bocas de dragon,1,38000,38000,Efectivo,Bocas de dragón (paquete),,"hojas de punto de venta, cuenta poscdreamscanbloom (Drive)"
2026-08-15,33,Tesoro,Bocas de dragon,1,38000,38000,Datafono,Bocas de dragón (paquete),,"hojas de punto de venta, cuenta poscdreamscanbloom (Drive)"
2026-08-15,33,Tesoro,Cosecha Pequeño,1,105000,105000,Datafono,Cosecha Pequeño,,"hojas de punto de venta, cuenta poscdreamscanbloom (Drive)"
2026-08-15,33,Tesoro,Greenery con lisianthus,1,75000,75000,Transferencia,,,"hojas de punto de venta, cuenta poscdreamscanbloom (Drive)"
2026-08-15,33,Tesoro,Paquete celosia cristata,1,60000,60000,Datafono,,,"hojas de punto de venta, cuenta poscdreamscanbloom (Drive)"
2026-08-15,33,Tesoro,Paquete gomphenas salmon rose,2,45000,90000,Datafono,Paquete gomphenas salmon rose,,"hojas de punto de venta, cuenta poscdreamscanbloom (Drive)"
2026-08-15,33,Tesoro,Paquete lisianthus solo,1,50000,50000,Datafono,Paquete lisianthus solo,Paga 60.000,"hojas de punto de venta, cuenta poscdreamscanbloom (Drive)"
2026-08-16,33,Del Este,Bouquet cristata pop,1,85000,80750,Datafono,,,"hojas de punto de venta, cuenta poscdreamscanbloom (Drive)"
2026-08-16,33,Del Este,Edicion Especial Lisianthus,1,75000,5000,Efectivo,Edicion Especial Lisianthus,,"hojas de punto de venta, cuenta poscdreamscanbloom (Drive)"
2026-08-16,33,Del Este,Edicion Especial Lisianthus,1,75000,60000,Datafono,Edicion Especial Lisianthus,,"hojas de punto de venta, cuenta poscdreamscanbloom (Drive)"
2026-08-16,33,Del Este,Edicion Especial Lisianthus,1,75000,60000,Datafono,Edicion Especial Lisianthus,,"hojas de punto de venta, cuenta poscdreamscanbloom (Drive)"
2026-08-16,33,Del Este,Paquete gomphenas y statice,1,45000,45000,Transferencia,,,"hojas de punto de venta, cuenta poscdreamscanbloom (Drive)"
2026-08-16,33,Jardines,Bouquet forever Dream mediano,1,120000,120000,Datafono,,,"hojas de punto de venta, cuenta poscdreamscanbloom (Drive)"
2026-08-16,33,Jardines,Bouquet forever Dream mediano,1,120000,120000,Transferencia,,,"hojas de punto de venta, cuenta poscdreamscanbloom (Drive)"
2026-08-16,33,Jardines,Bouquet forever Dream pequeño,1,85000,85000,Datafono,,,"hojas de punto de venta, cuenta poscdreamscanbloom (Drive)"
2026-08-16,33,Jardines,Celosias plumosas,1,50000,50000,Efectivo,Celosias plumosas,,"hojas de punto de venta, cuenta poscdreamscanbloom (Drive)"
2026-08-16,33,Jardines,Cosecha Grande,1,125000,125000,Efectivo,Cosecha Grande,,"hojas de punto de venta, cuenta poscdreamscanbloom (Drive)"
2026-08-16,33,Jardines,Dusty miller con colitas de conejo,1,50000,50000,Efectivo,,,"hojas de punto de venta, cuenta poscdreamscanbloom (Drive)"
2026-08-16,33,Jardines,Dusty miller con colitas de conejo,1,50000,50000,Transferencia,,,"hojas de punto de venta, cuenta poscdreamscanbloom (Drive)"
2026-08-16,33,Jardines,Edicion Especial Lisianthus,1,75000,75000,Transferencia,Edicion Especial Lisianthus,,"hojas de punto de venta, cuenta poscdreamscanbloom (Drive)"
2026-08-16,33,Jardines,Esparragos con ammi,2,45000,90000,Datafono,,,"hojas de punto de venta, cuenta poscdreamscanbloom (Drive)"
2026-08-16,33,Jardines,Green ball,1,40000,40000,Datafono,Green ball (paquete),,"hojas de punto de venta, cuenta poscdreamscanbloom (Drive)"
2026-08-16,33,Jardines,Green ball con statice,1,45000,45000,Transferencia,,,"hojas de punto de venta, cuenta poscdreamscanbloom (Drive)"
2026-08-16,33,Jardines,Matricaria,1,45000,45000,Efectivo,,Vaso de flores 45.000,"hojas de punto de venta, cuenta poscdreamscanbloom (Drive)"
2026-08-16,33,Jardines,Paquete gomphenas salmon rose,1,45000,45000,Efectivo,Paquete gomphenas salmon rose,,"hojas de punto de venta, cuenta poscdreamscanbloom (Drive)"
2026-08-16,33,Jardines,Paquete gomphenas salmon rose,1,45000,45000,Datafono,Paquete gomphenas salmon rose,,"hojas de punto de venta, cuenta poscdreamscanbloom (Drive)"
2026-08-16,33,Jardines,Paquete gomphrenas rose,1,45000,45000,Transferencia,,,"hojas de punto de venta, cuenta poscdreamscanbloom (Drive)"
2026-08-16,33,Jardines,Paquete lisianthus solo,1,50000,50000,Efectivo,Paquete lisianthus solo,Paga 60.000,"hojas de punto de venta, cuenta poscdreamscanbloom (Drive)"
2026-08-16,33,San Lucas,Dusty miller con colitas de conejo,1,50000,50000,Transferencia,,,"hojas de punto de venta, cuenta poscdreamscanbloom (Drive)"
2026-08-16,33,San Lucas,Dusty miller con colitas de conejo,1,50000,50000,Efectivo,,,"hojas de punto de venta, cuenta poscdreamscanbloom (Drive)"
2026-08-16,33,San Lucas,Edicion especial lisianthus,1,75000,60000,Datafono,Edicion Especial Lisianthus,,"hojas de punto de venta, cuenta poscdreamscanbloom (Drive)"
2026-08-16,33,San Lucas,Edicion especial lisianthus,1,75000,75000,Efectivo,Edicion Especial Lisianthus,,"hojas de punto de venta, cuenta poscdreamscanbloom (Drive)"
2026-08-16,33,Tesoro,Cosecha Pequeño,1,105000,105000,Transferencia,Cosecha Pequeño,,"hojas de punto de venta, cuenta poscdreamscanbloom (Drive)"
2026-08-17,34,Del Este,Dusty miller con colitas de conejo,1,50000,45000,Transferencia,,,"hojas de punto de venta, cuenta poscdreamscanbloom (Drive)"
2026-08-17,34,Del Este,Paquete celosia cristata,1,60000,60000,Efectivo,,,"hojas de punto de venta, cuenta poscdreamscanbloom (Drive)"
2026-08-17,34,Del Este,Paquete celosias dream mix,1,50000,45000,Datafono,Paquete celosias dream mix,,"hojas de punto de venta, cuenta poscdreamscanbloom (Drive)"
2026-08-17,34,Del Este,Paquete celosias dream mix,1,50000,42500,Transferencia,Paquete celosias dream mix,,"hojas de punto de venta, cuenta poscdreamscanbloom (Drive)"
2026-08-17,34,Jardines,Bocas de dragon,1,38000,38000,Transferencia,Bocas de dragón (paquete),,"hojas de punto de venta, cuenta poscdreamscanbloom (Drive)"
2026-08-17,34,Jardines,Bocas de dragon,1,38000,38000,Efectivo,Bocas de dragón (paquete),,"hojas de punto de venta, cuenta poscdreamscanbloom (Drive)"
2026-08-17,34,Jardines,Bocas de dragon,1,38000,38000,Efectivo,Bocas de dragón (paquete),,"hojas de punto de venta, cuenta poscdreamscanbloom (Drive)"
2026-08-17,34,Jardines,Bocas de dragon y statice,1,45000,45000,Transferencia,,,"hojas de punto de venta, cuenta poscdreamscanbloom (Drive)"
2026-08-17,34,Jardines,Bocas de dragon y statice,1,45000,45000,Efectivo,,,"hojas de punto de venta, cuenta poscdreamscanbloom (Drive)"
2026-08-17,34,Jardines,Bocas de dragon y statice,1,45000,45000,Datafono,,,"hojas de punto de venta, cuenta poscdreamscanbloom (Drive)"
2026-08-17,34,Jardines,Bouquet forever Dream pequeño,1,85000,85000,Transferencia,,,"hojas de punto de venta, cuenta poscdreamscanbloom (Drive)"
2026-08-17,34,Jardines,Bouquet forever Dream pequeño,1,85000,85000,Datafono,,,"hojas de punto de venta, cuenta poscdreamscanbloom (Drive)"
2026-08-17,34,Jardines,Campanulas y statice,1,55000,55000,Efectivo,Campanulas y statice (paquete),,"hojas de punto de venta, cuenta poscdreamscanbloom (Drive)"
2026-08-17,34,Jardines,Cosecha Pequeño,1,105000,94500,Transferencia,Cosecha Pequeño,,"hojas de punto de venta, cuenta poscdreamscanbloom (Drive)"
2026-08-17,34,Jardines,Edicion Especial Lisianthus,1,75000,75000,Efectivo,Edicion Especial Lisianthus,,"hojas de punto de venta, cuenta poscdreamscanbloom (Drive)"
2026-08-17,34,Jardines,Paquete celosias dream mix,2,50000,0,Salida por daño,Paquete celosias dream mix,,"hojas de punto de venta, cuenta poscdreamscanbloom (Drive)"
2026-08-17,34,Jardines,Paquete green ball y celosias lemon,1,50000,45000,Efectivo,,,"hojas de punto de venta, cuenta poscdreamscanbloom (Drive)"
2026-08-17,34,Jardines,Sobres,1,9500,9500,Efectivo,,,"hojas de punto de venta, cuenta poscdreamscanbloom (Drive)"
2026-08-17,34,Jardines,Sobres,1,9500,9500,Transferencia,,,"hojas de punto de venta, cuenta poscdreamscanbloom (Drive)"
2026-08-17,34,San Lucas,Bouquet cristata pop,1,85000,85000,Datafono,,,"hojas de punto de venta, cuenta poscdreamscanbloom (Drive)"
2026-08-17,34,San Lucas,Cosecha Pequeño,1,105000,105000,Transferencia,Cosecha Pequeño,,"hojas de punto de venta, cuenta poscdreamscanbloom (Drive)"
2026-08-17,34,San Lucas,Edicion especial lisianthus,1,75000,75000,Transferencia,Edicion Especial Lisianthus,,"hojas de punto de venta, cuenta poscdreamscanbloom (Drive)"
2026-08-17,34,San Lucas,Paquete celosia cristata,1,60000,60000,Datafono,,,"hojas de punto de venta, cuenta poscdreamscanbloom (Drive)"
2026-08-17,34,Tesoro,Bocas de dragon,1,38000,35000,Transferencia,Bocas de dragón (paquete),,"hojas de punto de venta, cuenta poscdreamscanbloom (Drive)"
2026-08-17,34,Tesoro,Cosecha Grande,1,125000,100000,Transferencia,Cosecha Grande,,"hojas de punto de venta, cuenta poscdreamscanbloom (Drive)"
2026-08-18,34,Del Este,Bocas de dragon,1,38000,38000,Datafono,Bocas de dragón (paquete),,"hojas de punto de venta, cuenta poscdreamscanbloom (Drive)"
2026-08-18,34,Del Este,Bouquet forever Dream pequeño,3,85000,0,Salida por daño,,,"hojas de punto de venta, cuenta poscdreamscanbloom (Drive)"
2026-08-18,34,Del Este,Cosecha Grande,1,125000,0,Online,Cosecha Grande,,"hojas de punto de venta, cuenta poscdreamscanbloom (Drive)"
2026-08-18,34,Del Este,Dusty miller con colitas de conejo,1,50000,50000,Transferencia,,,"hojas de punto de venta, cuenta poscdreamscanbloom (Drive)"
2026-08-18,34,Del Este,Edicion Especial Lisianthus,1,75000,75000,Datafono,Edicion Especial Lisianthus,,"hojas de punto de venta, cuenta poscdreamscanbloom (Drive)"
2026-08-18,34,Del Este,Edicion Especial Lisianthus,1,75000,75000,Datafono,Edicion Especial Lisianthus,,"hojas de punto de venta, cuenta poscdreamscanbloom (Drive)"
2026-08-18,34,Del Este,Green ball con statice,1,45000,0,Salida por daño,,,"hojas de punto de venta, cuenta poscdreamscanbloom (Drive)"
2026-08-18,34,Del Este,Paquete campanulas y bocas,1,45000,45000,Datafono,Paquete campanulas y bocas,,"hojas de punto de venta, cuenta poscdreamscanbloom (Drive)"
2026-08-18,34,Del Este,Paquete campanulas y bocas,1,45000,45000,Transferencia,Paquete campanulas y bocas,,"hojas de punto de venta, cuenta poscdreamscanbloom (Drive)"
2026-08-18,34,Del Este,Paquete celosia cristata,1,60000,60000,Datafono,,,"hojas de punto de venta, cuenta poscdreamscanbloom (Drive)"
2026-08-18,34,Del Este,Paquete celosia cristata,1,60000,60000,Datafono,,,"hojas de punto de venta, cuenta poscdreamscanbloom (Drive)"
2026-08-18,34,Del Este,Paquete celosia cristata,1,60000,60000,Transferencia,,,"hojas de punto de venta, cuenta poscdreamscanbloom (Drive)"
2026-08-18,34,Del Este,Paquete gomphenas y statice,1,45000,45000,Transferencia,,,"hojas de punto de venta, cuenta poscdreamscanbloom (Drive)"
2026-08-18,34,Del Este,Paquete green ball y plumas,1,45000,0,Salida por daño,,,"hojas de punto de venta, cuenta poscdreamscanbloom (Drive)"
2026-08-18,34,Jardines,Amaranto cascada,1,45000,0,Salida por daño,Amaranto cascada (paquete),,"hojas de punto de venta, cuenta poscdreamscanbloom (Drive)"
2026-08-18,34,Jardines,Bocas de dragon,1,38000,38000,Datafono,Bocas de dragón (paquete),,"hojas de punto de venta, cuenta poscdreamscanbloom (Drive)"
2026-08-18,34,Jardines,Bocas de dragon,1,38000,38000,Datafono,Bocas de dragón (paquete),,"hojas de punto de venta, cuenta poscdreamscanbloom (Drive)"
2026-08-18,34,Jardines,Bouquet cristata pop,1,85000,76500,Datafono,,,"hojas de punto de venta, cuenta poscdreamscanbloom (Drive)"
2026-08-18,34,Jardines,Bouquet forever Dream mediano,1,120000,120000,Transferencia,,,"hojas de punto de venta, cuenta poscdreamscanbloom (Drive)"
2026-08-18,34,Jardines,Bouquet forever Dream mediano,2,120000,240000,Efectivo,,,"hojas de punto de venta, cuenta poscdreamscanbloom (Drive)"
2026-08-18,34,Jardines,Esparragos con ammi,1,45000,45000,Datafono,,,"hojas de punto de venta, cuenta poscdreamscanbloom (Drive)"
2026-08-18,34,Jardines,Paquete green ball y plumas,1,45000,45000,Transferencia,,,"hojas de punto de venta, cuenta poscdreamscanbloom (Drive)"
2026-08-18,34,Online,Cosecha Grande,1,125000,125000,Transferencia,Cosecha Grande,Falta FE,"hojas de punto de venta, cuenta poscdreamscanbloom (Drive)"
2026-08-18,34,Online,Cosecha Grande,1,125000,125000,Transferencia,Cosecha Grande,Falta FE,"hojas de punto de venta, cuenta poscdreamscanbloom (Drive)"
2026-08-18,34,Online,Cosecha Grande,1,125000,125000,Transferencia,Cosecha Grande,Falta FE,"hojas de punto de venta, cuenta poscdreamscanbloom (Drive)"
2026-08-18,34,Online,Cosecha Pequeño,1,105000,105000,Transferencia,Cosecha Pequeño,Falta FE,"hojas de punto de venta, cuenta poscdreamscanbloom (Drive)"
2026-08-18,34,Online,Dream Big,1,270000,270000,Transferencia,Dream Big,Falta FE,"hojas de punto de venta, cuenta poscdreamscanbloom (Drive)"
2026-08-18,34,Online,Edicion Especial Lisianthus,1,75000,75000,Transferencia,Edicion Especial Lisianthus,Falta FE,"hojas de punto de venta, cuenta poscdreamscanbloom (Drive)"
2026-08-18,34,Online,Paquete gomphenas y statice,1,45000,45000,Transferencia,,Falta FE,"hojas de punto de venta, cuenta poscdreamscanbloom (Drive)"
2026-08-18,34,Tesoro,Bocas de dragon,1,38000,38000,Transferencia,Bocas de dragón (paquete),,"hojas de punto de venta, cuenta poscdreamscanbloom (Drive)"
2026-08-18,34,Tesoro,Gomphrenas,1,45000,45000,Datafono,Gomphrenas (paquete grande),Campanula con statice,"hojas de punto de venta, cuenta poscdreamscanbloom (Drive)"
2026-08-18,34,Tesoro,Gomphrenas,1,45000,45000,Transferencia,Gomphrenas (paquete grande),,"hojas de punto de venta, cuenta poscdreamscanbloom (Drive)"
2026-08-18,34,Tesoro,Gomphrenas,1,45000,45000,Transferencia,Gomphrenas (paquete grande),Campanula con statice,"hojas de punto de venta, cuenta poscdreamscanbloom (Drive)"
2026-08-19,34,Del Este,Bocas de dragon,1,38000,38000,Datafono,Bocas de dragón (paquete),,"hojas de punto de venta, cuenta poscdreamscanbloom (Drive)"
2026-08-19,34,Del Este,Bocas de dragon,1,38000,37999,Transferencia,Bocas de dragón (paquete),,"hojas de punto de venta, cuenta poscdreamscanbloom (Drive)"
2026-08-19,34,Del Este,Edicion Especial Lisianthus,1,75000,75000,Datafono,Edicion Especial Lisianthus,,"hojas de punto de venta, cuenta poscdreamscanbloom (Drive)"
2026-08-19,34,Del Este,Edicion especial lisianthus,1,75000,75000,Datafono,Edicion Especial Lisianthus,,"hojas de punto de venta, cuenta poscdreamscanbloom (Drive)"
2026-08-19,34,Del Este,Gomphrenas,1,45000,45000,Datafono,Gomphrenas (paquete grande),,"hojas de punto de venta, cuenta poscdreamscanbloom (Drive)"
2026-08-19,34,Del Este,Paquete campanulas y bocas,1,45000,45000,,Paquete campanulas y bocas,,"hojas de punto de venta, cuenta poscdreamscanbloom (Drive)"
2026-08-19,34,Jardines,Bocas de dragon,1,38000,38000,Efectivo,Bocas de dragón (paquete),,"hojas de punto de venta, cuenta poscdreamscanbloom (Drive)"
2026-08-19,34,Jardines,Bocas de dragon y statice,1,45000,45000,Transferencia,,Paga 55.000,"hojas de punto de venta, cuenta poscdreamscanbloom (Drive)"
2026-08-19,34,Jardines,Cosecha Grande,1,125000,125000,Efectivo,Cosecha Grande,,"hojas de punto de venta, cuenta poscdreamscanbloom (Drive)"
2026-08-19,34,Jardines,Cosecha Grande,1,125000,125000,Transferencia,Cosecha Grande,,"hojas de punto de venta, cuenta poscdreamscanbloom (Drive)"
2026-08-19,34,Jardines,Cosecha Pequeño,1,105000,105000,Datafono,Cosecha Pequeño,,"hojas de punto de venta, cuenta poscdreamscanbloom (Drive)"
2026-08-19,34,Jardines,Cosecha Pequeño,1,105000,105000,Datafono,Cosecha Pequeño,,"hojas de punto de venta, cuenta poscdreamscanbloom (Drive)"
2026-08-19,34,Jardines,Edicion Especial Lisianthus,1,75000,75000,Transferencia,Edicion Especial Lisianthus,,"hojas de punto de venta, cuenta poscdreamscanbloom (Drive)"
2026-08-19,34,Jardines,Edicion Especial Lisianthus,1,75000,75000,Transferencia,Edicion Especial Lisianthus,,"hojas de punto de venta, cuenta poscdreamscanbloom (Drive)"
2026-08-19,34,Jardines,Edicion Especial Lisianthus,1,75000,75000,Datafono,Edicion Especial Lisianthus,,"hojas de punto de venta, cuenta poscdreamscanbloom (Drive)"
2026-08-19,34,Jardines,Green ball con statice,1,45000,45000,Datafono,,,"hojas de punto de venta, cuenta poscdreamscanbloom (Drive)"
2026-08-19,34,Jardines,Paquete celosia cristata,1,60000,60000,Datafono,,,"hojas de punto de venta, cuenta poscdreamscanbloom (Drive)"
2026-08-19,34,Jardines,Paquete celosia cristata,1,60000,51000,Transferencia,,Paga 50.000,"hojas de punto de venta, cuenta poscdreamscanbloom (Drive)"
2026-08-19,34,Jardines,Paquete gomphrenas rose,1,45000,45000,Datafono,,,"hojas de punto de venta, cuenta poscdreamscanbloom (Drive)"
2026-08-19,34,Jardines,Paquete statice pink dreams,1,40000,40000,Datafono,Paquete statice pink dreams,,"hojas de punto de venta, cuenta poscdreamscanbloom (Drive)"
2026-08-19,34,Online,Bouquet pureza,1,160000,160000,Transferencia,Bouquet pureza,Falta FE,"hojas de punto de venta, cuenta poscdreamscanbloom (Drive)"
2026-08-19,34,Online,Cosecha Grande,1,125000,125000,Transferencia,Cosecha Grande,Falta FE,"hojas de punto de venta, cuenta poscdreamscanbloom (Drive)"
2026-08-19,34,Online,Cosecha Pequeño,1,105000,105000,Transferencia,Cosecha Pequeño,Falta FE,"hojas de punto de venta, cuenta poscdreamscanbloom (Drive)"
2026-08-19,34,Online,Dream Big,1,270000,270000,Transferencia,Dream Big,Falta FE,"hojas de punto de venta, cuenta poscdreamscanbloom (Drive)"
2026-08-19,34,Online,Edicion Especial Lisianthus,1,75000,75000,Transferencia,Edicion Especial Lisianthus,Falta FE,"hojas de punto de venta, cuenta poscdreamscanbloom (Drive)"
2026-08-19,34,San Lucas,Bocas de dragon,1,38000,38000,Datafono,Bocas de dragón (paquete),,"hojas de punto de venta, cuenta poscdreamscanbloom (Drive)"
2026-08-19,34,San Lucas,Campanula,1,50000,50000,Datafono,Campanula (paquete),Campanulas con Statice,"hojas de punto de venta, cuenta poscdreamscanbloom (Drive)"
2026-08-19,34,San Lucas,Dusty miller con colitas de conejo,1,50000,50000,Datafono,,,"hojas de punto de venta, cuenta poscdreamscanbloom (Drive)"
2026-08-19,34,San Lucas,Dusty miller con colitas de conejo,1,50000,50000,Datafono,,,"hojas de punto de venta, cuenta poscdreamscanbloom (Drive)"
2026-08-19,34,San Lucas,Edicion especial lisianthus,1,75000,75000,Datafono,Edicion Especial Lisianthus,,"hojas de punto de venta, cuenta poscdreamscanbloom (Drive)"
2026-08-19,34,San Lucas,Gomphenas snow,1,45000,45000,Datafono,Gomphenas snow,,"hojas de punto de venta, cuenta poscdreamscanbloom (Drive)"
2026-08-19,34,San Lucas,Paquete campanulas blancas,1,50000,50000,Transferencia,,Campanulas con Statice,"hojas de punto de venta, cuenta poscdreamscanbloom (Drive)"
2026-08-19,34,Tesoro,Bocas de dragon y statice,1,45000,45000,Transferencia,,,"hojas de punto de venta, cuenta poscdreamscanbloom (Drive)"
2026-08-19,34,Tesoro,Bouquet cristata pop,1,85000,76500,Efectivo,,,"hojas de punto de venta, cuenta poscdreamscanbloom (Drive)"
2026-08-19,34,Tesoro,Edicion Especial Lisianthus,1,75000,75000,Datafono,Edicion Especial Lisianthus,,"hojas de punto de venta, cuenta poscdreamscanbloom (Drive)"
2026-08-19,34,Tesoro,Paquete campanulas y bocas,1,45000,45000,Datafono,Paquete campanulas y bocas,,"hojas de punto de venta, cuenta poscdreamscanbloom (Drive)"
2026-08-19,34,Tesoro,Paquete celosia cristata,1,60000,60000,Datafono,,,"hojas de punto de venta, cuenta poscdreamscanbloom (Drive)"
2026-08-20,34,Del Este,Bocas de dragon,1,38000,38000,Datafono,Bocas de dragón (paquete),,"hojas de punto de venta, cuenta poscdreamscanbloom (Drive)"
2026-08-20,34,Del Este,Bocas de dragon,1,38000,38000,Datafono,Bocas de dragón (paquete),,"hojas de punto de venta, cuenta poscdreamscanbloom (Drive)"
2026-08-20,34,Del Este,Cosecha Grande,1,125000,125000,Efectivo,Cosecha Grande,,"hojas de punto de venta, cuenta poscdreamscanbloom (Drive)"
2026-08-20,34,Del Este,Dusty miller con colitas de conejo,1,50000,50000,Datafono,,,"hojas de punto de venta, cuenta poscdreamscanbloom (Drive)"
2026-08-20,34,Del Este,Edicion Especial Lisianthus,1,75000,75000,Datafono,Edicion Especial Lisianthus,,"hojas de punto de venta, cuenta poscdreamscanbloom (Drive)"
2026-08-20,34,Del Este,Greenery con lisianthus,1,75000,0,Salida por daño,,,"hojas de punto de venta, cuenta poscdreamscanbloom (Drive)"
2026-08-20,34,Del Este,Paquete campanulas y bocas,1,45000,45000,Datafono,Paquete campanulas y bocas,,"hojas de punto de venta, cuenta poscdreamscanbloom (Drive)"
2026-08-20,34,Del Este,Paquete campanulas y bocas,1,45000,45000,Datafono,Paquete campanulas y bocas,,"hojas de punto de venta, cuenta poscdreamscanbloom (Drive)"
2026-08-20,34,Del Este,Paquete celosia cristata,2,60000,0,Salida por daño,,,"hojas de punto de venta, cuenta poscdreamscanbloom (Drive)"
2026-08-20,34,Del Este,Paquete celosias dream mix,4,50000,0,Salida por daño,Paquete celosias dream mix,,"hojas de punto de venta, cuenta poscdreamscanbloom (Drive)"
2026-08-20,34,Del Este,Paquete gomphenas y statice,1,45000,45000,Datafono,,,"hojas de punto de venta, cuenta poscdreamscanbloom (Drive)"
2026-08-20,34,Jardines,Bocas de dragon,1,38000,38000,Transferencia,Bocas de dragón (paquete),,"hojas de punto de venta, cuenta poscdreamscanbloom (Drive)"
2026-08-20,34,Jardines,Bocas de dragon,1,38000,38000,Transferencia,Bocas de dragón (paquete),,"hojas de punto de venta, cuenta poscdreamscanbloom (Drive)"
2026-08-20,34,Jardines,Bocas de dragon,1,38000,38000,Transferencia,Bocas de dragón (paquete),,"hojas de punto de venta, cuenta poscdreamscanbloom (Drive)"
2026-08-20,34,Jardines,Bouquet cristata pop,1,85000,85000,Transferencia,,,"hojas de punto de venta, cuenta poscdreamscanbloom (Drive)"
2026-08-20,34,Jardines,Bouquet cristata pop,1,85000,85000,Transferencia,,,"hojas de punto de venta, cuenta poscdreamscanbloom (Drive)"
2026-08-20,34,Jardines,Bouquet forever Dream pequeño,1,85000,85000,Transferencia,,,"hojas de punto de venta, cuenta poscdreamscanbloom (Drive)"
2026-08-20,34,Jardines,Cosecha Grande,1,125000,125000,Transferencia,Cosecha Grande,,"hojas de punto de venta, cuenta poscdreamscanbloom (Drive)"
2026-08-20,34,Jardines,Cosecha Grande,1,125000,125000,Efectivo,Cosecha Grande,,"hojas de punto de venta, cuenta poscdreamscanbloom (Drive)"
2026-08-20,34,Jardines,Paquete campanulas y bocas,1,45000,45000,Transferencia,Paquete campanulas y bocas,,"hojas de punto de venta, cuenta poscdreamscanbloom (Drive)"
2026-08-20,34,Jardines,Paquete campanulas y bocas,1,45000,45000,Transferencia,Paquete campanulas y bocas,,"hojas de punto de venta, cuenta poscdreamscanbloom (Drive)"
2026-08-20,34,Jardines,Paquete celosia cristata,1,60000,60000,Efectivo,,,"hojas de punto de venta, cuenta poscdreamscanbloom (Drive)"
2026-08-20,34,Online,Bocas de dragon y statice,3,45000,135000,,,FE-1972,"hojas de punto de venta, cuenta poscdreamscanbloom (Drive)"
2026-08-20,34,Online,Bouquet forever Dream grande,1,140000,140000,Transferencia,,Falta FE,"hojas de punto de venta, cuenta poscdreamscanbloom (Drive)"
2026-08-20,34,Online,Bouquet petit,1,65000,45500,,,FE-2017,"hojas de punto de venta, cuenta poscdreamscanbloom (Drive)"
2026-08-20,34,Online,Cosecha Grande,1,125000,125000,Transferencia,Cosecha Grande,Falta FE,"hojas de punto de venta, cuenta poscdreamscanbloom (Drive)"
2026-08-20,34,Online,Cosecha Grande,1,125000,106250,Transferencia,Cosecha Grande,Falta FE,"hojas de punto de venta, cuenta poscdreamscanbloom (Drive)"
2026-08-20,34,San Lucas,Bocas de dragon,1,38000,38000,Datafono,Bocas de dragón (paquete),,"hojas de punto de venta, cuenta poscdreamscanbloom (Drive)"
2026-08-20,34,San Lucas,Bocas de dragon y statice,1,45000,45000,Datafono,,,"hojas de punto de venta, cuenta poscdreamscanbloom (Drive)"
2026-08-20,34,San Lucas,Cosecha Pequeño,1,105000,105000,Transferencia,Cosecha Pequeño,,"hojas de punto de venta, cuenta poscdreamscanbloom (Drive)"
2026-08-20,34,San Lucas,Paquete campanulas y bocas,1,45000,45000,Transferencia,Paquete campanulas y bocas,,"hojas de punto de venta, cuenta poscdreamscanbloom (Drive)"
2026-08-20,34,San Lucas,Paquete campanulas y bocas,1,45000,45000,Transferencia,Paquete campanulas y bocas,,"hojas de punto de venta, cuenta poscdreamscanbloom (Drive)"
2026-08-20,34,San Lucas,Paquete celosias dream mix,2,50000,100000,Efectivo,Paquete celosias dream mix,,"hojas de punto de venta, cuenta poscdreamscanbloom (Drive)"
2026-08-20,34,Tesoro,Bocas de dragon,1,38000,38000,Efectivo,Bocas de dragón (paquete),,"hojas de punto de venta, cuenta poscdreamscanbloom (Drive)"
2026-08-20,34,Tesoro,Dusty miller con colitas de conejo,1,50000,50000,Efectivo,,,"hojas de punto de venta, cuenta poscdreamscanbloom (Drive)"
2026-08-20,34,Tesoro,Greenery con lisianthus,1,75000,60000,Datafono,,,"hojas de punto de venta, cuenta poscdreamscanbloom (Drive)"
2026-08-20,34,Tesoro,Paquete gomphenas y statice,1,45000,38250,Efectivo,,,"hojas de punto de venta, cuenta poscdreamscanbloom (Drive)"
2026-08-21,34,Del Este,Bocas de dragon,1,38000,38000,Datafono,Bocas de dragón (paquete),,"hojas de punto de venta, cuenta poscdreamscanbloom (Drive)"
2026-08-21,34,Del Este,Bocas de dragon y statice,1,45000,45000,Transferencia,,,"hojas de punto de venta, cuenta poscdreamscanbloom (Drive)"
2026-08-21,34,Del Este,Cosecha Grande,1,125000,125000,Transferencia,Cosecha Grande,,"hojas de punto de venta, cuenta poscdreamscanbloom (Drive)"
2026-08-21,34,Del Este,Dusty miller con colitas de conejo,1,50000,50000,Transferencia,,,"hojas de punto de venta, cuenta poscdreamscanbloom (Drive)"
2026-08-21,34,Del Este,Dusty miller con colitas de conejo,1,50000,50000,Efectivo,,,"hojas de punto de venta, cuenta poscdreamscanbloom (Drive)"
2026-08-21,34,Del Este,Edicion Especial Lisianthus,1,75000,75000,Transferencia,Edicion Especial Lisianthus,,"hojas de punto de venta, cuenta poscdreamscanbloom (Drive)"
2026-08-21,34,Del Este,Edicion Especial Lisianthus,1,75000,0,Online,Edicion Especial Lisianthus,,"hojas de punto de venta, cuenta poscdreamscanbloom (Drive)"
2026-08-21,34,Del Este,Paquete campanulas y bocas,1,45000,45000,Transferencia,Paquete campanulas y bocas,,"hojas de punto de venta, cuenta poscdreamscanbloom (Drive)"
2026-08-21,34,Del Este,Paquete cristata plus,1,65000,65000,Efectivo,Paquete cristata plus,,"hojas de punto de venta, cuenta poscdreamscanbloom (Drive)"
2026-08-21,34,Del Este,Paquete gomphenas y statice,1,45000,45000,Transferencia,,,"hojas de punto de venta, cuenta poscdreamscanbloom (Drive)"
2026-08-21,34,Jardines,Bocas de dragon,1,38000,38000,Transferencia,Bocas de dragón (paquete),,"hojas de punto de venta, cuenta poscdreamscanbloom (Drive)"
2026-08-21,34,Jardines,Bocas de dragon,2,38000,76000,Datafono,Bocas de dragón (paquete),,"hojas de punto de venta, cuenta poscdreamscanbloom (Drive)"
2026-08-21,34,Jardines,Bocas de dragon,1,38000,34200,Efectivo,Bocas de dragón (paquete),,"hojas de punto de venta, cuenta poscdreamscanbloom (Drive)"
2026-08-21,34,Jardines,Bocas de dragon y statice,2,45000,90000,Datafono,,,"hojas de punto de venta, cuenta poscdreamscanbloom (Drive)"
2026-08-21,34,Jardines,Bouquet cristata pop,1,85000,85000,Transferencia,,,"hojas de punto de venta, cuenta poscdreamscanbloom (Drive)"
2026-08-21,34,Jardines,Bouquet cristata pop,1,85000,0,Salida por daño,,,"hojas de punto de venta, cuenta poscdreamscanbloom (Drive)"
2026-08-21,34,Jardines,Cosecha Grande,1,125000,125000,Efectivo,Cosecha Grande,,"hojas de punto de venta, cuenta poscdreamscanbloom (Drive)"
2026-08-21,34,Jardines,Cosecha Pequeño,1,105000,0,Online,Cosecha Pequeño,,"hojas de punto de venta, cuenta poscdreamscanbloom (Drive)"
2026-08-21,34,Jardines,Dusty miller con colitas de conejo,1,50000,50000,Datafono,,,"hojas de punto de venta, cuenta poscdreamscanbloom (Drive)"
2026-08-21,34,Jardines,Dusty miller con colitas de conejo,1,50000,0,Salida por daño,,,"hojas de punto de venta, cuenta poscdreamscanbloom (Drive)"
2026-08-21,34,Jardines,Edicion Especial Lisianthus,1,75000,75000,Transferencia,Edicion Especial Lisianthus,,"hojas de punto de venta, cuenta poscdreamscanbloom (Drive)"
2026-08-21,34,Jardines,Edicion especial lisianthus,1,75000,67500,Efectivo,Edicion Especial Lisianthus,,"hojas de punto de venta, cuenta poscdreamscanbloom (Drive)"
2026-08-21,34,Jardines,Paquete ammi majus,1,45000,45000,Datafono,,,"hojas de punto de venta, cuenta poscdreamscanbloom (Drive)"
2026-08-21,34,Jardines,Paquete campanulas y bocas,1,45000,40500,Datafono,Paquete campanulas y bocas,,"hojas de punto de venta, cuenta poscdreamscanbloom (Drive)"
2026-08-21,34,Jardines,Paquete celosia cristata,1,60000,51000,Transferencia,,,"hojas de punto de venta, cuenta poscdreamscanbloom (Drive)"
2026-08-21,34,Jardines,Paquete celosia cristata,1,60000,0,Salida por daño,,,"hojas de punto de venta, cuenta poscdreamscanbloom (Drive)"
2026-08-21,34,Jardines,Paquete celosias dream mix,1,50000,50000,Efectivo,Paquete celosias dream mix,,"hojas de punto de venta, cuenta poscdreamscanbloom (Drive)"
2026-08-21,34,Jardines,Paquete green ball y plumas,4,45000,0,Salida por daño,,,"hojas de punto de venta, cuenta poscdreamscanbloom (Drive)"
2026-08-21,34,Jardines,Paquete green ball y plumas,1,45000,33750,Datafono,,,"hojas de punto de venta, cuenta poscdreamscanbloom (Drive)"
2026-08-21,34,Online,Colita de conejo,1,36000,36000,Transferencia,,Falta FE,"hojas de punto de venta, cuenta poscdreamscanbloom (Drive)"
2026-08-21,34,Online,Cosecha Grande,8,125000,850000,Transferencia,Cosecha Grande,Falta FE,"hojas de punto de venta, cuenta poscdreamscanbloom (Drive)"
2026-08-21,34,Online,Cosecha Pequeño,1,105000,105000,Transferencia,Cosecha Pequeño,Falta FE,"hojas de punto de venta, cuenta poscdreamscanbloom (Drive)"
2026-08-21,34,Online,Cosecha Pequeño,1,105000,105000,Transferencia,Cosecha Pequeño,Falta FE,"hojas de punto de venta, cuenta poscdreamscanbloom (Drive)"
2026-08-21,34,Online,Cosecha Pequeño,1,105000,105000,Transferencia,Cosecha Pequeño,Falta FE,"hojas de punto de venta, cuenta poscdreamscanbloom (Drive)"
2026-08-21,34,Online,Edicion Especial Dianthus,1,85000,85000,Transferencia,,Falta FE,"hojas de punto de venta, cuenta poscdreamscanbloom (Drive)"
2026-08-21,34,Online,Edicion Especial Dianthus,1,85000,85000,Transferencia,,Falta FE,"hojas de punto de venta, cuenta poscdreamscanbloom (Drive)"
2026-08-21,34,Online,Gomphrenas,1,45000,45000,Transferencia,Gomphrenas (paquete grande),Falta FE,"hojas de punto de venta, cuenta poscdreamscanbloom (Drive)"
2026-08-21,34,San Lucas,Dusty miller con colitas de conejo,1,50000,50000,Transferencia,,,"hojas de punto de venta, cuenta poscdreamscanbloom (Drive)"
2026-08-21,34,San Lucas,Edicion Especial Lisianthus,1,75000,75000,Transferencia,Edicion Especial Lisianthus,,"hojas de punto de venta, cuenta poscdreamscanbloom (Drive)"
2026-08-21,34,San Lucas,Green ball,1,40000,40000,Transferencia,Green ball (paquete),,"hojas de punto de venta, cuenta poscdreamscanbloom (Drive)"
2026-08-21,34,San Lucas,Paquete cristata plus,1,65000,65000,Datafono,Paquete cristata plus,,"hojas de punto de venta, cuenta poscdreamscanbloom (Drive)"
2026-08-21,34,San Lucas,Paquete trachellium,1,50000,50000,Datafono,,,"hojas de punto de venta, cuenta poscdreamscanbloom (Drive)"
2026-08-21,34,Tesoro,Bocas de dragon,1,38000,38000,Datafono,Bocas de dragón (paquete),,"hojas de punto de venta, cuenta poscdreamscanbloom (Drive)"
2026-08-21,34,Tesoro,Bocas de dragon,1,38000,38000,Efectivo,Bocas de dragón (paquete),,"hojas de punto de venta, cuenta poscdreamscanbloom (Drive)"
2026-08-21,34,Tesoro,Bocas de dragon y statice,1,45000,45000,Datafono,,,"hojas de punto de venta, cuenta poscdreamscanbloom (Drive)"
2026-08-21,34,Tesoro,Cosecha Pequeño,1,105000,105000,Datafono,Cosecha Pequeño,,"hojas de punto de venta, cuenta poscdreamscanbloom (Drive)"
2026-08-21,34,Tesoro,Cosecha Pequeño,1,105000,94500,,Cosecha Pequeño,,"hojas de punto de venta, cuenta poscdreamscanbloom (Drive)"
2026-08-21,34,Tesoro,Dusty miller con colitas de conejo,1,50000,50000,Transferencia,,,"hojas de punto de venta, cuenta poscdreamscanbloom (Drive)"
2026-08-21,34,Tesoro,Paquete ammi majus,1,45000,45000,Datafono,,,"hojas de punto de venta, cuenta poscdreamscanbloom (Drive)"
2026-08-21,34,Tesoro,Paquete celosia cristata,1,60000,45000,Transferencia,,,"hojas de punto de venta, cuenta poscdreamscanbloom (Drive)"
2026-08-22,34,Del Este,Bocas de dragon,1,38000,38000,Transferencia,Bocas de dragón (paquete),,"hojas de punto de venta, cuenta poscdreamscanbloom (Drive)"
2026-08-22,34,Del Este,Bocas de dragon,1,38000,38000,Datafono,Bocas de dragón (paquete),,"hojas de punto de venta, cuenta poscdreamscanbloom (Drive)"
2026-08-22,34,Del Este,Bouquet cristata pop,2,85000,153000,Efectivo,,,"hojas de punto de venta, cuenta poscdreamscanbloom (Drive)"
2026-08-22,34,Del Este,Bouquet cristata pop,1,85000,85000,Transferencia,,,"hojas de punto de venta, cuenta poscdreamscanbloom (Drive)"
2026-08-22,34,Del Este,Bouquet forever Dream mediano,1,120000,120000,Transferencia,,,"hojas de punto de venta, cuenta poscdreamscanbloom (Drive)"
2026-08-22,34,Del Este,Paquete campanulas y bocas,1,45000,45000,Transferencia,Paquete campanulas y bocas,Paga 55.000,"hojas de punto de venta, cuenta poscdreamscanbloom (Drive)"
2026-08-22,34,Del Este,Paquete cristata plus,1,65000,65000,Datafono,Paquete cristata plus,,"hojas de punto de venta, cuenta poscdreamscanbloom (Drive)"
2026-08-22,34,Jardines,Bocas de dragon,1,38000,38000,Efectivo,Bocas de dragón (paquete),,"hojas de punto de venta, cuenta poscdreamscanbloom (Drive)"
2026-08-22,34,Jardines,Bocas de dragon,1,38000,38000,Transferencia,Bocas de dragón (paquete),,"hojas de punto de venta, cuenta poscdreamscanbloom (Drive)"
2026-08-22,34,Jardines,Bocas de dragon y statice,1,45000,33750,Transferencia,,,"hojas de punto de venta, cuenta poscdreamscanbloom (Drive)"
2026-08-22,34,Jardines,Bouquet cristata pop,1,85000,85000,Efectivo,,,"hojas de punto de venta, cuenta poscdreamscanbloom (Drive)"
2026-08-22,34,Jardines,Bouquet forever Dream grande,1,140000,140000,Transferencia,,,"hojas de punto de venta, cuenta poscdreamscanbloom (Drive)"
2026-08-22,34,Jardines,Cosecha Grande,1,125000,125000,Datafono,Cosecha Grande,,"hojas de punto de venta, cuenta poscdreamscanbloom (Drive)"
2026-08-22,34,Jardines,Cosecha Grande,1,125000,125000,Datafono,Cosecha Grande,,"hojas de punto de venta, cuenta poscdreamscanbloom (Drive)"
2026-08-22,34,Jardines,Cosecha Grande,1,125000,125000,Transferencia,Cosecha Grande,,"hojas de punto de venta, cuenta poscdreamscanbloom (Drive)"
2026-08-22,34,Jardines,Cosecha Grande,1,125000,125000,Datafono,Cosecha Grande,,"hojas de punto de venta, cuenta poscdreamscanbloom (Drive)"
2026-08-22,34,Jardines,Cosecha Pequeño,1,105000,105000,Efectivo,Cosecha Pequeño,,"hojas de punto de venta, cuenta poscdreamscanbloom (Drive)"
2026-08-22,34,Jardines,Dusty miller con colitas de conejo,1,50000,42500,Transferencia,,,"hojas de punto de venta, cuenta poscdreamscanbloom (Drive)"
2026-08-22,34,Jardines,Edicion Especial Lisianthus,1,75000,63750,Datafono,Edicion Especial Lisianthus,,"hojas de punto de venta, cuenta poscdreamscanbloom (Drive)"
2026-08-22,34,Jardines,Esparragos con ammi,1,45000,38250,Datafono,,,"hojas de punto de venta, cuenta poscdreamscanbloom (Drive)"
2026-08-22,34,Jardines,Green ball con statice,1,45000,45000,Efectivo,,,"hojas de punto de venta, cuenta poscdreamscanbloom (Drive)"
2026-08-22,34,Jardines,My love dusty miller,1,90000,90000,Transferencia,,,"hojas de punto de venta, cuenta poscdreamscanbloom (Drive)"
2026-08-22,34,Jardines,Paquete campanulas y bocas,1,45000,45000,Efectivo,Paquete campanulas y bocas,,"hojas de punto de venta, cuenta poscdreamscanbloom (Drive)"
2026-08-22,34,Jardines,Sobres,1,9500,9500,Datafono,,,"hojas de punto de venta, cuenta poscdreamscanbloom (Drive)"
2026-08-22,34,Online,Bocas de dragon,1,38000,38000,Transferencia,Bocas de dragón (paquete),Falta FE,"hojas de punto de venta, cuenta poscdreamscanbloom (Drive)"
2026-08-22,34,Online,Bouquet pureza,1,160000,160000,Transferencia,Bouquet pureza,Falta FE,"hojas de punto de venta, cuenta poscdreamscanbloom (Drive)"
2026-08-22,34,Online,Colita de conejo,1,36000,30600,Transferencia,,Falta FE,"hojas de punto de venta, cuenta poscdreamscanbloom (Drive)"
2026-08-22,34,Online,Paquete ammi majus,3,45000,135000,Transferencia,,falta FE,"hojas de punto de venta, cuenta poscdreamscanbloom (Drive)"
2026-08-22,34,San Lucas,Bocas de dragon,1,38000,38000,Datafono,Bocas de dragón (paquete),,"hojas de punto de venta, cuenta poscdreamscanbloom (Drive)"
2026-08-22,34,San Lucas,Bocas de dragon,1,38000,38000,Transferencia,Bocas de dragón (paquete),,"hojas de punto de venta, cuenta poscdreamscanbloom (Drive)"
2026-08-22,34,San Lucas,Bocas de dragon y statice,1,45000,45000,Efectivo,,,"hojas de punto de venta, cuenta poscdreamscanbloom (Drive)"
2026-08-22,34,San Lucas,Bouquet cristata pop,1,85000,85000,Datafono,,,"hojas de punto de venta, cuenta poscdreamscanbloom (Drive)"
2026-08-22,34,San Lucas,Campanula,1,50000,40000,Transferencia,Campanula (paquete),,"hojas de punto de venta, cuenta poscdreamscanbloom (Drive)"
2026-08-22,34,San Lucas,Campanula,1,50000,45000,Transferencia,Campanula (paquete),,"hojas de punto de venta, cuenta poscdreamscanbloom (Drive)"
2026-08-22,34,San Lucas,Campanula,1,50000,40000,Datafono,Campanula (paquete),,"hojas de punto de venta, cuenta poscdreamscanbloom (Drive)"
2026-08-22,34,San Lucas,Cosecha Grande,1,125000,112500,Transferencia,Cosecha Grande,llevaba dias en el punto,"hojas de punto de venta, cuenta poscdreamscanbloom (Drive)"
2026-08-22,34,San Lucas,Paquete campanulas y bocas,1,45000,45000,Efectivo,Paquete campanulas y bocas,,"hojas de punto de venta, cuenta poscdreamscanbloom (Drive)"
2026-08-22,34,San Lucas,Paquete campanulas y bocas,1,45000,45000,Efectivo,Paquete campanulas y bocas,,"hojas de punto de venta, cuenta poscdreamscanbloom (Drive)"
2026-08-22,34,San Lucas,Paquete campanulas y bocas,1,45000,45000,Datafono,Paquete campanulas y bocas,,"hojas de punto de venta, cuenta poscdreamscanbloom (Drive)"
2026-08-22,34,San Lucas,Paquete celosias dream mix,1,50000,50000,Datafono,Paquete celosias dream mix,,"hojas de punto de venta, cuenta poscdreamscanbloom (Drive)"
2026-08-22,34,San Lucas,Paquete celosias dream mix,1,50000,50000,Efectivo,Paquete celosias dream mix,,"hojas de punto de venta, cuenta poscdreamscanbloom (Drive)"
2026-08-22,34,Tesoro,Bocas de dragon,1,38000,38000,Datafono,Bocas de dragón (paquete),,"hojas de punto de venta, cuenta poscdreamscanbloom (Drive)"
2026-08-22,34,Tesoro,Bocas de dragon y statice,1,45000,38250,Transferencia,,,"hojas de punto de venta, cuenta poscdreamscanbloom (Drive)"
2026-08-22,34,Tesoro,Bocas de dragon y statice,1,45000,45000,Transferencia,,,"hojas de punto de venta, cuenta poscdreamscanbloom (Drive)"
2026-08-22,34,Tesoro,Bouquet cristata pop,1,85000,70000,Efectivo,,,"hojas de punto de venta, cuenta poscdreamscanbloom (Drive)"
2026-08-22,34,Tesoro,Edicion Especial Lisianthus,1,75000,75000,Datafono,Edicion Especial Lisianthus,,"hojas de punto de venta, cuenta poscdreamscanbloom (Drive)"
2026-08-23,34,Del Este,Bocas de dragon,1,38000,38000,Datafono,Bocas de dragón (paquete),,"hojas de punto de venta, cuenta poscdreamscanbloom (Drive)"
2026-08-23,34,Del Este,Bouquet forever Dream pequeño,1,85000,85000,Transferencia,,,"hojas de punto de venta, cuenta poscdreamscanbloom (Drive)"
2026-08-23,34,Del Este,Bouquet petit,1,65000,65000,Transferencia,,,"hojas de punto de venta, cuenta poscdreamscanbloom (Drive)"
2026-08-23,34,Del Este,Bouquet petit,1,65000,65000,Datafono,,,"hojas de punto de venta, cuenta poscdreamscanbloom (Drive)"
2026-08-23,34,Del Este,Cosecha Grande,1,125000,125000,Efectivo,Cosecha Grande,,"hojas de punto de venta, cuenta poscdreamscanbloom (Drive)"
2026-08-23,34,Del Este,Cosecha Pequeño,1,105000,105000,Datafono,Cosecha Pequeño,,"hojas de punto de venta, cuenta poscdreamscanbloom (Drive)"
2026-08-23,34,Del Este,Cosecha Pequeño,1,105000,105000,Transferencia,Cosecha Pequeño,,"hojas de punto de venta, cuenta poscdreamscanbloom (Drive)"
2026-08-23,34,Del Este,Edicion Especial Lisianthus,1,75000,75000,Transferencia,Edicion Especial Lisianthus,,"hojas de punto de venta, cuenta poscdreamscanbloom (Drive)"
2026-08-23,34,Del Este,Green ball,1,40000,0,Salida por daño,Green ball (paquete),,"hojas de punto de venta, cuenta poscdreamscanbloom (Drive)"
2026-08-23,34,Del Este,My love dusty miller,1,90000,90000,Datafono,,,"hojas de punto de venta, cuenta poscdreamscanbloom (Drive)"
2026-08-23,34,Del Este,Paquete campanulas y bocas,1,45000,0,Salida por daño,Paquete campanulas y bocas,,"hojas de punto de venta, cuenta poscdreamscanbloom (Drive)"
2026-08-23,34,Del Este,Paquete statice dream mix,1,40000,0,Salida por daño,,Paquete dejo pago clienta no volvió por el (ya estan secas ),"hojas de punto de venta, cuenta poscdreamscanbloom (Drive)"
2026-08-23,34,Jardines,Bocas de dragon,1,38000,38000,Transferencia,Bocas de dragón (paquete),,"hojas de punto de venta, cuenta poscdreamscanbloom (Drive)"
2026-08-23,34,Jardines,Bocas de dragon,1,38000,38000,Efectivo,Bocas de dragón (paquete),,"hojas de punto de venta, cuenta poscdreamscanbloom (Drive)"
2026-08-23,34,Jardines,Bocas de dragon,1,38000,38000,Datafono,Bocas de dragón (paquete),,"hojas de punto de venta, cuenta poscdreamscanbloom (Drive)"
2026-08-23,34,Jardines,Bouquet forever Dream mediano,1,120000,120000,Datafono,,,"hojas de punto de venta, cuenta poscdreamscanbloom (Drive)"
2026-08-23,34,Jardines,Bouquet petit,1,65000,65000,Transferencia,,,"hojas de punto de venta, cuenta poscdreamscanbloom (Drive)"
2026-08-23,34,Jardines,Cosecha Grande,1,125000,125000,Datafono,Cosecha Grande,,"hojas de punto de venta, cuenta poscdreamscanbloom (Drive)"
2026-08-23,34,Jardines,Edicion Especial Lisianthus,1,75000,75000,Transferencia,Edicion Especial Lisianthus,,"hojas de punto de venta, cuenta poscdreamscanbloom (Drive)"
2026-08-23,34,Jardines,Green ball,1,40000,40000,Transferencia,Green ball (paquete),,"hojas de punto de venta, cuenta poscdreamscanbloom (Drive)"
2026-08-23,34,Jardines,Green ball,1,40000,40000,Datafono,Green ball (paquete),,"hojas de punto de venta, cuenta poscdreamscanbloom (Drive)"
2026-08-23,34,Jardines,Green ball con statice,1,45000,36000,Transferencia,,,"hojas de punto de venta, cuenta poscdreamscanbloom (Drive)"
2026-08-23,34,Jardines,Paquete campanulas y bocas,1,45000,45000,Transferencia,Paquete campanulas y bocas,,"hojas de punto de venta, cuenta poscdreamscanbloom (Drive)"
2026-08-23,34,Jardines,Paquete celosia cristata,1,60000,0,Salida por daño,,,"hojas de punto de venta, cuenta poscdreamscanbloom (Drive)"
2026-08-23,34,Jardines,Paquete celosias dream mix,1,50000,50000,Transferencia,Paquete celosias dream mix,,"hojas de punto de venta, cuenta poscdreamscanbloom (Drive)"
2026-08-23,34,Jardines,Paquete gomphrenas rose,1,45000,36000,Datafono,,,"hojas de punto de venta, cuenta poscdreamscanbloom (Drive)"
2026-08-23,34,Jardines,Paquete statice lilac dreams,1,40000,40000,Datafono,,,"hojas de punto de venta, cuenta poscdreamscanbloom (Drive)"
2026-08-23,34,San Lucas,Cosecha Pequeño,1,105000,105000,Transferencia,Cosecha Pequeño,,"hojas de punto de venta, cuenta poscdreamscanbloom (Drive)"
2026-08-23,34,San Lucas,Dusty miller con colitas de conejo,1,50000,40000,Transferencia,,,"hojas de punto de venta, cuenta poscdreamscanbloom (Drive)"
2026-08-23,34,San Lucas,My love dusty miller,1,90000,90000,Transferencia,,,"hojas de punto de venta, cuenta poscdreamscanbloom (Drive)"
2026-08-23,34,San Lucas,Paquete ammi majus,1,45000,40500,Transferencia,,Paga 40.000,"hojas de punto de venta, cuenta poscdreamscanbloom (Drive)"
2026-08-23,34,Tesoro,Bocas de dragon,1,38000,38000,Transferencia,Bocas de dragón (paquete),,"hojas de punto de venta, cuenta poscdreamscanbloom (Drive)"
2026-08-23,34,Tesoro,Bocas de dragon,1,38000,38000,Transferencia,Bocas de dragón (paquete),,"hojas de punto de venta, cuenta poscdreamscanbloom (Drive)"
2026-08-23,34,Tesoro,Bocas de dragon y statice,1,45000,45000,Datafono,,,"hojas de punto de venta, cuenta poscdreamscanbloom (Drive)"
2026-08-23,34,Tesoro,Cosecha Grande,2,125000,250000,Datafono,Cosecha Grande,,"hojas de punto de venta, cuenta poscdreamscanbloom (Drive)"
2026-08-23,34,Tesoro,Cosecha Pequeño,1,105000,105000,Datafono,Cosecha Pequeño,,"hojas de punto de venta, cuenta poscdreamscanbloom (Drive)"
2026-08-23,34,Tesoro,Cosecha Pequeño,1,105000,95000,Transferencia,Cosecha Pequeño,,"hojas de punto de venta, cuenta poscdreamscanbloom (Drive)"
2026-08-23,34,Tesoro,Edicion Especial Lisianthus,1,75000,75000,Transferencia,Edicion Especial Lisianthus,,"hojas de punto de venta, cuenta poscdreamscanbloom (Drive)"
2026-08-23,34,Tesoro,Paquete cristata plus,1,65000,65000,Datafono,Paquete cristata plus,,"hojas de punto de venta, cuenta poscdreamscanbloom (Drive)"
2026-08-24,35,Del Este,Bocas de dragon,2,38000,0,Salida por daño,Bocas de dragón (paquete),,"hojas de punto de venta, cuenta poscdreamscanbloom (Drive)"
2026-08-24,35,Del Este,Bocas de dragon,1,38000,38000,Efectivo,Bocas de dragón (paquete),,"hojas de punto de venta, cuenta poscdreamscanbloom (Drive)"
2026-08-24,35,Del Este,Bocas de dragon,1,38000,38000,Efectivo,Bocas de dragón (paquete),,"hojas de punto de venta, cuenta poscdreamscanbloom (Drive)"
2026-08-24,35,Del Este,Edicion Especial Lisianthus,1,75000,0,Salida por daño,Edicion Especial Lisianthus,,"hojas de punto de venta, cuenta poscdreamscanbloom (Drive)"
2026-08-24,35,Del Este,Edicion Especial Lisianthus,1,75000,75000,Efectivo,Edicion Especial Lisianthus,,"hojas de punto de venta, cuenta poscdreamscanbloom (Drive)"
2026-08-24,35,Del Este,Green ball,1,40000,0,Salida por daño,Green ball (paquete),,"hojas de punto de venta, cuenta poscdreamscanbloom (Drive)"
2026-08-24,35,Del Este,Green ball,1,40000,38000,Transferencia,Green ball (paquete),,"hojas de punto de venta, cuenta poscdreamscanbloom (Drive)"
2026-08-24,35,Del Este,Paquete ammi majus,1,45000,0,Salida por daño,,,"hojas de punto de venta, cuenta poscdreamscanbloom (Drive)"
2026-08-24,35,Del Este,Paquete campanulas y bocas,1,45000,45000,Transferencia,Paquete campanulas y bocas,,"hojas de punto de venta, cuenta poscdreamscanbloom (Drive)"
2026-08-24,35,Del Este,Paquete celosias dream mix,1,50000,0,Salida por daño,Paquete celosias dream mix,,"hojas de punto de venta, cuenta poscdreamscanbloom (Drive)"
2026-08-24,35,Del Este,Paquete trachellium,1,50000,45000,Transferencia,,,"hojas de punto de venta, cuenta poscdreamscanbloom (Drive)"
2026-08-24,35,Jardines,Bocas de dragon,1,38000,38000,Efectivo,Bocas de dragón (paquete),,"hojas de punto de venta, cuenta poscdreamscanbloom (Drive)"
2026-08-24,35,Jardines,Bouquet petit,1,65000,65000,Datafono,,,"hojas de punto de venta, cuenta poscdreamscanbloom (Drive)"
2026-08-24,35,Jardines,Cosecha Grande,1,125000,125000,Transferencia,Cosecha Grande,,"hojas de punto de venta, cuenta poscdreamscanbloom (Drive)"
2026-08-24,35,Jardines,Cosecha Grande,1,125000,125000,Datafono,Cosecha Grande,,"hojas de punto de venta, cuenta poscdreamscanbloom (Drive)"
2026-08-24,35,Jardines,Dusty miller con colitas de conejo,1,50000,0,Salida por daño,,,"hojas de punto de venta, cuenta poscdreamscanbloom (Drive)"
2026-08-24,35,Jardines,Edicion Especial Lisianthus,1,75000,75000,Transferencia,Edicion Especial Lisianthus,,"hojas de punto de venta, cuenta poscdreamscanbloom (Drive)"
2026-08-24,35,Jardines,Paquete campanulas y bocas,2,45000,81000,Efectivo,Paquete campanulas y bocas,,"hojas de punto de venta, cuenta poscdreamscanbloom (Drive)"
2026-08-24,35,Jardines,Paquete celosia cristata,1,60000,51000,Efectivo,,,"hojas de punto de venta, cuenta poscdreamscanbloom (Drive)"
2026-08-24,35,Jardines,Paquete celosias cristata y green ball,1,70000,70000,Efectivo,,Mon amour con precio viejo,"hojas de punto de venta, cuenta poscdreamscanbloom (Drive)"
2026-08-24,35,Jardines,Paquete celosias cristata y green ball,1,70000,63000,Datafono,,Mon amour,"hojas de punto de venta, cuenta poscdreamscanbloom (Drive)"
2026-08-24,35,Online,Bouquet  Dream Land,1,285000,285000,Transferencia,,Falta FE,"hojas de punto de venta, cuenta poscdreamscanbloom (Drive)"
2026-08-24,35,Online,Cosecha Grande,1,125000,125000,Transferencia,Cosecha Grande,Falta FE,"hojas de punto de venta, cuenta poscdreamscanbloom (Drive)"
2026-08-24,35,Online,Edicion especial lisianthus pink,1,75000,75000,Transferencia,,Falta FE,"hojas de punto de venta, cuenta poscdreamscanbloom (Drive)"
2026-08-24,35,Online,Paquete campanulas y bocas,1,45000,45000,Transferencia,Paquete campanulas y bocas,Falta FE,"hojas de punto de venta, cuenta poscdreamscanbloom (Drive)"
2026-08-24,35,San Lucas,Bocas de dragon,1,38000,38000,Datafono,Bocas de dragón (paquete),,"hojas de punto de venta, cuenta poscdreamscanbloom (Drive)"
2026-08-24,35,San Lucas,Cosecha Pequeño,1,105000,105000,Datafono,Cosecha Pequeño,,"hojas de punto de venta, cuenta poscdreamscanbloom (Drive)"
2026-08-24,35,San Lucas,Edicion especial lisianthus,1,75000,0,Online,Edicion Especial Lisianthus,,"hojas de punto de venta, cuenta poscdreamscanbloom (Drive)"
2026-08-24,35,San Lucas,Green ball,1,40000,40000,Efectivo,Green ball (paquete),trachelium 40.000,"hojas de punto de venta, cuenta poscdreamscanbloom (Drive)"
2026-08-24,35,San Lucas,Paquete campanulas y bocas,1,45000,0,Online,Paquete campanulas y bocas,,"hojas de punto de venta, cuenta poscdreamscanbloom (Drive)"
2026-08-24,35,San Lucas,Paquete celosias dream mix,1,50000,50000,Efectivo,Paquete celosias dream mix,,"hojas de punto de venta, cuenta poscdreamscanbloom (Drive)"
2026-08-24,35,San Lucas,Paquete gomphenas y statice,1,45000,45000,Transferencia,,,"hojas de punto de venta, cuenta poscdreamscanbloom (Drive)"
2026-08-24,35,Tesoro,Bouquet  Dream Land,1,285000,285000,Transferencia,,,"hojas de punto de venta, cuenta poscdreamscanbloom (Drive)"
2026-08-24,35,Tesoro,Bouquet cristata pop,1,85000,85000,Datafono,,,"hojas de punto de venta, cuenta poscdreamscanbloom (Drive)"
2026-08-24,35,Tesoro,Celosias plumosas,1,50000,50000,Transferencia,Celosias plumosas,,"hojas de punto de venta, cuenta poscdreamscanbloom (Drive)"
2026-08-24,35,Tesoro,Dream majesty,1,400000,400000,Transferencia,,,"hojas de punto de venta, cuenta poscdreamscanbloom (Drive)"
2026-08-24,35,Tesoro,My love dusty miller,1,90000,90000,Datafono,,,"hojas de punto de venta, cuenta poscdreamscanbloom (Drive)"
2026-08-24,35,Tesoro,Paquete campanulas y bocas,1,45000,45000,Datafono,Paquete campanulas y bocas,,"hojas de punto de venta, cuenta poscdreamscanbloom (Drive)"
2026-08-25,35,Del Este,Bocas de dragon,1,38000,34200,Transferencia,Bocas de dragón (paquete),,"hojas de punto de venta, cuenta poscdreamscanbloom (Drive)"
2026-08-25,35,Del Este,Bocas de dragon,1,38000,38000,Transferencia,Bocas de dragón (paquete),,"hojas de punto de venta, cuenta poscdreamscanbloom (Drive)"
2026-08-25,35,Del Este,Bouquet petit,1,65000,65000,Datafono,,,"hojas de punto de venta, cuenta poscdreamscanbloom (Drive)"
2026-08-25,35,Del Este,Cosecha Grande,1,125000,112500,Transferencia,Cosecha Grande,,"hojas de punto de venta, cuenta poscdreamscanbloom (Drive)"
2026-08-25,35,Del Este,Edicion Especial Lisianthus,1,75000,75000,Transferencia,Edicion Especial Lisianthus,,"hojas de punto de venta, cuenta poscdreamscanbloom (Drive)"
2026-08-25,35,Del Este,Paquete campanulas y bocas,1,45000,45000,Efectivo,Paquete campanulas y bocas,,"hojas de punto de venta, cuenta poscdreamscanbloom (Drive)"
2026-08-25,35,Jardines,Bocas de dragon,1,38000,38000,Efectivo,Bocas de dragón (paquete),,"hojas de punto de venta, cuenta poscdreamscanbloom (Drive)"
2026-08-25,35,Jardines,Campanula,1,50000,50000,Efectivo,Campanula (paquete),,"hojas de punto de venta, cuenta poscdreamscanbloom (Drive)"
2026-08-25,35,Jardines,Cosecha Pequeño,1,105000,94500,Datafono,Cosecha Pequeño,,"hojas de punto de venta, cuenta poscdreamscanbloom (Drive)"
2026-08-25,35,Jardines,Cosecha Pequeño,1,105000,105000,Datafono,Cosecha Pequeño,,"hojas de punto de venta, cuenta poscdreamscanbloom (Drive)"
2026-08-25,35,Jardines,My love dusty miller,1,75000,67500,Datafono,,,"hojas de punto de venta, cuenta poscdreamscanbloom (Drive)"
2026-08-25,35,Jardines,Paquete campanulas y bocas,1,45000,45000,Datafono,Paquete campanulas y bocas,,"hojas de punto de venta, cuenta poscdreamscanbloom (Drive)"
2026-08-25,35,Jardines,Paquete celosias dream mix,1,50000,0,Salida por daño,Paquete celosias dream mix,,"hojas de punto de venta, cuenta poscdreamscanbloom (Drive)"
2026-08-25,35,Jardines,Paquete cristata plus,1,65000,58500,Transferencia,Paquete cristata plus,,"hojas de punto de venta, cuenta poscdreamscanbloom (Drive)"
2026-08-25,35,Jardines,Paquete cristata plus,1,65000,65000,Efectivo,Paquete cristata plus,,"hojas de punto de venta, cuenta poscdreamscanbloom (Drive)"
2026-08-25,35,Jardines,Paquete gomphrenas rose,1,45000,45000,Datafono,,,"hojas de punto de venta, cuenta poscdreamscanbloom (Drive)"
2026-08-25,35,Jardines,Paquete gomphrenas rose,1,45000,45000,Transferencia,,,"hojas de punto de venta, cuenta poscdreamscanbloom (Drive)"
2026-08-25,35,Jardines,Paquete trachellium,1,50000,0,Salida por daño,,,"hojas de punto de venta, cuenta poscdreamscanbloom (Drive)"
2026-08-25,35,Online,Cosecha Grande,1,125000,125000,Transferencia,Cosecha Grande,Falta FE,"hojas de punto de venta, cuenta poscdreamscanbloom (Drive)"
2026-08-25,35,Online,Cosecha Pequeño,1,105000,105000,Transferencia,Cosecha Pequeño,Falta FE,"hojas de punto de venta, cuenta poscdreamscanbloom (Drive)"
2026-08-25,35,Online,Event bocas de dragon 10 tallos,2,32300,64600,,,FE-2129,"hojas de punto de venta, cuenta poscdreamscanbloom (Drive)"
2026-08-25,35,Online,Event lisianthus 5 tallos,3,42500,127500,,,FE-2129,"hojas de punto de venta, cuenta poscdreamscanbloom (Drive)"
2026-08-25,35,Online,Mon amour,1,85000,76500,Transferencia,,"Falta FE, es de 75.000","hojas de punto de venta, cuenta poscdreamscanbloom (Drive)"
2026-08-25,35,Online,Paquete ammobium,2,45000,90000,,Paquete ammobium,FE-2129,"hojas de punto de venta, cuenta poscdreamscanbloom (Drive)"
2026-08-25,35,San Lucas,Bocas de dragon,1,38000,38000,Efectivo,Bocas de dragón (paquete),,"hojas de punto de venta, cuenta poscdreamscanbloom (Drive)"
2026-08-25,35,San Lucas,Celosias plumosas,1,50000,50000,Datafono,Celosias plumosas,,"hojas de punto de venta, cuenta poscdreamscanbloom (Drive)"
2026-08-25,35,San Lucas,Paquete campanulas y bocas,1,45000,45000,Datafono,Paquete campanulas y bocas,,"hojas de punto de venta, cuenta poscdreamscanbloom (Drive)"
2026-08-26,35,Del Este,Bocas de dragon,1,38000,38000,Transferencia,Bocas de dragón (paquete),,"hojas de punto de venta, cuenta poscdreamscanbloom (Drive)"
2026-08-26,35,Del Este,Bouquet cristata pop,2,85000,0,Salida por daño,,,"hojas de punto de venta, cuenta poscdreamscanbloom (Drive)"
2026-08-26,35,Del Este,Bouquet forever Dream mediano,1,120000,120000,Datafono,,,"hojas de punto de venta, cuenta poscdreamscanbloom (Drive)"
2026-08-26,35,Del Este,Cosecha Grande,1,125000,125000,Datafono,Cosecha Grande,,"hojas de punto de venta, cuenta poscdreamscanbloom (Drive)"
2026-08-26,35,Del Este,Cosecha Pequeño,1,105000,105000,Datafono,Cosecha Pequeño,,"hojas de punto de venta, cuenta poscdreamscanbloom (Drive)"
2026-08-26,35,Del Este,Cosecha Pequeño,1,105000,105000,Datafono,Cosecha Pequeño,,"hojas de punto de venta, cuenta poscdreamscanbloom (Drive)"
2026-08-26,35,Del Este,Edicion Especial Lisianthus,1,75000,75000,Transferencia,Edicion Especial Lisianthus,,"hojas de punto de venta, cuenta poscdreamscanbloom (Drive)"
2026-08-26,35,Del Este,Greenery con lisianthus,1,75000,75000,Transferencia,,,"hojas de punto de venta, cuenta poscdreamscanbloom (Drive)"
2026-08-26,35,Del Este,Paquete ammi majus,1,45000,0,Salida por daño,,,"hojas de punto de venta, cuenta poscdreamscanbloom (Drive)"
2026-08-26,35,Del Este,Paquete campanulas y bocas,1,45000,45000,Transferencia,Paquete campanulas y bocas,,"hojas de punto de venta, cuenta poscdreamscanbloom (Drive)"
2026-08-26,35,Del Este,Paquete celosias dream mix,1,50000,0,Salida por daño,Paquete celosias dream mix,,"hojas de punto de venta, cuenta poscdreamscanbloom (Drive)"
2026-08-26,35,Del Este,Paquete cristata plus,1,65000,65000,Datafono,Paquete cristata plus,,"hojas de punto de venta, cuenta poscdreamscanbloom (Drive)"
2026-08-26,35,Del Este,Paquete de lisianthus solo,1,60000,60000,Efectivo,,,"hojas de punto de venta, cuenta poscdreamscanbloom (Drive)"
2026-08-26,35,Jardines,Bocas de dragon,1,38000,38000,Transferencia,Bocas de dragón (paquete),,"hojas de punto de venta, cuenta poscdreamscanbloom (Drive)"
2026-08-26,35,Jardines,Bouquet cristata pop,1,85000,85000,Datafono,,Pago 90.000,"hojas de punto de venta, cuenta poscdreamscanbloom (Drive)"
2026-08-26,35,Jardines,Bouquet petit,1,65000,61750,Efectivo,,Paga 60.000,"hojas de punto de venta, cuenta poscdreamscanbloom (Drive)"
2026-08-26,35,Jardines,Campanula,1,50000,50000,Datafono,Campanula (paquete),,"hojas de punto de venta, cuenta poscdreamscanbloom (Drive)"
2026-08-26,35,Jardines,Cosecha Grande,1,125000,125000,Efectivo,Cosecha Grande,,"hojas de punto de venta, cuenta poscdreamscanbloom (Drive)"
2026-08-26,35,Jardines,Cosecha Grande,1,125000,118750,Efectivo,Cosecha Grande,Paga 120.000,"hojas de punto de venta, cuenta poscdreamscanbloom (Drive)"
2026-08-26,35,Jardines,Green ball,1,40000,40000,Transferencia,Green ball (paquete),,"hojas de punto de venta, cuenta poscdreamscanbloom (Drive)"
2026-08-26,35,Jardines,Green ball,1,40000,40000,Efectivo,Green ball (paquete),,"hojas de punto de venta, cuenta poscdreamscanbloom (Drive)"
2026-08-26,35,Jardines,Greenery con lisianthus,1,75000,75000,Datafono,,,"hojas de punto de venta, cuenta poscdreamscanbloom (Drive)"
2026-08-26,35,Jardines,Paquete ammi majus,1,45000,45000,Transferencia,,,"hojas de punto de venta, cuenta poscdreamscanbloom (Drive)"
2026-08-26,35,Jardines,Paquete campanulas y bocas,1,45000,45000,Efectivo,Paquete campanulas y bocas,,"hojas de punto de venta, cuenta poscdreamscanbloom (Drive)"
2026-08-26,35,Jardines,Paquete celosias y campanulas,1,65000,61750,Transferencia,,Paga 60.000,"hojas de punto de venta, cuenta poscdreamscanbloom (Drive)"
2026-08-26,35,Jardines,Paquete cristata plus,1,65000,65000,Datafono,Paquete cristata plus,,"hojas de punto de venta, cuenta poscdreamscanbloom (Drive)"
2026-08-26,35,Jardines,Paquete gomphrenas rose,1,45000,40500,Transferencia,,,"hojas de punto de venta, cuenta poscdreamscanbloom (Drive)"
2026-08-26,35,Jardines,Paquete statice pink dreams,1,40000,36000,Efectivo,Paquete statice pink dreams,,"hojas de punto de venta, cuenta poscdreamscanbloom (Drive)"
2026-08-26,35,Online,Bouquet Greenery,1,90000,0,Obsequio,,Camila truchas,"hojas de punto de venta, cuenta poscdreamscanbloom (Drive)"
2026-08-26,35,Online,Bouquet forever Dream grande,1,140000,140000,Transferencia,,Falta FE,"hojas de punto de venta, cuenta poscdreamscanbloom (Drive)"
2026-08-26,35,Online,Bouquet forever Dream pequeño,1,85000,85000,Transferencia,,Falta FE,"hojas de punto de venta, cuenta poscdreamscanbloom (Drive)"
2026-08-26,35,Online,Bouquet pureza,1,160000,160000,Transferencia,Bouquet pureza,Falta FE,"hojas de punto de venta, cuenta poscdreamscanbloom (Drive)"
2026-08-26,35,Online,Celosias plumosss pink 8 a 10 tallos,1,38250,38250,,,FE-2153,"hojas de punto de venta, cuenta poscdreamscanbloom (Drive)"
2026-08-26,35,Online,Cosecha Grande,1,125000,125000,Transferencia,Cosecha Grande,Falta FE,"hojas de punto de venta, cuenta poscdreamscanbloom (Drive)"
2026-08-26,35,Online,Cosecha Grande,1,125000,125000,Transferencia,Cosecha Grande,Falta FE,"hojas de punto de venta, cuenta poscdreamscanbloom (Drive)"
2026-08-26,35,Online,Cosecha Pequeño,3,105000,0,Obsequio,Cosecha Pequeño,Muestras 3 hoteles,"hojas de punto de venta, cuenta poscdreamscanbloom (Drive)"
2026-08-26,35,Online,Edicion Especial Lisianthus,1,75000,75000,Transferencia,Edicion Especial Lisianthus,Falta FE,"hojas de punto de venta, cuenta poscdreamscanbloom (Drive)"
2026-08-26,35,Online,Edicion Especial Lisianthus,1,75000,75000,Transferencia,Edicion Especial Lisianthus,Falta FE,"hojas de punto de venta, cuenta poscdreamscanbloom (Drive)"
2026-08-26,35,Online,Event bocas de dragon 10 tallos,1,32300,32300,,,FE-2153,"hojas de punto de venta, cuenta poscdreamscanbloom (Drive)"
2026-08-26,35,Online,Event campanulas blancas 8-10 tallos,1,38250,38250,,,FE-2153,"hojas de punto de venta, cuenta poscdreamscanbloom (Drive)"
2026-08-26,35,Online,Event celosias cristata,1,42500,42500,,,FE-2153,"hojas de punto de venta, cuenta poscdreamscanbloom (Drive)"
2026-08-26,35,Online,Event gomphenas blancas,1,38250,38250,,Event gomphenas blancas,FE-2153,"hojas de punto de venta, cuenta poscdreamscanbloom (Drive)"
2026-08-26,35,Online,Green ball,1,40000,34000,,Green ball (paquete),FE-2153,"hojas de punto de venta, cuenta poscdreamscanbloom (Drive)"
2026-08-26,35,Online,Paquete celosia cristata,1,60000,60000,Transferencia,,Falta FE,"hojas de punto de venta, cuenta poscdreamscanbloom (Drive)"
2026-08-26,35,Online,Set 10 floreros 250ml,1,350000,0,Obsequio,,Ganadora sorteo Instagram,"hojas de punto de venta, cuenta poscdreamscanbloom (Drive)"
2026-08-26,35,San Lucas,Bocas de dragon,1,38000,38000,Datafono,Bocas de dragón (paquete),3 paquetes,"hojas de punto de venta, cuenta poscdreamscanbloom (Drive)"
2026-08-26,35,San Lucas,Bocas de dragon y statice,1,45000,45000,Datafono,,,"hojas de punto de venta, cuenta poscdreamscanbloom (Drive)"
2026-08-26,35,San Lucas,Bouquet cristata pop,1,85000,85000,Transferencia,,,"hojas de punto de venta, cuenta poscdreamscanbloom (Drive)"
2026-08-26,35,San Lucas,Bouquet cristata pop,1,85000,85000,Datafono,,,"hojas de punto de venta, cuenta poscdreamscanbloom (Drive)"
2026-08-26,35,San Lucas,Campanula,1,50000,50000,Datafono,Campanula (paquete),,"hojas de punto de venta, cuenta poscdreamscanbloom (Drive)"
2026-08-26,35,San Lucas,Cosecha Grande,1,125000,112500,Efectivo,Cosecha Grande,,"hojas de punto de venta, cuenta poscdreamscanbloom (Drive)"
2026-08-26,35,San Lucas,Cosecha Pequeño,1,105000,105000,Transferencia,Cosecha Pequeño,,"hojas de punto de venta, cuenta poscdreamscanbloom (Drive)"
2026-08-26,35,San Lucas,Cosecha Pequeño,1,105000,105000,Transferencia,Cosecha Pequeño,,"hojas de punto de venta, cuenta poscdreamscanbloom (Drive)"
2026-08-26,35,San Lucas,Cosecha Pequeño,1,105000,105000,Transferencia,Cosecha Pequeño,,"hojas de punto de venta, cuenta poscdreamscanbloom (Drive)"
2026-08-26,35,San Lucas,Cosecha Pequeño,1,105000,105000,Datafono,Cosecha Pequeño,,"hojas de punto de venta, cuenta poscdreamscanbloom (Drive)"
2026-08-26,35,San Lucas,Dusty miller con colitas de conejo,1,50000,45000,Datafono,,,"hojas de punto de venta, cuenta poscdreamscanbloom (Drive)"
2026-08-26,35,San Lucas,Edicion especial lisianthus,1,75000,75000,Transferencia,Edicion Especial Lisianthus,,"hojas de punto de venta, cuenta poscdreamscanbloom (Drive)"
2026-08-26,35,San Lucas,Paquete ammi majus,1,45000,45000,Transferencia,,,"hojas de punto de venta, cuenta poscdreamscanbloom (Drive)"
2026-08-26,35,San Lucas,Paquete ammi majus,1,45000,45000,Efectivo,,,"hojas de punto de venta, cuenta poscdreamscanbloom (Drive)"
2026-08-26,35,San Lucas,Paquete campanulas y bocas,1,45000,45000,Datafono,Paquete campanulas y bocas,,"hojas de punto de venta, cuenta poscdreamscanbloom (Drive)"
2026-08-26,35,San Lucas,Paquete campanulas y bocas,2,45000,90000,Datafono,Paquete campanulas y bocas,,"hojas de punto de venta, cuenta poscdreamscanbloom (Drive)"
2026-08-26,35,San Lucas,Paquete celosia cristata,1,60000,60000,Datafono,,,"hojas de punto de venta, cuenta poscdreamscanbloom (Drive)"
2026-08-26,35,San Lucas,Paquete celosias dream mix,1,50000,50000,Datafono,Paquete celosias dream mix,,"hojas de punto de venta, cuenta poscdreamscanbloom (Drive)"
2026-08-26,35,Tesoro,Bocas de dragon,1,38000,38000,Datafono,Bocas de dragón (paquete),,"hojas de punto de venta, cuenta poscdreamscanbloom (Drive)"
2026-08-26,35,Tesoro,Bocas de dragon,1,38000,38000,Efectivo,Bocas de dragón (paquete),,"hojas de punto de venta, cuenta poscdreamscanbloom (Drive)"
2026-08-26,35,Tesoro,Bouquet cristata pop,1,85000,72250,Transferencia,,,"hojas de punto de venta, cuenta poscdreamscanbloom (Drive)"
2026-08-26,35,Tesoro,Cosecha Pequeño,1,105000,105000,Datafono,Cosecha Pequeño,,"hojas de punto de venta, cuenta poscdreamscanbloom (Drive)"
2026-08-26,35,Tesoro,Cosecha Pequeño,1,105000,105000,Efectivo,Cosecha Pequeño,,"hojas de punto de venta, cuenta poscdreamscanbloom (Drive)"
2026-08-26,35,Tesoro,Edicion Especial Lisianthus,1,75000,75000,Transferencia,Edicion Especial Lisianthus,,"hojas de punto de venta, cuenta poscdreamscanbloom (Drive)"
2026-08-26,35,Tesoro,Paquete campanulas y bocas,1,45000,45000,Datafono,Paquete campanulas y bocas,,"hojas de punto de venta, cuenta poscdreamscanbloom (Drive)"
2026-08-26,35,Tesoro,Paquete cristata plus,1,65000,65000,Efectivo,Paquete cristata plus,,"hojas de punto de venta, cuenta poscdreamscanbloom (Drive)"
2026-08-27,35,Del Este,Bocas de dragon,1,38000,38000,Transferencia,Bocas de dragón (paquete),,"hojas de punto de venta, cuenta poscdreamscanbloom (Drive)"
2026-08-27,35,Del Este,Cosecha Grande,1,125000,0,Online,Cosecha Grande,,"hojas de punto de venta, cuenta poscdreamscanbloom (Drive)"
2026-08-27,35,Del Este,Cosecha Pequeño,1,105000,105000,Efectivo,Cosecha Pequeño,,"hojas de punto de venta, cuenta poscdreamscanbloom (Drive)"
2026-08-27,35,Del Este,Dusty miller con colitas de conejo,1,50000,45000,Efectivo,,,"hojas de punto de venta, cuenta poscdreamscanbloom (Drive)"
2026-08-27,35,Del Este,Edicion Especial Lisianthus,1,75000,67500,Datafono,Edicion Especial Lisianthus,,"hojas de punto de venta, cuenta poscdreamscanbloom (Drive)"
2026-08-27,35,Del Este,My love dusty miller,2,75000,0,Salida por daño,,,"hojas de punto de venta, cuenta poscdreamscanbloom (Drive)"
2026-08-27,35,Del Este,Paquete ammi majus,2,45000,0,Salida por daño,,,"hojas de punto de venta, cuenta poscdreamscanbloom (Drive)"
2026-08-27,35,Del Este,Paquete cristata plus,2,65000,0,,Paquete cristata plus,,"hojas de punto de venta, cuenta poscdreamscanbloom (Drive)"
2026-08-27,35,Del Este,Paquete cristata plus,1,65000,0,Online,Paquete cristata plus,,"hojas de punto de venta, cuenta poscdreamscanbloom (Drive)"
2026-08-27,35,Del Este,Paquete de lisianthus solo,1,60000,60000,Transferencia,,,"hojas de punto de venta, cuenta poscdreamscanbloom (Drive)"
2026-08-27,35,Jardines,Bocas de dragon,1,38000,38000,Transferencia,Bocas de dragón (paquete),,"hojas de punto de venta, cuenta poscdreamscanbloom (Drive)"
2026-08-27,35,Jardines,Bouquet petit,1,65000,61750,Transferencia,,Paga 60.000,"hojas de punto de venta, cuenta poscdreamscanbloom (Drive)"
2026-08-27,35,Jardines,Campanula,1,50000,50000,Datafono,Campanula (paquete),,"hojas de punto de venta, cuenta poscdreamscanbloom (Drive)"
2026-08-27,35,Jardines,Celosias plumosas,1,50000,50000,Transferencia,Celosias plumosas,,"hojas de punto de venta, cuenta poscdreamscanbloom (Drive)"
2026-08-27,35,Jardines,Cosecha Pequeño,1,105000,105000,Datafono,Cosecha Pequeño,,"hojas de punto de venta, cuenta poscdreamscanbloom (Drive)"
2026-08-27,35,Jardines,Edicion Especial Lisianthus,1,75000,0,Online,Edicion Especial Lisianthus,,"hojas de punto de venta, cuenta poscdreamscanbloom (Drive)"
2026-08-27,35,Jardines,Green ball,1,40000,40000,Transferencia,Green ball (paquete),,"hojas de punto de venta, cuenta poscdreamscanbloom (Drive)"
2026-08-27,35,Online,Cosecha Grande,1,125000,125000,Transferencia,Cosecha Grande,Falta FE,"hojas de punto de venta, cuenta poscdreamscanbloom (Drive)"
2026-08-27,35,Online,Cosecha Grande,1,125000,125000,Transferencia,Cosecha Grande,Falta FE,"hojas de punto de venta, cuenta poscdreamscanbloom (Drive)"
2026-08-27,35,Online,Cosecha Pequeño,1,105000,105000,Transferencia,Cosecha Pequeño,Falta FE,"hojas de punto de venta, cuenta poscdreamscanbloom (Drive)"
2026-08-27,35,Online,Cosecha Pequeño,1,105000,105000,Transferencia,Cosecha Pequeño,FE-2199,"hojas de punto de venta, cuenta poscdreamscanbloom (Drive)"
2026-08-27,35,Online,Edicion Especial Lisianthus,1,75000,75000,Transferencia,Edicion Especial Lisianthus,Falta FE,"hojas de punto de venta, cuenta poscdreamscanbloom (Drive)"
2026-08-27,35,Online,Greenery con lisianthus,1,75000,75000,Transferencia,,FE-2199,"hojas de punto de venta, cuenta poscdreamscanbloom (Drive)"
2026-08-27,35,Online,Paquete campanulas y bocas,1,45000,45000,Transferencia,Paquete campanulas y bocas,FE-2199,"hojas de punto de venta, cuenta poscdreamscanbloom (Drive)"
2026-08-27,35,San Lucas,Bocas de dragon,1,38000,38000,Datafono,Bocas de dragón (paquete),,"hojas de punto de venta, cuenta poscdreamscanbloom (Drive)"
2026-08-27,35,San Lucas,Campanula,1,50000,50000,Efectivo,Campanula (paquete),,"hojas de punto de venta, cuenta poscdreamscanbloom (Drive)"
2026-08-27,35,San Lucas,Campanula,1,50000,50000,Efectivo,Campanula (paquete),,"hojas de punto de venta, cuenta poscdreamscanbloom (Drive)"
2026-08-27,35,San Lucas,Cosecha Pequeño,1,105000,105000,Transferencia,Cosecha Pequeño,,"hojas de punto de venta, cuenta poscdreamscanbloom (Drive)"
2026-08-27,35,San Lucas,Paquete campanulas y bocas,1,45000,38250,Efectivo,Paquete campanulas y bocas,,"hojas de punto de venta, cuenta poscdreamscanbloom (Drive)"
2026-08-27,35,San Lucas,Paquete cristata plus,1,65000,65000,Transferencia,Paquete cristata plus,,"hojas de punto de venta, cuenta poscdreamscanbloom (Drive)"
2026-08-27,35,San Lucas,Paquete gomphenas y statice,1,45000,45000,Transferencia,,,"hojas de punto de venta, cuenta poscdreamscanbloom (Drive)"
2026-08-27,35,San Lucas,Paquete lisianthus solo,1,50000,50000,Efectivo,Paquete lisianthus solo,,"hojas de punto de venta, cuenta poscdreamscanbloom (Drive)"
2026-08-28,35,Del Este,Bocas de dragon,1,38000,38000,Efectivo,Bocas de dragón (paquete),,"hojas de punto de venta, cuenta poscdreamscanbloom (Drive)"
2026-08-28,35,Del Este,Bocas de dragon,1,38000,38000,Transferencia,Bocas de dragón (paquete),,"hojas de punto de venta, cuenta poscdreamscanbloom (Drive)"
2026-08-28,35,Del Este,Bouquet petit,2,65000,0,Salida por daño,,,"hojas de punto de venta, cuenta poscdreamscanbloom (Drive)"
2026-08-28,35,Del Este,Bouquet petit,1,65000,45500,Transferencia,,,"hojas de punto de venta, cuenta poscdreamscanbloom (Drive)"
2026-08-28,35,Del Este,Campanula,2,50000,0,Salida por daño,Campanula (paquete),,"hojas de punto de venta, cuenta poscdreamscanbloom (Drive)"
2026-08-28,35,Del Este,Cosecha Grande,1,125000,125000,Datafono,Cosecha Grande,,"hojas de punto de venta, cuenta poscdreamscanbloom (Drive)"
2026-08-28,35,Del Este,Cosecha Pequeño,1,105000,105000,Efectivo,Cosecha Pequeño,,"hojas de punto de venta, cuenta poscdreamscanbloom (Drive)"
2026-08-28,35,Del Este,Dusty miller con colitas de conejo,1,50000,50000,Efectivo,,,"hojas de punto de venta, cuenta poscdreamscanbloom (Drive)"
2026-08-28,35,Del Este,My love dusty miller,1,75000,0,Salida por daño,,,"hojas de punto de venta, cuenta poscdreamscanbloom (Drive)"
2026-08-28,35,Del Este,Paquete celosias dream mix,1,50000,0,Salida por daño,Paquete celosias dream mix,,"hojas de punto de venta, cuenta poscdreamscanbloom (Drive)"
2026-08-28,35,Del Este,Paquete celosias dream mix,1,50000,45000,Transferencia,Paquete celosias dream mix,,"hojas de punto de venta, cuenta poscdreamscanbloom (Drive)"
2026-08-28,35,Del Este,Paquete celosias dream mix,1,50000,50000,Transferencia,Paquete celosias dream mix,,"hojas de punto de venta, cuenta poscdreamscanbloom (Drive)"
2026-08-28,35,Del Este,Paquete gomphenas y statice,1,45000,45000,Transferencia,,,"hojas de punto de venta, cuenta poscdreamscanbloom (Drive)"
2026-08-28,35,Jardines,Bocas de dragon,1,38000,38000,Datafono,Bocas de dragón (paquete),,"hojas de punto de venta, cuenta poscdreamscanbloom (Drive)"
2026-08-28,35,Jardines,Bocas de dragon,1,38000,38000,Transferencia,Bocas de dragón (paquete),,"hojas de punto de venta, cuenta poscdreamscanbloom (Drive)"
2026-08-28,35,Jardines,Bouquet forever Dream pequeño,2,85000,170000,Datafono,,,"hojas de punto de venta, cuenta poscdreamscanbloom (Drive)"
2026-08-28,35,Jardines,Bouquet petit,1,65000,65000,Datafono,,,"hojas de punto de venta, cuenta poscdreamscanbloom (Drive)"
2026-08-28,35,Jardines,Campanula,1,50000,50000,Efectivo,Campanula (paquete),,"hojas de punto de venta, cuenta poscdreamscanbloom (Drive)"
2026-08-28,35,Jardines,Campanula,1,50000,50000,Datafono,Campanula (paquete),,"hojas de punto de venta, cuenta poscdreamscanbloom (Drive)"
2026-08-28,35,Jardines,Campanulas y statice,1,55000,0,Salida por daño,Campanulas y statice (paquete),,"hojas de punto de venta, cuenta poscdreamscanbloom (Drive)"
2026-08-28,35,Jardines,Cosecha Grande,1,125000,125000,Datafono,Cosecha Grande,,"hojas de punto de venta, cuenta poscdreamscanbloom (Drive)"
2026-08-28,35,Jardines,Cosecha Pequeño,1,105000,105000,Transferencia,Cosecha Pequeño,,"hojas de punto de venta, cuenta poscdreamscanbloom (Drive)"
2026-08-28,35,Jardines,Edicion Especial Lisianthus,2,75000,150000,Datafono,Edicion Especial Lisianthus,,"hojas de punto de venta, cuenta poscdreamscanbloom (Drive)"
2026-08-28,35,Jardines,Matricaria,1,45000,45000,Efectivo,,,"hojas de punto de venta, cuenta poscdreamscanbloom (Drive)"
2026-08-28,35,Jardines,Matricaria,1,45000,45000,Datafono,,,"hojas de punto de venta, cuenta poscdreamscanbloom (Drive)"
2026-08-28,35,Jardines,Paquete ammi majus,1,45000,45000,Efectivo,,,"hojas de punto de venta, cuenta poscdreamscanbloom (Drive)"
2026-08-28,35,Jardines,Paquete campanulas y bocas,1,45000,40500,Datafono,Paquete campanulas y bocas,,"hojas de punto de venta, cuenta poscdreamscanbloom (Drive)"
2026-08-28,35,Jardines,Paquete campanulas y bocas,1,45000,0,Salida por daño,Paquete campanulas y bocas,,"hojas de punto de venta, cuenta poscdreamscanbloom (Drive)"
2026-08-28,35,Jardines,Paquete cristata plus,1,65000,65000,Transferencia,Paquete cristata plus,,"hojas de punto de venta, cuenta poscdreamscanbloom (Drive)"
2026-08-28,35,Jardines,Paquete gomphrenas rose,1,45000,45000,Datafono,,,"hojas de punto de venta, cuenta poscdreamscanbloom (Drive)"
2026-08-28,35,Jardines,Paquete gomphrenas rose,1,45000,45000,Datafono,,,"hojas de punto de venta, cuenta poscdreamscanbloom (Drive)"
2026-08-28,35,Online,Colita de conejo,3,36000,108000,,,FE-2222,"hojas de punto de venta, cuenta poscdreamscanbloom (Drive)"
2026-08-28,35,Online,Event ammi majus 10 tallos,1,38000,38000,,,FE-2222,"hojas de punto de venta, cuenta poscdreamscanbloom (Drive)"
2026-08-28,35,Online,Event ammobium 10 tallos,1,38250,38250,,,FE-2222,"hojas de punto de venta, cuenta poscdreamscanbloom (Drive)"
2026-08-28,35,Online,Event bocas de dragon 10 tallos,1,32300,32300,,,FE-2222,"hojas de punto de venta, cuenta poscdreamscanbloom (Drive)"
2026-08-28,35,Online,Event campanulas lavanda 8-10 tallos,1,38250,38250,,,FE-2222,"hojas de punto de venta, cuenta poscdreamscanbloom (Drive)"
2026-08-28,35,Online,Event celosias cristata,1,42500,42500,,,FE-2222,"hojas de punto de venta, cuenta poscdreamscanbloom (Drive)"
2026-08-28,35,Online,Event gomphenas rose 30 tallos,2,38250,76500,,Event gomphenas rose 30 tallos,FE-2222,"hojas de punto de venta, cuenta poscdreamscanbloom (Drive)"
2026-08-28,35,San Lucas,Campanula,1,50000,50000,Datafono,Campanula (paquete),,"hojas de punto de venta, cuenta poscdreamscanbloom (Drive)"
2026-08-28,35,San Lucas,Celosias plumosas,1,50000,50000,Datafono,Celosias plumosas,,"hojas de punto de venta, cuenta poscdreamscanbloom (Drive)"
2026-08-28,35,San Lucas,Paquete celosias y campanulas,1,65000,61750,Datafono,,Paga 60.000.,"hojas de punto de venta, cuenta poscdreamscanbloom (Drive)"
2026-08-28,35,San Lucas,Paquete cristata plus,1,65000,65000,Datafono,Paquete cristata plus,,"hojas de punto de venta, cuenta poscdreamscanbloom (Drive)"
2026-08-28,35,Tesoro,Bouquet cristata pop,1,85000,65000,Transferencia,,,"hojas de punto de venta, cuenta poscdreamscanbloom (Drive)"
2026-08-28,35,Tesoro,Bouquet cristata pop,1,85000,65000,Efectivo,,,"hojas de punto de venta, cuenta poscdreamscanbloom (Drive)"
2026-08-28,35,Tesoro,Campanula,1,50000,40000,Transferencia,Campanula (paquete),,"hojas de punto de venta, cuenta poscdreamscanbloom (Drive)"
2026-08-28,35,Tesoro,Edicion Especial Lisianthus,1,75000,75000,Datafono,Edicion Especial Lisianthus,,"hojas de punto de venta, cuenta poscdreamscanbloom (Drive)"
2026-08-28,35,Tesoro,Paquete cristata plus,1,65000,45500,Transferencia,Paquete cristata plus,,"hojas de punto de venta, cuenta poscdreamscanbloom (Drive)"
2026-08-29,35,Del Este,Bocas de dragon,1,38000,38000,Datafono,Bocas de dragón (paquete),,"hojas de punto de venta, cuenta poscdreamscanbloom (Drive)"
2026-08-29,35,Del Este,Bocas de dragon,1,38000,38000,Datafono,Bocas de dragón (paquete),,"hojas de punto de venta, cuenta poscdreamscanbloom (Drive)"
2026-08-29,35,Del Este,Bocas de dragon,1,38000,38000,Efectivo,Bocas de dragón (paquete),,"hojas de punto de venta, cuenta poscdreamscanbloom (Drive)"
2026-08-29,35,Del Este,Bocas de dragon,1,38000,38000,Efectivo,Bocas de dragón (paquete),,"hojas de punto de venta, cuenta poscdreamscanbloom (Drive)"
2026-08-29,35,Del Este,Bouquet cristata pop,1,85000,76500,Transferencia,,Paga 75.000,"hojas de punto de venta, cuenta poscdreamscanbloom (Drive)"
2026-08-29,35,Del Este,Campanula,1,50000,50000,Datafono,Campanula (paquete),,"hojas de punto de venta, cuenta poscdreamscanbloom (Drive)"
2026-08-29,35,Del Este,Campanula,1,50000,50000,Transferencia,Campanula (paquete),,"hojas de punto de venta, cuenta poscdreamscanbloom (Drive)"
2026-08-29,35,Del Este,Dusty miller con colitas de conejo,1,50000,42500,Datafono,,,"hojas de punto de venta, cuenta poscdreamscanbloom (Drive)"
2026-08-29,35,Del Este,Edicion Especial Lisianthus,1,75000,75000,Datafono,Edicion Especial Lisianthus,,"hojas de punto de venta, cuenta poscdreamscanbloom (Drive)"
2026-08-29,35,Del Este,Edicion Especial Lisianthus,1,75000,75000,Datafono,Edicion Especial Lisianthus,,"hojas de punto de venta, cuenta poscdreamscanbloom (Drive)"
2026-08-29,35,Del Este,Edicion Especial Lisianthus,1,75000,75000,Datafono,Edicion Especial Lisianthus,,"hojas de punto de venta, cuenta poscdreamscanbloom (Drive)"
2026-08-29,35,Del Este,Green ball,1,40000,40000,Datafono,Green ball (paquete),,"hojas de punto de venta, cuenta poscdreamscanbloom (Drive)"
2026-08-29,35,Del Este,Paquete gomphrenas rose,1,45000,45000,Transferencia,,,"hojas de punto de venta, cuenta poscdreamscanbloom (Drive)"
2026-08-29,35,Jardines,Bocas de dragon,2,38000,76000,Datafono,Bocas de dragón (paquete),,"hojas de punto de venta, cuenta poscdreamscanbloom (Drive)"
2026-08-29,35,Jardines,Bocas de dragon,2,38000,76000,Efectivo,Bocas de dragón (paquete),,"hojas de punto de venta, cuenta poscdreamscanbloom (Drive)"
2026-08-29,35,Jardines,Bouquet forever Dream pequeño,1,85000,85000,Transferencia,,,"hojas de punto de venta, cuenta poscdreamscanbloom (Drive)"
2026-08-29,35,Jardines,Bouquet forever Dream pequeño,1,85000,85000,Datafono,,,"hojas de punto de venta, cuenta poscdreamscanbloom (Drive)"
2026-08-29,35,Jardines,Campanula,1,50000,50000,Transferencia,Campanula (paquete),,"hojas de punto de venta, cuenta poscdreamscanbloom (Drive)"
2026-08-29,35,Jardines,Cosecha Grande,1,125000,125000,Datafono,Cosecha Grande,,"hojas de punto de venta, cuenta poscdreamscanbloom (Drive)"
2026-08-29,35,Jardines,Cosecha Pequeño,1,105000,105000,Transferencia,Cosecha Pequeño,,"hojas de punto de venta, cuenta poscdreamscanbloom (Drive)"
2026-08-29,35,Jardines,Green ball,2,40000,80000,Efectivo,Green ball (paquete),,"hojas de punto de venta, cuenta poscdreamscanbloom (Drive)"
2026-08-29,35,Jardines,Greenery con lisianthus,1,75000,75000,Efectivo,,,"hojas de punto de venta, cuenta poscdreamscanbloom (Drive)"
2026-08-29,35,San Lucas,Bocas de dragon,1,38000,38000,Transferencia,Bocas de dragón (paquete),,"hojas de punto de venta, cuenta poscdreamscanbloom (Drive)"
2026-08-29,35,San Lucas,Bocas de dragon,1,38000,38000,Transferencia,Bocas de dragón (paquete),,"hojas de punto de venta, cuenta poscdreamscanbloom (Drive)"
2026-08-29,35,San Lucas,Campanula,1,50000,50000,Transferencia,Campanula (paquete),,"hojas de punto de venta, cuenta poscdreamscanbloom (Drive)"
2026-08-29,35,San Lucas,Cosecha Grande,1,125000,125000,Efectivo,Cosecha Grande,,"hojas de punto de venta, cuenta poscdreamscanbloom (Drive)"
2026-08-29,35,San Lucas,Edicion especial lisianthus,1,75000,75000,Datafono,Edicion Especial Lisianthus,,"hojas de punto de venta, cuenta poscdreamscanbloom (Drive)"
2026-08-29,35,San Lucas,Paquete gomphenas y statice,1,45000,45000,Datafono,,,"hojas de punto de venta, cuenta poscdreamscanbloom (Drive)"
2026-08-29,35,Tesoro,Bocas de dragon,1,38000,38000,Datafono,Bocas de dragón (paquete),,"hojas de punto de venta, cuenta poscdreamscanbloom (Drive)"
2026-08-29,35,Tesoro,Bocas de dragon,1,38000,38000,Transferencia,Bocas de dragón (paquete),,"hojas de punto de venta, cuenta poscdreamscanbloom (Drive)"
2026-08-29,35,Tesoro,Edicion Especial Lisianthus,1,75000,65000,Datafono,Edicion Especial Lisianthus,,"hojas de punto de venta, cuenta poscdreamscanbloom (Drive)"
2026-08-30,35,Del Este,Bocas de dragon,1,38000,24700,Transferencia,Bocas de dragón (paquete),Mini bocas 25.000,"hojas de punto de venta, cuenta poscdreamscanbloom (Drive)"
2026-08-30,35,Del Este,Bocas de dragon,1,38000,24700,Efectivo,Bocas de dragón (paquete),Mini bocas 25.000,"hojas de punto de venta, cuenta poscdreamscanbloom (Drive)"
2026-08-30,35,Jardines,Bocas de dragon,1,38000,38000,Datafono,Bocas de dragón (paquete),,"hojas de punto de venta, cuenta poscdreamscanbloom (Drive)"
2026-08-30,35,Jardines,Bocas de dragon,2,38000,76000,Datafono,Bocas de dragón (paquete),,"hojas de punto de venta, cuenta poscdreamscanbloom (Drive)"
2026-08-30,35,Jardines,Bocas de dragon,1,38000,38000,Transferencia,Bocas de dragón (paquete),,"hojas de punto de venta, cuenta poscdreamscanbloom (Drive)"
2026-08-30,35,Jardines,Bouquet cristata pop,1,85000,85000,Transferencia,,,"hojas de punto de venta, cuenta poscdreamscanbloom (Drive)"
2026-08-30,35,Jardines,Bouquet cristata pop,1,85000,85000,Transferencia,,,"hojas de punto de venta, cuenta poscdreamscanbloom (Drive)"
2026-08-30,35,Jardines,Bouquet cristata pop,1,85000,0,Salida por daño,,,"hojas de punto de venta, cuenta poscdreamscanbloom (Drive)"
2026-08-30,35,Jardines,Bouquet forever Dream grande,1,140000,140000,Transferencia,,,"hojas de punto de venta, cuenta poscdreamscanbloom (Drive)"
2026-08-30,35,Jardines,Bouquet forever Dream pequeño,1,85000,85000,Transferencia,,,"hojas de punto de venta, cuenta poscdreamscanbloom (Drive)"
2026-08-30,35,Jardines,Campanula,1,50000,50000,Datafono,Campanula (paquete),señora dejo un depósito de 7mil por prestar balde,"hojas de punto de venta, cuenta poscdreamscanbloom (Drive)"
2026-08-30,35,Jardines,Campanula,1,50000,50000,Datafono,Campanula (paquete),,"hojas de punto de venta, cuenta poscdreamscanbloom (Drive)"
2026-08-30,35,Jardines,Campanula,1,50000,45000,Efectivo,Campanula (paquete),,"hojas de punto de venta, cuenta poscdreamscanbloom (Drive)"
2026-08-30,35,Jardines,Cosecha Grande,1,125000,125000,Transferencia,Cosecha Grande,,"hojas de punto de venta, cuenta poscdreamscanbloom (Drive)"
2026-08-30,35,Jardines,Cosecha Grande,1,125000,125000,Datafono,Cosecha Grande,,"hojas de punto de venta, cuenta poscdreamscanbloom (Drive)"
2026-08-30,35,Jardines,Cosecha Pequeño,1,105000,105000,Transferencia,Cosecha Pequeño,,"hojas de punto de venta, cuenta poscdreamscanbloom (Drive)"
2026-08-30,35,Jardines,Dusty miller con colitas de conejo,1,50000,50000,Efectivo,,,"hojas de punto de venta, cuenta poscdreamscanbloom (Drive)"
2026-08-30,35,Jardines,Edicion Especial Lisianthus,1,75000,63750,Datafono,Edicion Especial Lisianthus,,"hojas de punto de venta, cuenta poscdreamscanbloom (Drive)"
2026-08-30,35,Jardines,Green ball,1,40000,40000,Efectivo,Green ball (paquete),,"hojas de punto de venta, cuenta poscdreamscanbloom (Drive)"
2026-08-30,35,Jardines,Paquete campanulas y bocas,1,45000,36000,Datafono,Paquete campanulas y bocas,,"hojas de punto de venta, cuenta poscdreamscanbloom (Drive)"
2026-08-30,35,Jardines,Paquete de lisianthus solo,1,60000,60000,Efectivo,,,"hojas de punto de venta, cuenta poscdreamscanbloom (Drive)"
2026-08-30,35,Jardines,Paquete green ball y plumas,1,45000,45000,Efectivo,,,"hojas de punto de venta, cuenta poscdreamscanbloom (Drive)"
2026-08-30,35,San Lucas,My love dusty miller,1,75000,75000,Datafono,,,"hojas de punto de venta, cuenta poscdreamscanbloom (Drive)"
2026-08-30,35,San Lucas,Paquete ammi majus,1,45000,45000,Datafono,,,"hojas de punto de venta, cuenta poscdreamscanbloom (Drive)"
2026-08-30,35,Tesoro,Bocas de dragon,1,38000,38000,Transferencia,Bocas de dragón (paquete),,"hojas de punto de venta, cuenta poscdreamscanbloom (Drive)"
2026-08-30,35,Tesoro,Bocas de dragon,1,38000,38000,Transferencia,Bocas de dragón (paquete),,"hojas de punto de venta, cuenta poscdreamscanbloom (Drive)"
2026-08-30,35,Tesoro,Bocas de dragon,2,38000,75000,Transferencia,Bocas de dragón (paquete),,"hojas de punto de venta, cuenta poscdreamscanbloom (Drive)"
2026-08-30,35,Tesoro,Bocas de dragon,1,38000,40000,Transferencia,Bocas de dragón (paquete),,"hojas de punto de venta, cuenta poscdreamscanbloom (Drive)"
2026-08-30,35,Tesoro,Dusty miller con colitas de conejo,1,50000,45000,Efectivo,,,"hojas de punto de venta, cuenta poscdreamscanbloom (Drive)"
2026-08-30,35,Tesoro,Dusty miller con colitas de conejo,1,50000,50000,Datafono,,,"hojas de punto de venta, cuenta poscdreamscanbloom (Drive)"
2026-08-30,35,Tesoro,Edicion Especial Lisianthus,1,75000,75000,Transferencia,Edicion Especial Lisianthus,,"hojas de punto de venta, cuenta poscdreamscanbloom (Drive)"
2026-08-30,35,Tesoro,Green ball,1,40000,40000,Transferencia,Green ball (paquete),,"hojas de punto de venta, cuenta poscdreamscanbloom (Drive)"
2026-08-30,35,Tesoro,Paquete cristata plus,1,65000,60000,Transferencia,Paquete cristata plus,,"hojas de punto de venta, cuenta poscdreamscanbloom (Drive)"
2026-08-31,36,Del Este,Bocas de dragon,3,38000,0,Salida por daño,Bocas de dragón (paquete),,"hojas de punto de venta, cuenta poscdreamscanbloom (Drive)"
2026-08-31,36,Del Este,Bocas de dragon,1,38000,38000,Transferencia,Bocas de dragón (paquete),,"hojas de punto de venta, cuenta poscdreamscanbloom (Drive)"
2026-08-31,36,Del Este,Cosecha Grande,1,125000,106250,Efectivo,Cosecha Grande,,"hojas de punto de venta, cuenta poscdreamscanbloom (Drive)"
2026-08-31,36,Del Este,Cosecha Grande,1,125000,125000,Transferencia,Cosecha Grande,,"hojas de punto de venta, cuenta poscdreamscanbloom (Drive)"
2026-08-31,36,Del Este,Cosecha Pequeño,1,105000,105000,Datafono,Cosecha Pequeño,,"hojas de punto de venta, cuenta poscdreamscanbloom (Drive)"
2026-08-31,36,Del Este,Dusty miller con colitas de conejo,1,50000,0,Obsequio,,,"hojas de punto de venta, cuenta poscdreamscanbloom (Drive)"
2026-08-31,36,Del Este,Dusty miller con colitas de conejo,1,50000,50000,Efectivo,,,"hojas de punto de venta, cuenta poscdreamscanbloom (Drive)"
2026-08-31,36,Del Este,Greenery con lisianthus,2,75000,127500,Transferencia,,,"hojas de punto de venta, cuenta poscdreamscanbloom (Drive)"
2026-08-31,36,Del Este,My love dusty miller,1,75000,75000,Transferencia,,,"hojas de punto de venta, cuenta poscdreamscanbloom (Drive)"
2026-08-31,36,Del Este,Paquete celosias dream mix,1,50000,0,Salida por daño,Paquete celosias dream mix,,"hojas de punto de venta, cuenta poscdreamscanbloom (Drive)"
2026-08-31,36,Del Este,Paquete cristata plus,1,65000,65000,Transferencia,Paquete cristata plus,,"hojas de punto de venta, cuenta poscdreamscanbloom (Drive)"
2026-08-31,36,Jardines,Bocas de dragon,1,38000,0,Salida por daño,Bocas de dragón (paquete),,"hojas de punto de venta, cuenta poscdreamscanbloom (Drive)"
2026-08-31,36,Jardines,Bocas de dragon,1,38000,38000,Efectivo,Bocas de dragón (paquete),,"hojas de punto de venta, cuenta poscdreamscanbloom (Drive)"
2026-08-31,36,Jardines,Bocas de dragon,1,38000,38000,Transferencia,Bocas de dragón (paquete),,"hojas de punto de venta, cuenta poscdreamscanbloom (Drive)"
2026-08-31,36,Jardines,Bouquet forever Dream grande,1,140000,140000,Datafono,,,"hojas de punto de venta, cuenta poscdreamscanbloom (Drive)"
2026-08-31,36,Jardines,Bouquet forever Dream mediano,3,120000,360000,Datafono,,,"hojas de punto de venta, cuenta poscdreamscanbloom (Drive)"
2026-08-31,36,Jardines,Cosecha Pequeño,1,105000,99750,Datafono,Cosecha Pequeño,,"hojas de punto de venta, cuenta poscdreamscanbloom (Drive)"
2026-08-31,36,Jardines,Cosecha Pequeño,1,105000,99750,Datafono,Cosecha Pequeño,,"hojas de punto de venta, cuenta poscdreamscanbloom (Drive)"
2026-08-31,36,Jardines,Cosecha Pequeño,1,105000,105000,Datafono,Cosecha Pequeño,,"hojas de punto de venta, cuenta poscdreamscanbloom (Drive)"
2026-08-31,36,Jardines,Dusty miller con colitas de conejo,1,50000,0,Salida por daño,,,"hojas de punto de venta, cuenta poscdreamscanbloom (Drive)"
2026-08-31,36,Jardines,Paquete campanulas y bocas,1,45000,36000,Transferencia,Paquete campanulas y bocas,,"hojas de punto de venta, cuenta poscdreamscanbloom (Drive)"
2026-08-31,36,Jardines,Paquete celosia plumosa pink,1,50000,45000,Datafono,,,"hojas de punto de venta, cuenta poscdreamscanbloom (Drive)"
2026-08-31,36,Jardines,Paquete celosias dream mix,2,50000,0,Salida por daño,Paquete celosias dream mix,,"hojas de punto de venta, cuenta poscdreamscanbloom (Drive)"
2026-08-31,36,Jardines,Paquete cristata plus,1,65000,0,Salida por daño,Paquete cristata plus,,"hojas de punto de venta, cuenta poscdreamscanbloom (Drive)"
2026-08-31,36,Jardines,Paquete de lisianthus solo,1,60000,60000,Efectivo,,,"hojas de punto de venta, cuenta poscdreamscanbloom (Drive)"
2026-08-31,36,Jardines,Sobres,1,9500,9500,Efectivo,,,"hojas de punto de venta, cuenta poscdreamscanbloom (Drive)"
2026-08-31,36,San Lucas,Cosecha Grande,1,125000,118750,Datafono,Cosecha Grande,,"hojas de punto de venta, cuenta poscdreamscanbloom (Drive)"
2026-08-31,36,Tesoro,Bouquet cristata pop,1,85000,75000,Transferencia,,,"hojas de punto de venta, cuenta poscdreamscanbloom (Drive)"
2026-08-31,36,Tesoro,Campanula,1,50000,40000,Transferencia,Campanula (paquete),,"hojas de punto de venta, cuenta poscdreamscanbloom (Drive)"
2026-08-31,36,Tesoro,Cosecha Grande,1,125000,110000,Datafono,Cosecha Grande,,"hojas de punto de venta, cuenta poscdreamscanbloom (Drive)"
2026-08-31,36,Tesoro,Gomphenas snow,1,45000,45000,Datafono,Gomphenas snow,,"hojas de punto de venta, cuenta poscdreamscanbloom (Drive)"
2026-09-01,36,Del Este,Bouquet cristata pop,1,85000,63750,Transferencia,,Paga 60.000,"hojas de punto de venta, cuenta poscdreamscanbloom (Drive)"
2026-09-01,36,Del Este,Celosias plumosas,1,50000,50000,Efectivo,Celosias plumosas,,"hojas de punto de venta, cuenta poscdreamscanbloom (Drive)"
2026-09-01,36,Del Este,Green ball,1,40000,40000,Datafono,Green ball (paquete),,"hojas de punto de venta, cuenta poscdreamscanbloom (Drive)"
2026-09-01,36,Jardines,Bocas de dragon,1,38000,38000,Efectivo,Bocas de dragón (paquete),,"hojas de punto de venta, cuenta poscdreamscanbloom (Drive)"
2026-09-01,36,Jardines,Bocas de dragon,1,38000,38000,Datafono,Bocas de dragón (paquete),,"hojas de punto de venta, cuenta poscdreamscanbloom (Drive)"
2026-09-01,36,Jardines,Campanula,1,50000,0,Salida por daño,Campanula (paquete),,"hojas de punto de venta, cuenta poscdreamscanbloom (Drive)"
2026-09-01,36,Jardines,Cosecha Grande,1,125000,112500,Efectivo,Cosecha Grande,,"hojas de punto de venta, cuenta poscdreamscanbloom (Drive)"
2026-09-01,36,Jardines,Cosecha Pequeño,1,105000,105000,Efectivo,Cosecha Pequeño,,"hojas de punto de venta, cuenta poscdreamscanbloom (Drive)"
2026-09-01,36,Jardines,Paquete cristata plus,2,65000,0,Salida por daño,Paquete cristata plus,,"hojas de punto de venta, cuenta poscdreamscanbloom (Drive)"
2026-09-01,36,San Lucas,Campanula,1,50000,50000,Efectivo,Campanula (paquete),,"hojas de punto de venta, cuenta poscdreamscanbloom (Drive)"
2026-09-01,36,San Lucas,Campanula,1,50000,50000,Efectivo,Campanula (paquete),,"hojas de punto de venta, cuenta poscdreamscanbloom (Drive)"
2026-09-01,36,San Lucas,Cosecha Pequeño,1,105000,105000,Transferencia,Cosecha Pequeño,,"hojas de punto de venta, cuenta poscdreamscanbloom (Drive)"
2026-09-01,36,San Lucas,Edicion especial lisianthus,1,75000,75000,Transferencia,Edicion Especial Lisianthus,,"hojas de punto de venta, cuenta poscdreamscanbloom (Drive)"
2026-09-01,36,San Lucas,My love dusty miller,1,75000,75000,Datafono,,,"hojas de punto de venta, cuenta poscdreamscanbloom (Drive)"
2026-09-02,36,Del Este,Bocas de dragon,1,38000,38000,Transferencia,Bocas de dragón (paquete),,"hojas de punto de venta, cuenta poscdreamscanbloom (Drive)"
2026-09-02,36,Del Este,Bouquet forever Dream grande,1,140000,140000,Datafono,,,"hojas de punto de venta, cuenta poscdreamscanbloom (Drive)"
2026-09-02,36,Del Este,Bouquet forever Dream pequeño,1,85000,85000,Transferencia,,,"hojas de punto de venta, cuenta poscdreamscanbloom (Drive)"
2026-09-02,36,Del Este,Cosecha Pequeño,1,105000,0,Online,Cosecha Pequeño,,"hojas de punto de venta, cuenta poscdreamscanbloom (Drive)"
2026-09-02,36,Del Este,Dusty miller con colitas de conejo,1,50000,45000,Datafono,,,"hojas de punto de venta, cuenta poscdreamscanbloom (Drive)"
2026-09-02,36,Del Este,Dusty miller con colitas de conejo,1,50000,50000,Efectivo,,,"hojas de punto de venta, cuenta poscdreamscanbloom (Drive)"
2026-09-02,36,Del Este,Edicion Especial Lisianthus,1,75000,75000,Datafono,Edicion Especial Lisianthus,,"hojas de punto de venta, cuenta poscdreamscanbloom (Drive)"
2026-09-02,36,Del Este,Edicion Especial Lisianthus,1,75000,75000,Transferencia,Edicion Especial Lisianthus,,"hojas de punto de venta, cuenta poscdreamscanbloom (Drive)"
2026-09-02,36,Jardines,Bocas de dragon,1,38000,38000,Transferencia,Bocas de dragón (paquete),,"hojas de punto de venta, cuenta poscdreamscanbloom (Drive)"
2026-09-02,36,Jardines,Bouquet cristata pop,1,85000,63750,Datafono,,Paga 65.000,"hojas de punto de venta, cuenta poscdreamscanbloom (Drive)"
2026-09-02,36,Jardines,Bouquet forever Dream pequeño,1,85000,85000,Transferencia,,,"hojas de punto de venta, cuenta poscdreamscanbloom (Drive)"
2026-09-02,36,Jardines,Campanula,1,50000,50000,Transferencia,Campanula (paquete),,"hojas de punto de venta, cuenta poscdreamscanbloom (Drive)"
2026-09-02,36,Jardines,Campanula,1,50000,50000,Transferencia,Campanula (paquete),,"hojas de punto de venta, cuenta poscdreamscanbloom (Drive)"
2026-09-02,36,Jardines,Campanula,1,50000,50000,Transferencia,Campanula (paquete),,"hojas de punto de venta, cuenta poscdreamscanbloom (Drive)"
2026-09-02,36,Jardines,Celosias plumosas,1,50000,50000,Efectivo,Celosias plumosas,,"hojas de punto de venta, cuenta poscdreamscanbloom (Drive)"
2026-09-02,36,Jardines,Cosecha Grande,1,125000,125000,Datafono,Cosecha Grande,Pedido,"hojas de punto de venta, cuenta poscdreamscanbloom (Drive)"
2026-09-02,36,Jardines,Cosecha Pequeño,1,105000,105000,Datafono,Cosecha Pequeño,,"hojas de punto de venta, cuenta poscdreamscanbloom (Drive)"
2026-09-02,36,Jardines,Edicion Especial Lisianthus,1,75000,75000,Datafono,Edicion Especial Lisianthus,,"hojas de punto de venta, cuenta poscdreamscanbloom (Drive)"
2026-09-02,36,Jardines,Matricaria,1,45000,45000,Transferencia,,,"hojas de punto de venta, cuenta poscdreamscanbloom (Drive)"
2026-09-02,36,Jardines,My love dusty miller,1,75000,75000,Transferencia,,,"hojas de punto de venta, cuenta poscdreamscanbloom (Drive)"
2026-09-02,36,Jardines,Paquete ammi majus,1,45000,40500,Datafono,,Paga 40.000,"hojas de punto de venta, cuenta poscdreamscanbloom (Drive)"
2026-09-02,36,Jardines,Paquete ammi majus,1,45000,40500,Transferencia,,Paga 40.000,"hojas de punto de venta, cuenta poscdreamscanbloom (Drive)"
2026-09-02,36,Jardines,Paquete cristata plus,1,65000,65000,Datafono,Paquete cristata plus,,"hojas de punto de venta, cuenta poscdreamscanbloom (Drive)"
2026-09-02,36,Jardines,Paquete cristata plus,1,65000,65000,Efectivo,Paquete cristata plus,,"hojas de punto de venta, cuenta poscdreamscanbloom (Drive)"
2026-09-02,36,San Lucas,Bocas de dragon,1,38000,38000,Datafono,Bocas de dragón (paquete),,"hojas de punto de venta, cuenta poscdreamscanbloom (Drive)"
2026-09-02,36,San Lucas,Bouquet forever Dream grande,1,140000,140000,Datafono,,,"hojas de punto de venta, cuenta poscdreamscanbloom (Drive)"
2026-09-02,36,San Lucas,Cosecha Pequeño,1,105000,84000,Transferencia,Cosecha Pequeño,,"hojas de punto de venta, cuenta poscdreamscanbloom (Drive)"
2026-09-02,36,San Lucas,Paquete celosias y campanulas,1,65000,52000,Datafono,,,"hojas de punto de venta, cuenta poscdreamscanbloom (Drive)"
2026-09-02,36,Tesoro,Bocas de dragon,1,38000,38000,Efectivo,Bocas de dragón (paquete),,"hojas de punto de venta, cuenta poscdreamscanbloom (Drive)"
2026-09-02,36,Tesoro,Bocas de dragon,1,38000,38000,Efectivo,Bocas de dragón (paquete),,"hojas de punto de venta, cuenta poscdreamscanbloom (Drive)"
2026-09-02,36,Tesoro,Bouquet cristata pop,1,85000,63750,Transferencia,,,"hojas de punto de venta, cuenta poscdreamscanbloom (Drive)"
2026-09-02,36,Tesoro,Campanula,1,50000,40000,Transferencia,Campanula (paquete),,"hojas de punto de venta, cuenta poscdreamscanbloom (Drive)"
2026-09-02,36,Tesoro,Edicion Especial Lisianthus,1,75000,75000,Transferencia,Edicion Especial Lisianthus,,"hojas de punto de venta, cuenta poscdreamscanbloom (Drive)"
2026-09-02,36,Tesoro,Paquete cristata plus,1,65000,65000,Transferencia,Paquete cristata plus,,"hojas de punto de venta, cuenta poscdreamscanbloom (Drive)"
2026-09-03,36,Del Este,Campanula,1,50000,45000,Efectivo,Campanula (paquete),,"hojas de punto de venta, cuenta poscdreamscanbloom (Drive)"
2026-09-03,36,Del Este,Cosecha Grande,1,125000,0,Online,Cosecha Grande,,"hojas de punto de venta, cuenta poscdreamscanbloom (Drive)"
2026-09-03,36,Del Este,Edicion Especial Lisianthus,1,75000,75000,Transferencia,Edicion Especial Lisianthus,,"hojas de punto de venta, cuenta poscdreamscanbloom (Drive)"
2026-09-03,36,Del Este,Edicion Especial Lisianthus,1,75000,75000,Transferencia,Edicion Especial Lisianthus,,"hojas de punto de venta, cuenta poscdreamscanbloom (Drive)"
2026-09-03,36,Del Este,Greenery con lisianthus,1,75000,75000,Datafono,,,"hojas de punto de venta, cuenta poscdreamscanbloom (Drive)"
2026-09-03,36,Del Este,Paquete cristata plus,1,65000,58500,Datafono,Paquete cristata plus,,"hojas de punto de venta, cuenta poscdreamscanbloom (Drive)"
2026-09-03,36,Del Este,Paquete cristata plus,1,65000,58500,Datafono,Paquete cristata plus,,"hojas de punto de venta, cuenta poscdreamscanbloom (Drive)"
2026-09-03,36,Jardines,Bouquet Greenery,1,90000,90000,Transferencia,,,"hojas de punto de venta, cuenta poscdreamscanbloom (Drive)"
2026-09-03,36,Jardines,Bouquet forever Dream pequeño,1,85000,85000,Transferencia,,,"hojas de punto de venta, cuenta poscdreamscanbloom (Drive)"
2026-09-03,36,Jardines,Cosecha Grande,1,125000,125000,Transferencia,Cosecha Grande,,"hojas de punto de venta, cuenta poscdreamscanbloom (Drive)"
2026-09-03,36,Jardines,Cosecha Grande,1,125000,125000,Efectivo,Cosecha Grande,,"hojas de punto de venta, cuenta poscdreamscanbloom (Drive)"
2026-09-03,36,Jardines,Cosecha Pequeño,1,105000,105000,Datafono,Cosecha Pequeño,,"hojas de punto de venta, cuenta poscdreamscanbloom (Drive)"
2026-09-03,36,Jardines,My love dusty miller,1,75000,75000,Transferencia,,,"hojas de punto de venta, cuenta poscdreamscanbloom (Drive)"
2026-09-03,36,Jardines,Paquete cristata plus,1,65000,65000,Transferencia,Paquete cristata plus,,"hojas de punto de venta, cuenta poscdreamscanbloom (Drive)"
2026-09-03,36,San Lucas,Bocas de dragon,1,38000,38000,Datafono,Bocas de dragón (paquete),,"hojas de punto de venta, cuenta poscdreamscanbloom (Drive)"
2026-09-03,36,San Lucas,Campanula,1,50000,50000,Datafono,Campanula (paquete),,"hojas de punto de venta, cuenta poscdreamscanbloom (Drive)"
2026-09-03,36,San Lucas,Cosecha Grande,1,125000,125000,Datafono,Cosecha Grande,,"hojas de punto de venta, cuenta poscdreamscanbloom (Drive)"
2026-09-03,36,San Lucas,Cosecha Pequeño,2,105000,168000,Datafono,Cosecha Pequeño,,"hojas de punto de venta, cuenta poscdreamscanbloom (Drive)"
2026-09-03,36,San Lucas,Edicion especial lisianthus,1,75000,75000,Datafono,Edicion Especial Lisianthus,,"hojas de punto de venta, cuenta poscdreamscanbloom (Drive)"
2026-09-03,36,San Lucas,Edicion especial lisianthus pink,1,75000,75000,Transferencia,,,"hojas de punto de venta, cuenta poscdreamscanbloom (Drive)"
2026-09-03,36,San Lucas,My love dusty miller,1,75000,75000,Datafono,,,"hojas de punto de venta, cuenta poscdreamscanbloom (Drive)"
2026-09-03,36,Tesoro,Bocas de dragon,1,38000,38000,Efectivo,Bocas de dragón (paquete),,"hojas de punto de venta, cuenta poscdreamscanbloom (Drive)"
2026-09-04,36,Del Este,Bocas de dragon,1,38000,38000,Transferencia,Bocas de dragón (paquete),,"hojas de punto de venta, cuenta poscdreamscanbloom (Drive)"
2026-09-04,36,Del Este,Celosias plumosas,1,50000,50000,Transferencia,Celosias plumosas,,"hojas de punto de venta, cuenta poscdreamscanbloom (Drive)"
2026-09-04,36,Del Este,Cosecha Grande,1,125000,125000,Efectivo,Cosecha Grande,,"hojas de punto de venta, cuenta poscdreamscanbloom (Drive)"
2026-09-04,36,Del Este,Paquete ammi majus,1,45000,45000,Transferencia,,,"hojas de punto de venta, cuenta poscdreamscanbloom (Drive)"
2026-09-04,36,Del Este,Paquete cristata plus,1,65000,65000,Transferencia,Paquete cristata plus,,"hojas de punto de venta, cuenta poscdreamscanbloom (Drive)"
2026-09-04,36,Jardines,Bocas de dragon,1,38000,38000,Transferencia,Bocas de dragón (paquete),,"hojas de punto de venta, cuenta poscdreamscanbloom (Drive)"
2026-09-04,36,Jardines,Bocas de dragon,1,38000,38000,Datafono,Bocas de dragón (paquete),,"hojas de punto de venta, cuenta poscdreamscanbloom (Drive)"
2026-09-04,36,Jardines,Bouquet cristata pop,1,85000,76500,Transferencia,,,"hojas de punto de venta, cuenta poscdreamscanbloom (Drive)"
2026-09-04,36,Jardines,Bouquet forever Dream pequeño,1,85000,85000,Efectivo,,,"hojas de punto de venta, cuenta poscdreamscanbloom (Drive)"
2026-09-04,36,Jardines,Bouquet petit,1,65000,65000,Datafono,,,"hojas de punto de venta, cuenta poscdreamscanbloom (Drive)"
2026-09-04,36,Jardines,Cosecha Grande,1,125000,125000,Transferencia,Cosecha Grande,,"hojas de punto de venta, cuenta poscdreamscanbloom (Drive)"
2026-09-04,36,Jardines,Cosecha Pequeño,1,105000,105000,Efectivo,Cosecha Pequeño,,"hojas de punto de venta, cuenta poscdreamscanbloom (Drive)"
2026-09-04,36,Jardines,Cristata y gomphenas,1,65000,65000,Efectivo,,,"hojas de punto de venta, cuenta poscdreamscanbloom (Drive)"
2026-09-04,36,Jardines,Cristata y gomphenas,1,65000,65000,Datafono,,,"hojas de punto de venta, cuenta poscdreamscanbloom (Drive)"
2026-09-04,36,Jardines,Green ball,1,40000,40000,Efectivo,Green ball (paquete),,"hojas de punto de venta, cuenta poscdreamscanbloom (Drive)"
2026-09-04,36,Jardines,My love dusty miller,1,75000,75000,Efectivo,,,"hojas de punto de venta, cuenta poscdreamscanbloom (Drive)"
2026-09-04,36,Jardines,Nigellas,2,40000,72000,Datafono,,Campanulas nuevo precio,"hojas de punto de venta, cuenta poscdreamscanbloom (Drive)"
2026-09-04,36,Jardines,Nigellas,1,40000,36000,Efectivo,,Campanulas,"hojas de punto de venta, cuenta poscdreamscanbloom (Drive)"
2026-09-04,36,Jardines,Paquete ammi majus,1,45000,40500,Efectivo,,cliente frecuente,"hojas de punto de venta, cuenta poscdreamscanbloom (Drive)"
2026-09-04,36,Jardines,Paquete celosia plumosa pink,1,50000,0,Salida por daño,,,"hojas de punto de venta, cuenta poscdreamscanbloom (Drive)"
2026-09-04,36,Jardines,Paquete cristata plus,1,65000,65000,Transferencia,Paquete cristata plus,,"hojas de punto de venta, cuenta poscdreamscanbloom (Drive)"
2026-09-04,36,Jardines,Paquete cristata plus,2,65000,0,Salida por daño,Paquete cristata plus,,"hojas de punto de venta, cuenta poscdreamscanbloom (Drive)"
2026-09-04,36,Jardines,Paquete cristata plus,1,65000,65000,Datafono,Paquete cristata plus,,"hojas de punto de venta, cuenta poscdreamscanbloom (Drive)"
2026-09-04,36,San Lucas,Campanula,1,50000,45000,Efectivo,Campanula (paquete),,"hojas de punto de venta, cuenta poscdreamscanbloom (Drive)"
2026-09-04,36,San Lucas,Campanula,1,50000,50000,Efectivo,Campanula (paquete),,"hojas de punto de venta, cuenta poscdreamscanbloom (Drive)"
2026-09-04,36,San Lucas,Cosecha Pequeño,1,105000,105000,Datafono,Cosecha Pequeño,,"hojas de punto de venta, cuenta poscdreamscanbloom (Drive)"
2026-09-04,36,San Lucas,Cristata y gomphenas,1,65000,65000,Transferencia,,Pago 55.000,"hojas de punto de venta, cuenta poscdreamscanbloom (Drive)"
2026-09-04,36,San Lucas,Esparragos con ammi,1,45000,45000,Efectivo,,,"hojas de punto de venta, cuenta poscdreamscanbloom (Drive)"
2026-09-04,36,San Lucas,Paquete ammi majus,1,45000,40500,Datafono,,Paga 40.000,"hojas de punto de venta, cuenta poscdreamscanbloom (Drive)"
2026-09-04,36,Tesoro,Cosecha Pequeño,1,105000,94500,Transferencia,Cosecha Pequeño,,"hojas de punto de venta, cuenta poscdreamscanbloom (Drive)"
2026-09-05,36,Del Este,Bocas de dragon,1,38000,24700,Transferencia,Bocas de dragón (paquete),Mini boca 25.000,"hojas de punto de venta, cuenta poscdreamscanbloom (Drive)"
2026-09-05,36,Del Este,Bocas de dragon,1,38000,38000,Transferencia,Bocas de dragón (paquete),,"hojas de punto de venta, cuenta poscdreamscanbloom (Drive)"
2026-09-05,36,Del Este,Campanula,1,50000,50000,Efectivo,Campanula (paquete),,"hojas de punto de venta, cuenta poscdreamscanbloom (Drive)"
2026-09-05,36,Del Este,Campanula,1,50000,50000,Transferencia,Campanula (paquete),,"hojas de punto de venta, cuenta poscdreamscanbloom (Drive)"
2026-09-05,36,Del Este,Celosias plumosas,1,50000,50000,Datafono,Celosias plumosas,,"hojas de punto de venta, cuenta poscdreamscanbloom (Drive)"
2026-09-05,36,Del Este,Cosecha Pequeño,1,105000,105000,Transferencia,Cosecha Pequeño,,"hojas de punto de venta, cuenta poscdreamscanbloom (Drive)"
2026-09-05,36,Del Este,My love dusty miller,1,75000,75000,Datafono,,,"hojas de punto de venta, cuenta poscdreamscanbloom (Drive)"
2026-09-05,36,Del Este,Paquete cristata plus,1,65000,65000,Datafono,Paquete cristata plus,,"hojas de punto de venta, cuenta poscdreamscanbloom (Drive)"
2026-09-05,36,Del Este,Paquete cristata plus,1,65000,65000,Efectivo,Paquete cristata plus,,"hojas de punto de venta, cuenta poscdreamscanbloom (Drive)"
2026-09-05,36,Jardines,Bocas de dragon,1,38000,38000,Transferencia,Bocas de dragón (paquete),,"hojas de punto de venta, cuenta poscdreamscanbloom (Drive)"
2026-09-05,36,Jardines,Bocas de dragon,1,38000,38000,Efectivo,Bocas de dragón (paquete),,"hojas de punto de venta, cuenta poscdreamscanbloom (Drive)"
2026-09-05,36,Jardines,Bocas de dragon,1,38000,38000,Transferencia,Bocas de dragón (paquete),,"hojas de punto de venta, cuenta poscdreamscanbloom (Drive)"
2026-09-05,36,Jardines,Bocas de dragon,1,38000,38000,Datafono,Bocas de dragón (paquete),,"hojas de punto de venta, cuenta poscdreamscanbloom (Drive)"
2026-09-05,36,Jardines,Bouquet forever Dream grande,1,140000,140000,Datafono,,,"hojas de punto de venta, cuenta poscdreamscanbloom (Drive)"
2026-09-05,36,Jardines,Bouquet forever Dream pequeño,1,85000,85000,Efectivo,,,"hojas de punto de venta, cuenta poscdreamscanbloom (Drive)"
2026-09-05,36,Jardines,Bouquet forever Dream pequeño,1,85000,85000,Transferencia,,,"hojas de punto de venta, cuenta poscdreamscanbloom (Drive)"
2026-09-05,36,Jardines,Bouquet petit,1,65000,65000,Transferencia,,,"hojas de punto de venta, cuenta poscdreamscanbloom (Drive)"
2026-09-05,36,Jardines,Campanula,1,50000,50000,Efectivo,Campanula (paquete),,"hojas de punto de venta, cuenta poscdreamscanbloom (Drive)"
2026-09-05,36,Jardines,Campanula,1,50000,50000,Datafono,Campanula (paquete),,"hojas de punto de venta, cuenta poscdreamscanbloom (Drive)"
2026-09-05,36,Jardines,Campanula,1,50000,50000,Transferencia,Campanula (paquete),,"hojas de punto de venta, cuenta poscdreamscanbloom (Drive)"
2026-09-05,36,Jardines,Celosias baby con follaje,1,75000,75000,Datafono,,trachellium y lisianthus,"hojas de punto de venta, cuenta poscdreamscanbloom (Drive)"
2026-09-05,36,Jardines,Celosias baby con follaje,1,75000,75000,Efectivo,,trachellium y lisianthus,"hojas de punto de venta, cuenta poscdreamscanbloom (Drive)"
2026-09-05,36,Jardines,Cosecha Pequeño,1,105000,105000,Datafono,Cosecha Pequeño,,"hojas de punto de venta, cuenta poscdreamscanbloom (Drive)"
2026-09-05,36,Jardines,Cosecha Pequeño,1,105000,105000,Efectivo,Cosecha Pequeño,,"hojas de punto de venta, cuenta poscdreamscanbloom (Drive)"
2026-09-05,36,Jardines,Cosecha Pequeño,1,105000,105000,Transferencia,Cosecha Pequeño,,"hojas de punto de venta, cuenta poscdreamscanbloom (Drive)"
2026-09-05,36,Jardines,Cristata y gomphenas,1,65000,65000,Efectivo,,,"hojas de punto de venta, cuenta poscdreamscanbloom (Drive)"
2026-09-05,36,Jardines,Greenery con lisianthus,1,75000,75000,Datafono,,,"hojas de punto de venta, cuenta poscdreamscanbloom (Drive)"
2026-09-05,36,San Lucas,Bocas de dragon,2,38000,57000,Datafono,Bocas de dragón (paquete),,"hojas de punto de venta, cuenta poscdreamscanbloom (Drive)"
2026-09-05,36,San Lucas,Cosecha Grande,1,125000,125000,Datafono,Cosecha Grande,,"hojas de punto de venta, cuenta poscdreamscanbloom (Drive)"
2026-09-05,36,San Lucas,Cosecha Grande,1,125000,125000,Transferencia,Cosecha Grande,,"hojas de punto de venta, cuenta poscdreamscanbloom (Drive)"
2026-09-05,36,San Lucas,Cristata y gomphenas,1,65000,65000,Transferencia,,,"hojas de punto de venta, cuenta poscdreamscanbloom (Drive)"
2026-09-05,36,San Lucas,Cristata y gomphenas,1,65000,65000,Datafono,,,"hojas de punto de venta, cuenta poscdreamscanbloom (Drive)"
2026-09-05,36,Tesoro,Bocas de dragon,1,38000,38000,Efectivo,Bocas de dragón (paquete),,"hojas de punto de venta, cuenta poscdreamscanbloom (Drive)"
2026-09-06,36,Del Este,Bocas de dragon,1,38000,38000,Transferencia,Bocas de dragón (paquete),,"hojas de punto de venta, cuenta poscdreamscanbloom (Drive)"
2026-09-06,36,Del Este,Bouquet forever Dream pequeño,2,85000,170000,Transferencia,,,"hojas de punto de venta, cuenta poscdreamscanbloom (Drive)"
2026-09-06,36,Del Este,Campanula,1,50000,50000,Datafono,Campanula (paquete),,"hojas de punto de venta, cuenta poscdreamscanbloom (Drive)"
2026-09-06,36,Del Este,Paquete cristata plus,1,65000,65000,Transferencia,Paquete cristata plus,,"hojas de punto de venta, cuenta poscdreamscanbloom (Drive)"
2026-09-06,36,Jardines,Bouquet forever Dream grande,1,140000,140000,Transferencia,,,"hojas de punto de venta, cuenta poscdreamscanbloom (Drive)"
2026-09-06,36,Jardines,Bouquet forever Dream pequeño,1,85000,85000,Efectivo,,,"hojas de punto de venta, cuenta poscdreamscanbloom (Drive)"
2026-09-06,36,Jardines,Bouquet petit,1,65000,0,Salida por daño,,,"hojas de punto de venta, cuenta poscdreamscanbloom (Drive)"
2026-09-06,36,Jardines,Cosecha Grande,1,125000,125000,Transferencia,Cosecha Grande,,"hojas de punto de venta, cuenta poscdreamscanbloom (Drive)"
2026-09-06,36,Jardines,Cosecha Grande,1,125000,125000,Efectivo,Cosecha Grande,,"hojas de punto de venta, cuenta poscdreamscanbloom (Drive)"
2026-09-06,36,Jardines,Dusty miller con colitas de conejo,1,50000,50000,Datafono,,,"hojas de punto de venta, cuenta poscdreamscanbloom (Drive)"
2026-09-06,36,Jardines,My love dusty miller,1,75000,75000,Transferencia,,,"hojas de punto de venta, cuenta poscdreamscanbloom (Drive)"
2026-09-06,36,Jardines,My love dusty miller,1,75000,75000,Transferencia,,,"hojas de punto de venta, cuenta poscdreamscanbloom (Drive)"
2026-09-06,36,Jardines,Paquete cristata plus,1,65000,65000,Transferencia,Paquete cristata plus,,"hojas de punto de venta, cuenta poscdreamscanbloom (Drive)"
2026-09-06,36,Jardines,Paquete trachellium,1,50000,40000,Datafono,,,"hojas de punto de venta, cuenta poscdreamscanbloom (Drive)"
2026-09-06,36,San Lucas,Esparragos con ammi,1,45000,45000,Efectivo,,,"hojas de punto de venta, cuenta poscdreamscanbloom (Drive)"
2026-09-06,36,San Lucas,My love dusty miller,1,75000,75000,Transferencia,,,"hojas de punto de venta, cuenta poscdreamscanbloom (Drive)"
2026-09-07,37,Del Este,Bocas de dragon,1,38000,38000,Datafono,Bocas de dragón (paquete),,"hojas de punto de venta, cuenta poscdreamscanbloom (Drive)"
2026-09-07,37,Del Este,Bocas de dragon,1,38000,38000,Transferencia,Bocas de dragón (paquete),,"hojas de punto de venta, cuenta poscdreamscanbloom (Drive)"
2026-09-07,37,Del Este,Bouquet Greenery,1,90000,90000,Efectivo,,,"hojas de punto de venta, cuenta poscdreamscanbloom (Drive)"
2026-09-07,37,Del Este,Bouquet forever Dream mediano,1,120000,120000,Online,,,"hojas de punto de venta, cuenta poscdreamscanbloom (Drive)"
2026-09-07,37,Del Este,Bouquet forever Dream pequeño,1,85000,85000,Transferencia,,,"hojas de punto de venta, cuenta poscdreamscanbloom (Drive)"
2026-09-07,37,Del Este,Campanula,1,50000,40000,,Campanula (paquete),,"hojas de punto de venta, cuenta poscdreamscanbloom (Drive)"
2026-09-07,37,Del Este,Cristata y gomphenas,1,65000,65000,Transferencia,,,"hojas de punto de venta, cuenta poscdreamscanbloom (Drive)"
2026-09-07,37,Jardines,Bocas de dragon,1,38000,38000,Datafono,Bocas de dragón (paquete),,"hojas de punto de venta, cuenta poscdreamscanbloom (Drive)"
2026-09-07,37,Jardines,Bouquet petit,1,65000,65000,Datafono,,,"hojas de punto de venta, cuenta poscdreamscanbloom (Drive)"
2026-09-07,37,Jardines,Cosecha Grande,1,125000,112500,Datafono,Cosecha Grande,,"hojas de punto de venta, cuenta poscdreamscanbloom (Drive)"
2026-09-07,37,Jardines,Dusty miller con colitas de conejo,1,50000,50000,Efectivo,,,"hojas de punto de venta, cuenta poscdreamscanbloom (Drive)"
2026-09-07,37,Jardines,My love dusty miller,1,75000,75000,Datafono,,,"hojas de punto de venta, cuenta poscdreamscanbloom (Drive)"
2026-09-07,37,San Lucas,Bocas de dragon,1,38000,38000,Transferencia,Bocas de dragón (paquete),,"hojas de punto de venta, cuenta poscdreamscanbloom (Drive)"
2026-09-07,37,San Lucas,Bouquet forever Dream mediano,1,120000,120000,Transferencia,,,"hojas de punto de venta, cuenta poscdreamscanbloom (Drive)"
2026-09-07,37,San Lucas,Campanula,1,50000,50000,Transferencia,Campanula (paquete),,"hojas de punto de venta, cuenta poscdreamscanbloom (Drive)"
2026-09-07,37,San Lucas,Cosecha Grande,1,125000,125000,Transferencia,Cosecha Grande,,"hojas de punto de venta, cuenta poscdreamscanbloom (Drive)"
2026-09-07,37,San Lucas,Cosecha Pequeño,1,105000,105000,Datafono,Cosecha Pequeño,,"hojas de punto de venta, cuenta poscdreamscanbloom (Drive)"
2026-09-07,37,San Lucas,Greenery con lisianthus,1,75000,75000,Efectivo,,,"hojas de punto de venta, cuenta poscdreamscanbloom (Drive)"
2026-09-07,37,San Lucas,My love dusty miller,1,75000,63750,Efectivo,,,"hojas de punto de venta, cuenta poscdreamscanbloom (Drive)"
2026-09-08,37,Del Este,Bocas de dragon,1,38000,38000,Datafono,Bocas de dragón (paquete),,"hojas de punto de venta, cuenta poscdreamscanbloom (Drive)"
2026-09-08,37,Del Este,Bocas de dragon,1,38000,34200,Transferencia,Bocas de dragón (paquete),,"hojas de punto de venta, cuenta poscdreamscanbloom (Drive)"
2026-09-08,37,Del Este,Bocas de dragon,1,38000,34200,Datafono,Bocas de dragón (paquete),,"hojas de punto de venta, cuenta poscdreamscanbloom (Drive)"
2026-09-08,37,Del Este,Cristata y gomphenas,2,65000,0,Salida por daño,,,"hojas de punto de venta, cuenta poscdreamscanbloom (Drive)"
2026-09-08,37,Del Este,Cristata y gomphenas,2,65000,130000,Datafono,,,"hojas de punto de venta, cuenta poscdreamscanbloom (Drive)"
2026-09-08,37,Del Este,Dusty miller con colitas de conejo,1,50000,50000,Transferencia,,,"hojas de punto de venta, cuenta poscdreamscanbloom (Drive)"
2026-09-08,37,Del Este,Dusty miller con colitas de conejo,1,50000,45000,Transferencia,,,"hojas de punto de venta, cuenta poscdreamscanbloom (Drive)"
2026-09-08,37,Del Este,Dusty miller con colitas de conejo,1,50000,42500,Transferencia,,,"hojas de punto de venta, cuenta poscdreamscanbloom (Drive)"
2026-09-08,37,Del Este,Gomphrenas,1,45000,33750,Efectivo,Gomphrenas (paquete grande),,"hojas de punto de venta, cuenta poscdreamscanbloom (Drive)"
2026-09-08,37,Del Este,Paquete ammi majus,1,45000,0,Salida por daño,,,"hojas de punto de venta, cuenta poscdreamscanbloom (Drive)"
2026-09-08,37,Jardines,Bocas de dragon,1,38000,38000,Transferencia,Bocas de dragón (paquete),,"hojas de punto de venta, cuenta poscdreamscanbloom (Drive)"
2026-09-08,37,Jardines,Bouquet forever Dream grande,1,140000,140000,Datafono,,,"hojas de punto de venta, cuenta poscdreamscanbloom (Drive)"
2026-09-08,37,Jardines,Bouquet forever Dream mediano,2,120000,240000,Efectivo,,,"hojas de punto de venta, cuenta poscdreamscanbloom (Drive)"
2026-09-08,37,Jardines,Bouquet forever Dream mediano,1,120000,120000,Transferencia,,,"hojas de punto de venta, cuenta poscdreamscanbloom (Drive)"
2026-09-08,37,Jardines,Campanula,1,50000,50000,Datafono,Campanula (paquete),,"hojas de punto de venta, cuenta poscdreamscanbloom (Drive)"
2026-09-08,37,Jardines,Cosecha Grande,1,125000,112500,Datafono,Cosecha Grande,,"hojas de punto de venta, cuenta poscdreamscanbloom (Drive)"
2026-09-08,37,Jardines,Cosecha Grande,1,125000,125000,Datafono,Cosecha Grande,,"hojas de punto de venta, cuenta poscdreamscanbloom (Drive)"
2026-09-08,37,Jardines,Cosecha Pequeño,1,105000,105000,Datafono,Cosecha Pequeño,,"hojas de punto de venta, cuenta poscdreamscanbloom (Drive)"
2026-09-08,37,Jardines,Cristata y gomphenas,1,65000,65000,Datafono,,,"hojas de punto de venta, cuenta poscdreamscanbloom (Drive)"
2026-09-08,37,Jardines,Cristata y gomphenas,1,65000,65000,Datafono,,,"hojas de punto de venta, cuenta poscdreamscanbloom (Drive)"
2026-09-08,37,Jardines,Matricaria,1,45000,0,Obsequio,,por compra de cosecha grande,"hojas de punto de venta, cuenta poscdreamscanbloom (Drive)"
2026-09-08,37,Jardines,Paquete ammi majus,1,45000,36000,Datafono,,35.000 descuento autorizado por Vanesa,"hojas de punto de venta, cuenta poscdreamscanbloom (Drive)"
2026-09-08,37,San Lucas,Bocas de dragon,1,38000,38000,Datafono,Bocas de dragón (paquete),,"hojas de punto de venta, cuenta poscdreamscanbloom (Drive)"
2026-09-08,37,San Lucas,Bocas de dragon,1,38000,28500,Transferencia,Bocas de dragón (paquete),,"hojas de punto de venta, cuenta poscdreamscanbloom (Drive)"
2026-09-08,37,San Lucas,Bocas de dragon,1,38000,38000,Datafono,Bocas de dragón (paquete),,"hojas de punto de venta, cuenta poscdreamscanbloom (Drive)"
2026-09-08,37,San Lucas,Campanula,1,50000,50000,Efectivo,Campanula (paquete),,"hojas de punto de venta, cuenta poscdreamscanbloom (Drive)"
2026-09-08,37,San Lucas,Cristata y gomphenas,1,65000,65000,Datafono,,,"hojas de punto de venta, cuenta poscdreamscanbloom (Drive)"
2026-09-08,37,San Lucas,Edicion especial lisianthus pink,1,75000,75000,Datafono,,"Paquete de Lisianthus, trachellium y campanulas","hojas de punto de venta, cuenta poscdreamscanbloom (Drive)"
2026-09-08,37,San Lucas,Edicion especial lisianthus pink,1,75000,75000,Datafono,,,"hojas de punto de venta, cuenta poscdreamscanbloom (Drive)"
2026-09-08,37,San Lucas,My love dusty miller,1,75000,75000,Datafono,,,"hojas de punto de venta, cuenta poscdreamscanbloom (Drive)"
2026-09-08,37,Tesoro,Campanula,1,50000,50000,Transferencia,Campanula (paquete),,"hojas de punto de venta, cuenta poscdreamscanbloom (Drive)"
2026-09-08,37,Tesoro,Cosecha Grande,1,125000,125000,Transferencia,Cosecha Grande,,"hojas de punto de venta, cuenta poscdreamscanbloom (Drive)"
2026-09-09,37,Del Este,Cosecha Grande,1,125000,125000,Transferencia,Cosecha Grande,,"hojas de punto de venta, cuenta poscdreamscanbloom (Drive)"
2026-09-09,37,San Lucas,Bocas de dragon,1,38000,38000,Efectivo,Bocas de dragón (paquete),,"hojas de punto de venta, cuenta poscdreamscanbloom (Drive)"
2026-09-09,37,San Lucas,Campanula,1,50000,50000,Efectivo,Campanula (paquete),,"hojas de punto de venta, cuenta poscdreamscanbloom (Drive)"
2026-09-09,37,San Lucas,Campanula,1,50000,50000,Efectivo,Campanula (paquete),,"hojas de punto de venta, cuenta poscdreamscanbloom (Drive)"
2026-09-09,37,San Lucas,Cosecha Grande,1,125000,125000,Datafono,Cosecha Grande,,"hojas de punto de venta, cuenta poscdreamscanbloom (Drive)"
2026-09-09,37,San Lucas,Cosecha Pequeño,1,105000,105000,Transferencia,Cosecha Pequeño,,"hojas de punto de venta, cuenta poscdreamscanbloom (Drive)"
2026-09-09,37,San Lucas,Cristata y gomphenas,1,65000,65000,Transferencia,,,"hojas de punto de venta, cuenta poscdreamscanbloom (Drive)"
2026-09-09,37,San Lucas,Dusty miller con colitas de conejo,1,50000,50000,Datafono,,,"hojas de punto de venta, cuenta poscdreamscanbloom (Drive)"
2026-09-09,37,Tesoro,Bocas de dragon,1,38000,38000,Transferencia,Bocas de dragón (paquete),,"hojas de punto de venta, cuenta poscdreamscanbloom (Drive)"
2026-09-09,37,Tesoro,Bocas de dragon,1,38000,38000,Datafono,Bocas de dragón (paquete),,"hojas de punto de venta, cuenta poscdreamscanbloom (Drive)"
2026-09-09,37,Tesoro,Bocas de dragon,1,38000,34200,Efectivo,Bocas de dragón (paquete),,"hojas de punto de venta, cuenta poscdreamscanbloom (Drive)"
2026-09-09,37,Tesoro,Bouquet forever Dream mediano,1,120000,120000,Datafono,,,"hojas de punto de venta, cuenta poscdreamscanbloom (Drive)"
2026-09-09,37,Tesoro,Campanula,1,50000,50000,Transferencia,Campanula (paquete),,"hojas de punto de venta, cuenta poscdreamscanbloom (Drive)"
2026-09-09,37,Tesoro,Cosecha Grande,1,125000,125000,Datafono,Cosecha Grande,,"hojas de punto de venta, cuenta poscdreamscanbloom (Drive)"
2026-09-09,37,Tesoro,Cosecha Pequeño,1,105000,105000,Datafono,Cosecha Pequeño,,"hojas de punto de venta, cuenta poscdreamscanbloom (Drive)"
2026-09-09,37,Tesoro,My love,1,65000,65000,Transferencia,,,"hojas de punto de venta, cuenta poscdreamscanbloom (Drive)"
2026-09-09,37,Tesoro,Paquete cristata plus,1,65000,65000,Datafono,Paquete cristata plus,,"hojas de punto de venta, cuenta poscdreamscanbloom (Drive)"
2026-09-10,37,Del Este,Bocas de dragon,1,38000,38000,Datafono,Bocas de dragón (paquete),,"hojas de punto de venta, cuenta poscdreamscanbloom (Drive)"
2026-09-10,37,Del Este,Bocas de dragon,1,38000,32300,Datafono,Bocas de dragón (paquete),,"hojas de punto de venta, cuenta poscdreamscanbloom (Drive)"
2026-09-10,37,Del Este,Bouquet forever Dream mediano,1,120000,0,Salida por daño,,,"hojas de punto de venta, cuenta poscdreamscanbloom (Drive)"
2026-09-10,37,Del Este,Campanula,2,50000,0,Salida por daño,Campanula (paquete),,"hojas de punto de venta, cuenta poscdreamscanbloom (Drive)"
2026-09-10,37,Del Este,Cristata y gomphenas,1,65000,58500,Transferencia,,,"hojas de punto de venta, cuenta poscdreamscanbloom (Drive)"
2026-09-10,37,Del Este,Cristata y gomphenas,1,65000,58500,Datafono,,,"hojas de punto de venta, cuenta poscdreamscanbloom (Drive)"
2026-09-10,37,Del Este,Dusty miller con colitas de conejo,2,50000,100000,Efectivo,,,"hojas de punto de venta, cuenta poscdreamscanbloom (Drive)"
2026-09-10,37,Del Este,Edicion especial lisianthus,3,75000,202500,Datafono,Edicion Especial Lisianthus,,"hojas de punto de venta, cuenta poscdreamscanbloom (Drive)"
2026-09-10,37,Del Este,Paquete trachellium,1,50000,45000,Efectivo,,,"hojas de punto de venta, cuenta poscdreamscanbloom (Drive)"
2026-09-10,37,Jardines,Bocas de dragon,1,38000,38000,Datafono,Bocas de dragón (paquete),,"hojas de punto de venta, cuenta poscdreamscanbloom (Drive)"
2026-09-10,37,Jardines,Bocas de dragon,1,38000,38000,Efectivo,Bocas de dragón (paquete),,"hojas de punto de venta, cuenta poscdreamscanbloom (Drive)"
2026-09-10,37,Jardines,Campanula,1,50000,50000,Datafono,Campanula (paquete),,"hojas de punto de venta, cuenta poscdreamscanbloom (Drive)"
2026-09-10,37,Jardines,Cosecha Grande,1,125000,125000,Datafono,Cosecha Grande,,"hojas de punto de venta, cuenta poscdreamscanbloom (Drive)"
2026-09-10,37,Jardines,Cosecha Grande,1,125000,125000,Datafono,Cosecha Grande,,"hojas de punto de venta, cuenta poscdreamscanbloom (Drive)"
2026-09-10,37,Jardines,Cosecha Pequeño,1,105000,105000,Datafono,Cosecha Pequeño,,"hojas de punto de venta, cuenta poscdreamscanbloom (Drive)"
2026-09-10,37,Jardines,Cosecha Pequeño,1,105000,105000,Datafono,Cosecha Pequeño,,"hojas de punto de venta, cuenta poscdreamscanbloom (Drive)"
2026-09-10,37,Jardines,Cristata y gomphenas,2,65000,130000,Transferencia,,,"hojas de punto de venta, cuenta poscdreamscanbloom (Drive)"
2026-09-10,37,Jardines,Cristata y gomphenas,2,65000,130000,Datafono,,,"hojas de punto de venta, cuenta poscdreamscanbloom (Drive)"
2026-09-10,37,Jardines,Cristata y gomphenas,1,65000,65000,Datafono,,,"hojas de punto de venta, cuenta poscdreamscanbloom (Drive)"
2026-09-10,37,Jardines,Dusty miller con colitas de conejo,1,50000,50000,Efectivo,,,"hojas de punto de venta, cuenta poscdreamscanbloom (Drive)"
2026-09-10,37,Jardines,Dusty miller con colitas de conejo,1,50000,32500,Online,,"25,000.00","hojas de punto de venta, cuenta poscdreamscanbloom (Drive)"
2026-09-10,37,Jardines,Dusty miller con colitas de conejo,1,50000,35000,Efectivo,,,"hojas de punto de venta, cuenta poscdreamscanbloom (Drive)"
2026-09-10,37,Jardines,Green ball,1,40000,36000,Transferencia,Green ball (paquete),,"hojas de punto de venta, cuenta poscdreamscanbloom (Drive)"
2026-09-10,37,Jardines,Green ball,1,40000,36000,Datafono,Green ball (paquete),,"hojas de punto de venta, cuenta poscdreamscanbloom (Drive)"
2026-09-10,37,Jardines,Paquete ammi majus,2,45000,58500,Online,,"29,750.00","hojas de punto de venta, cuenta poscdreamscanbloom (Drive)"
2026-09-10,37,San Lucas,Cristata y gomphenas,1,65000,65000,Transferencia,,,"hojas de punto de venta, cuenta poscdreamscanbloom (Drive)"
2026-09-10,37,San Lucas,Mon amour,1,85000,85000,Efectivo,,Greenery con Lisianthus blancos,"hojas de punto de venta, cuenta poscdreamscanbloom (Drive)"
2026-09-10,37,Tesoro,Bouquet forever Dream grande,1,140000,140000,Datafono,,,"hojas de punto de venta, cuenta poscdreamscanbloom (Drive)"
2026-09-10,37,Tesoro,Bouquet forever Dream grande,1,140000,140000,Datafono,,,"hojas de punto de venta, cuenta poscdreamscanbloom (Drive)"
2026-09-10,37,Tesoro,Celosias baby con follaje,1,75000,75000,Datafono,,,"hojas de punto de venta, cuenta poscdreamscanbloom (Drive)"
2026-09-10,37,Tesoro,Cosecha Grande,1,125000,125000,Efectivo,Cosecha Grande,,"hojas de punto de venta, cuenta poscdreamscanbloom (Drive)"
2026-09-10,37,Tesoro,Cristata y gomphenas,2,65000,130000,Efectivo,,,"hojas de punto de venta, cuenta poscdreamscanbloom (Drive)"
2026-09-10,37,Tesoro,My love,1,65000,65000,Efectivo,,,"hojas de punto de venta, cuenta poscdreamscanbloom (Drive)"
